record_kind,target,prev_id,next_id,offset,v101101_native_offset,v101103_break_evidence,classification,final_action,speaker_before,speaker_after,quote_role_around_boundary,RA19B_flow_action,reason,evidence_path
CURRENT_V101103_LOCAL_BREAK,PASSION24.HOUR.01.P008,,,87,,present,V101102_PLUS_DIVINE_START_BOUNDARY_REMOVE,REMOVE,,MARY,,,Boundary is at a v101.103 divine presentation-run start with no matching v101.101 speech-end boundary; speaker change alone is not paragraph authority.,v101103/index.html + v101101/index.html
CURRENT_V101103_LOCAL_BREAK,PASSION24.HOUR.01.P008,,,111,110,present,V101101_SPEECH_END_BOUNDARY_KEEP,REMOVE,MARY,,,,v101.103 boundary is displaced from native v101.101 offset 110; remove current offset and restore native offset.,v101103/index.html + v101101/index.html
CURRENT_V101103_LOCAL_BREAK,PASSION24.HOUR.01.P014,,,94,,present,V101102_PLUS_DIVINE_START_BOUNDARY_REMOVE,REMOVE,,MARY,,,Boundary is at a v101.103 divine presentation-run start with no matching v101.101 speech-end boundary; speaker change alone is not paragraph authority.,v101103/index.html + v101101/index.html
CURRENT_V101103_LOCAL_BREAK,PASSION24.HOUR.01.P014,,,120,119,present,V101101_SPEECH_END_BOUNDARY_KEEP,REMOVE,MARY,,,,v101.103 boundary is displaced from native v101.101 offset 119; remove current offset and restore native offset.,v101103/index.html + v101101/index.html
CURRENT_V101103_LOCAL_BREAK,PASSION24.HOUR.02.P012,,,264,,present,V101102_PLUS_DIVINE_START_BOUNDARY_REMOVE,REMOVE,,JESUS,,,Boundary is at a v101.103 divine presentation-run start with no matching v101.101 speech-end boundary; speaker change alone is not paragraph authority.,v101103/index.html + v101101/index.html
CURRENT_V101103_LOCAL_BREAK,PASSION24.HOUR.02.P014,,,204,203,present,V101101_SPEECH_END_BOUNDARY_KEEP,REMOVE,JESUS,,,,v101.103 boundary is displaced from native v101.101 offset 203; remove current offset and restore native offset.,v101103/index.html + v101101/index.html
CURRENT_V101103_LOCAL_BREAK,PASSION24.HOUR.02.P015,,,15,,present,V101102_PLUS_DIVINE_START_BOUNDARY_REMOVE,REMOVE,,JESUS,,,Boundary is at a v101.103 divine presentation-run start with no matching v101.101 speech-end boundary; speaker change alone is not paragraph authority.,v101103/index.html + v101101/index.html
CURRENT_V101103_LOCAL_BREAK,PASSION24.HOUR.02.P015,,,148,147,present,V101101_SPEECH_END_BOUNDARY_KEEP,REMOVE,JESUS,,,,v101.103 boundary is displaced from native v101.101 offset 147; remove current offset and restore native offset.,v101103/index.html + v101101/index.html
CURRENT_V101103_LOCAL_BREAK,PASSION24.HOUR.04.P034,,,114,113,present,V101101_SPEECH_END_BOUNDARY_KEEP,REMOVE,JESUS,,,,v101.103 boundary is displaced from native v101.101 offset 113; remove current offset and restore native offset.,v101103/index.html + v101101/index.html
CURRENT_V101103_LOCAL_BREAK,PASSION24.HOUR.04.P062,,,21,,present,V101102_PLUS_DIVINE_START_BOUNDARY_REMOVE,REMOVE,,JESUS,,,Boundary is at a v101.103 divine presentation-run start with no matching v101.101 speech-end boundary; speaker change alone is not paragraph authority.,v101103/index.html + v101101/index.html
CURRENT_V101103_LOCAL_BREAK,PASSION24.HOUR.04.P065,,,94,93,present,V101101_SPEECH_END_BOUNDARY_KEEP,REMOVE,JESUS,,,,v101.103 boundary is displaced from native v101.101 offset 93; remove current offset and restore native offset.,v101103/index.html + v101101/index.html
CURRENT_V101103_LOCAL_BREAK,PASSION24.HOUR.05.P009,,,60,,present,V101102_PLUS_DIVINE_START_BOUNDARY_REMOVE,REMOVE,,JESUS,,,Boundary is at a v101.103 divine presentation-run start with no matching v101.101 speech-end boundary; speaker change alone is not paragraph authority.,v101103/index.html + v101101/index.html
CURRENT_V101103_LOCAL_BREAK,PASSION24.HOUR.05.P028,,,484,483,present,V101101_SPEECH_END_BOUNDARY_KEEP,REMOVE,JESUS,,,,v101.103 boundary is displaced from native v101.101 offset 483; remove current offset and restore native offset.,v101103/index.html + v101101/index.html
CURRENT_V101103_LOCAL_BREAK,PASSION24.HOUR.05.REF.P005,,,143,142,present,V101101_SPEECH_END_BOUNDARY_KEEP,REMOVE,JESUS,,,,v101.103 boundary is displaced from native v101.101 offset 142; remove current offset and restore native offset.,v101103/index.html + v101101/index.html
CURRENT_V101103_LOCAL_BREAK,PASSION24.HOUR.06.P012,,,107,106,present,V101101_SPEECH_END_BOUNDARY_KEEP,REMOVE,JESUS,,,,v101.103 boundary is displaced from native v101.101 offset 106; remove current offset and restore native offset.,v101103/index.html + v101101/index.html
CURRENT_V101103_LOCAL_BREAK,PASSION24.HOUR.07.P007,,,166,165,present,V101101_SPEECH_END_BOUNDARY_KEEP,REMOVE,JESUS,,,,v101.103 boundary is displaced from native v101.101 offset 165; remove current offset and restore native offset.,v101103/index.html + v101101/index.html
CURRENT_V101103_LOCAL_BREAK,PASSION24.HOUR.07.P015,,,148,147,present,V101101_SPEECH_END_BOUNDARY_KEEP,REMOVE,JESUS,,,,v101.103 boundary is displaced from native v101.101 offset 147; remove current offset and restore native offset.,v101103/index.html + v101101/index.html
CURRENT_V101103_LOCAL_BREAK,PASSION24.HOUR.07.P030,,,23,22,present,V101101_SPEECH_END_BOUNDARY_KEEP,REMOVE,JESUS,,,,v101.103 boundary is displaced from native v101.101 offset 22; remove current offset and restore native offset.,v101103/index.html + v101101/index.html
CURRENT_V101103_LOCAL_BREAK,PASSION24.HOUR.07.P117,,,229,228,present,V101101_SPEECH_END_BOUNDARY_KEEP,REMOVE,JESUS,,,,v101.103 boundary is displaced from native v101.101 offset 228; remove current offset and restore native offset.,v101103/index.html + v101101/index.html
CURRENT_V101103_LOCAL_BREAK,PASSION24.HOUR.07.P125,,,129,128,present,V101101_SPEECH_END_BOUNDARY_KEEP,REMOVE,JESUS,,,,v101.103 boundary is displaced from native v101.101 offset 128; remove current offset and restore native offset.,v101103/index.html + v101101/index.html
CURRENT_V101103_LOCAL_BREAK,PASSION24.HOUR.08.P007,,,75,,present,V101102_PLUS_DIVINE_START_BOUNDARY_REMOVE,REMOVE,,JESUS,,,Boundary is at a v101.103 divine presentation-run start with no matching v101.101 speech-end boundary; speaker change alone is not paragraph authority.,v101103/index.html + v101101/index.html
CURRENT_V101103_LOCAL_BREAK,PASSION24.HOUR.08.P007,,,112,111,present,V101101_SPEECH_END_BOUNDARY_KEEP,REMOVE,JESUS,,,,v101.103 boundary is displaced from native v101.101 offset 111; remove current offset and restore native offset.,v101103/index.html + v101101/index.html
CURRENT_V101103_LOCAL_BREAK,PASSION24.HOUR.08.P008,,,43,42,present,V101101_SPEECH_END_BOUNDARY_KEEP,REMOVE,JESUS,,,,v101.103 boundary is displaced from native v101.101 offset 42; remove current offset and restore native offset.,v101103/index.html + v101101/index.html
CURRENT_V101103_LOCAL_BREAK,PASSION24.HOUR.08.P009,,,14,,present,V101102_PLUS_DIVINE_START_BOUNDARY_REMOVE,REMOVE,,JESUS,,,Boundary is at a v101.103 divine presentation-run start with no matching v101.101 speech-end boundary; speaker change alone is not paragraph authority.,v101103/index.html + v101101/index.html
CURRENT_V101103_LOCAL_BREAK,PASSION24.HOUR.08.P009,,,43,42,present,V101101_SPEECH_END_BOUNDARY_KEEP,REMOVE,JESUS,JESUS,,,v101.103 boundary is displaced from native v101.101 offset 42; remove current offset and restore native offset.,v101103/index.html + v101101/index.html
CURRENT_V101103_LOCAL_BREAK,PASSION24.HOUR.08.P009,,,112,,present,V101102_PLUS_DIVINE_START_BOUNDARY_REMOVE,REMOVE,JESUS,JESUS,,,Boundary is at a v101.103 divine presentation-run start with no matching v101.101 speech-end boundary; speaker change alone is not paragraph authority.,v101103/index.html + v101101/index.html
CURRENT_V101103_LOCAL_BREAK,PASSION24.HOUR.08.P009,,,141,140,present,V101101_SPEECH_END_BOUNDARY_KEEP,REMOVE,JESUS,,,,v101.103 boundary is displaced from native v101.101 offset 140; remove current offset and restore native offset.,v101103/index.html + v101101/index.html
CURRENT_V101103_LOCAL_BREAK,PASSION24.HOUR.08.P012,,,298,,present,V101102_PLUS_DIVINE_START_BOUNDARY_REMOVE,REMOVE,,JESUS,,,Boundary is at a v101.103 divine presentation-run start with no matching v101.101 speech-end boundary; speaker change alone is not paragraph authority.,v101103/index.html + v101101/index.html
CURRENT_V101103_LOCAL_BREAK,PASSION24.HOUR.08.P014,,,22,,present,V101102_PLUS_DIVINE_START_BOUNDARY_REMOVE,REMOVE,,JESUS,,,Boundary is at a v101.103 divine presentation-run start with no matching v101.101 speech-end boundary; speaker change alone is not paragraph authority.,v101103/index.html + v101101/index.html
CURRENT_V101103_LOCAL_BREAK,PASSION24.HOUR.08.P014,,,35,34,present,V101101_SPEECH_END_BOUNDARY_KEEP,REMOVE,JESUS,,,,v101.103 boundary is displaced from native v101.101 offset 34; remove current offset and restore native offset.,v101103/index.html + v101101/index.html
CURRENT_V101103_LOCAL_BREAK,PASSION24.HOUR.09.P006,,,39,,present,V101102_PLUS_DIVINE_START_BOUNDARY_REMOVE,REMOVE,,JESUS,,,Boundary is at a v101.103 divine presentation-run start with no matching v101.101 speech-end boundary; speaker change alone is not paragraph authority.,v101103/index.html + v101101/index.html
CURRENT_V101103_LOCAL_BREAK,PASSION24.HOUR.09.P010,,,148,147,present,V101101_SPEECH_END_BOUNDARY_KEEP,REMOVE,JESUS,,,,v101.103 boundary is displaced from native v101.101 offset 147; remove current offset and restore native offset.,v101103/index.html + v101101/index.html
CURRENT_V101103_LOCAL_BREAK,PASSION24.HOUR.10.P002,,,141,,present,V101102_PLUS_DIVINE_START_BOUNDARY_REMOVE,REMOVE,,JESUS,,,Boundary is at a v101.103 divine presentation-run start with no matching v101.101 speech-end boundary; speaker change alone is not paragraph authority.,v101103/index.html + v101101/index.html
CURRENT_V101103_LOCAL_BREAK,PASSION24.HOUR.10.P002,,,207,206,present,V101101_SPEECH_END_BOUNDARY_KEEP,REMOVE,JESUS,,,,v101.103 boundary is displaced from native v101.101 offset 206; remove current offset and restore native offset.,v101103/index.html + v101101/index.html
CURRENT_V101103_LOCAL_BREAK,PASSION24.HOUR.11.P006,,,196,,present,V101102_PLUS_DIVINE_START_BOUNDARY_REMOVE,REMOVE,,JESUS,,,Boundary is at a v101.103 divine presentation-run start with no matching v101.101 speech-end boundary; speaker change alone is not paragraph authority.,v101103/index.html + v101101/index.html
CURRENT_V101103_LOCAL_BREAK,PASSION24.HOUR.11.P010,,,142,141,present,V101101_SPEECH_END_BOUNDARY_KEEP,REMOVE,JESUS,,,,v101.103 boundary is displaced from native v101.101 offset 141; remove current offset and restore native offset.,v101103/index.html + v101101/index.html
CURRENT_V101103_LOCAL_BREAK,PASSION24.HOUR.11.P021,,,252,251,present,V101101_SPEECH_END_BOUNDARY_KEEP,REMOVE,JESUS,,,,v101.103 boundary is displaced from native v101.101 offset 251; remove current offset and restore native offset.,v101103/index.html + v101101/index.html
CURRENT_V101103_LOCAL_BREAK,PASSION24.HOUR.11.P030,,,126,126,present,V101101_SPEECH_END_BOUNDARY_KEEP,KEEP,JESUS,,,,Exact v101.101 speech-end boundary exists at this offset.,v101103/index.html + v101101/index.html
CURRENT_V101103_LOCAL_BREAK,PASSION24.HOUR.13.P005,,,18,,present,V101102_PLUS_DIVINE_START_BOUNDARY_REMOVE,REMOVE,,JESUS,,,Boundary is at a v101.103 divine presentation-run start with no matching v101.101 speech-end boundary; speaker change alone is not paragraph authority.,v101103/index.html + v101101/index.html
CURRENT_V101103_LOCAL_BREAK,PASSION24.HOUR.13.P005,,,148,147,present,V101101_SPEECH_END_BOUNDARY_KEEP,REMOVE,JESUS,,,,v101.103 boundary is displaced from native v101.101 offset 147; remove current offset and restore native offset.,v101103/index.html + v101101/index.html
CURRENT_V101103_LOCAL_BREAK,PASSION24.HOUR.14.P004,,,95,,present,V101102_PLUS_DIVINE_START_BOUNDARY_REMOVE,REMOVE,,JESUS,,,Boundary is at a v101.103 divine presentation-run start with no matching v101.101 speech-end boundary; speaker change alone is not paragraph authority.,v101103/index.html + v101101/index.html
CURRENT_V101103_LOCAL_BREAK,PASSION24.HOUR.15.P005,,,163,162,present,V101101_SPEECH_END_BOUNDARY_KEEP,REMOVE,JESUS,,,,v101.103 boundary is displaced from native v101.101 offset 162; remove current offset and restore native offset.,v101103/index.html + v101101/index.html
CURRENT_V101103_LOCAL_BREAK,PASSION24.HOUR.15.P006,,,19,,present,V101102_PLUS_DIVINE_START_BOUNDARY_REMOVE,REMOVE,,JESUS,,,Boundary is at a v101.103 divine presentation-run start with no matching v101.101 speech-end boundary; speaker change alone is not paragraph authority.,v101103/index.html + v101101/index.html
CURRENT_V101103_LOCAL_BREAK,PASSION24.HOUR.16.P015,,,104,103,present,V101101_SPEECH_END_BOUNDARY_KEEP,REMOVE,JESUS,,,,v101.103 boundary is displaced from native v101.101 offset 103; remove current offset and restore native offset.,v101103/index.html + v101101/index.html
CURRENT_V101103_LOCAL_BREAK,PASSION24.HOUR.16.P028,,,77,76,present,V101101_SPEECH_END_BOUNDARY_KEEP,REMOVE,JESUS,,,,v101.103 boundary is displaced from native v101.101 offset 76; remove current offset and restore native offset.,v101103/index.html + v101101/index.html
CURRENT_V101103_LOCAL_BREAK,PASSION24.HOUR.16.P045,,,194,193,present,V101101_SPEECH_END_BOUNDARY_KEEP,REMOVE,JESUS,,,,v101.103 boundary is displaced from native v101.101 offset 193; remove current offset and restore native offset.,v101103/index.html + v101101/index.html
CURRENT_V101103_LOCAL_BREAK,PASSION24.HOUR.17.P014,,,48,47,present,V101101_SPEECH_END_BOUNDARY_KEEP,REMOVE,JESUS,,,,v101.103 boundary is displaced from native v101.101 offset 47; remove current offset and restore native offset.,v101103/index.html + v101101/index.html
CURRENT_V101103_LOCAL_BREAK,PASSION24.HOUR.17.P024,,,183,,present,V101102_PLUS_DIVINE_START_BOUNDARY_REMOVE,REMOVE,,JESUS,,,Boundary is at a v101.103 divine presentation-run start with no matching v101.101 speech-end boundary; speaker change alone is not paragraph authority.,v101103/index.html + v101101/index.html
CURRENT_V101103_LOCAL_BREAK,PASSION24.HOUR.17.P027,,,155,155,present,V101101_SPEECH_END_BOUNDARY_KEEP,KEEP,JESUS,,,,Exact v101.101 speech-end boundary exists at this offset.,v101103/index.html + v101101/index.html
CURRENT_V101103_LOCAL_BREAK,PASSION24.HOUR.17.P044,,,294,293,present,V101101_SPEECH_END_BOUNDARY_KEEP,REMOVE,JESUS,,,,v101.103 boundary is displaced from native v101.101 offset 293; remove current offset and restore native offset.,v101103/index.html + v101101/index.html
CURRENT_V101103_LOCAL_BREAK,PASSION24.HOUR.17.P048,,,116,,present,V101102_PLUS_DIVINE_START_BOUNDARY_REMOVE,REMOVE,,JESUS,,,Boundary is at a v101.103 divine presentation-run start with no matching v101.101 speech-end boundary; speaker change alone is not paragraph authority.,v101103/index.html + v101101/index.html
CURRENT_V101103_LOCAL_BREAK,PASSION24.HOUR.17.P058,,,65,,present,V101102_PLUS_DIVINE_START_BOUNDARY_REMOVE,REMOVE,,FATHER,,,Boundary is at a v101.103 divine presentation-run start with no matching v101.101 speech-end boundary; speaker change alone is not paragraph authority.,v101103/index.html + v101101/index.html
CURRENT_V101103_LOCAL_BREAK,PASSION24.HOUR.17.P059,,,99,,present,V101102_PLUS_DIVINE_START_BOUNDARY_REMOVE,REMOVE,,MARY,,,Boundary is at a v101.103 divine presentation-run start with no matching v101.101 speech-end boundary; speaker change alone is not paragraph authority.,v101103/index.html + v101101/index.html
CURRENT_V101103_LOCAL_BREAK,PASSION24.HOUR.18.P028,,,119,,present,V101102_PLUS_DIVINE_START_BOUNDARY_REMOVE,REMOVE,,JESUS,,,Boundary is at a v101.103 divine presentation-run start with no matching v101.101 speech-end boundary; speaker change alone is not paragraph authority.,v101103/index.html + v101101/index.html
CURRENT_V101103_LOCAL_BREAK,PASSION24.HOUR.18.P031,,,157,156,present,V101101_SPEECH_END_BOUNDARY_KEEP,REMOVE,JESUS,,,,v101.103 boundary is displaced from native v101.101 offset 156; remove current offset and restore native offset.,v101103/index.html + v101101/index.html
CURRENT_V101103_LOCAL_BREAK,PASSION24.HOUR.18.P111,,,189,,present,V101102_PLUS_DIVINE_START_BOUNDARY_REMOVE,REMOVE,,JESUS,,,Boundary is at a v101.103 divine presentation-run start with no matching v101.101 speech-end boundary; speaker change alone is not paragraph authority.,v101103/index.html + v101101/index.html
CURRENT_V101103_LOCAL_BREAK,PASSION24.HOUR.18.P113,,,149,148,present,V101101_SPEECH_END_BOUNDARY_KEEP,REMOVE,JESUS,,,,v101.103 boundary is displaced from native v101.101 offset 148; remove current offset and restore native offset.,v101103/index.html + v101101/index.html
CURRENT_V101103_LOCAL_BREAK,PASSION24.HOUR.19.P018,,,96,95,present,V101101_SPEECH_END_BOUNDARY_KEEP,REMOVE,JESUS,,,,v101.103 boundary is displaced from native v101.101 offset 95; remove current offset and restore native offset.,v101103/index.html + v101101/index.html
CURRENT_V101103_LOCAL_BREAK,PASSION24.HOUR.19.P097,,,564,,present,V101102_PLUS_DIVINE_START_BOUNDARY_REMOVE,REMOVE,,JESUS,,,Boundary is at a v101.103 divine presentation-run start with no matching v101.101 speech-end boundary; speaker change alone is not paragraph authority.,v101103/index.html + v101101/index.html
CURRENT_V101103_LOCAL_BREAK,PASSION24.HOUR.19.P121,,,360,,present,V101102_PLUS_DIVINE_START_BOUNDARY_REMOVE,REMOVE,,JESUS,,,Boundary is at a v101.103 divine presentation-run start with no matching v101.101 speech-end boundary; speaker change alone is not paragraph authority.,v101103/index.html + v101101/index.html
CURRENT_V101103_LOCAL_BREAK,PASSION24.HOUR.19.P126,,,146,145,present,V101101_SPEECH_END_BOUNDARY_KEEP,REMOVE,JESUS,,,,v101.103 boundary is displaced from native v101.101 offset 145; remove current offset and restore native offset.,v101103/index.html + v101101/index.html
CURRENT_V101103_LOCAL_BREAK,PASSION24.HOUR.19.P137,,,120,119,present,V101101_SPEECH_END_BOUNDARY_KEEP,REMOVE,JESUS,,,,v101.103 boundary is displaced from native v101.101 offset 119; remove current offset and restore native offset.,v101103/index.html + v101101/index.html
CURRENT_V101103_LOCAL_BREAK,PASSION24.HOUR.19.P165,,,151,150,present,V101101_SPEECH_END_BOUNDARY_KEEP,REMOVE,FATHER,,,,v101.103 boundary is displaced from native v101.101 offset 150; remove current offset and restore native offset.,v101103/index.html + v101101/index.html
CURRENT_V101103_LOCAL_BREAK,PASSION24.HOUR.19.P166,,,37,,present,V101102_PLUS_DIVINE_START_BOUNDARY_REMOVE,REMOVE,,JESUS,,,Boundary is at a v101.103 divine presentation-run start with no matching v101.101 speech-end boundary; speaker change alone is not paragraph authority.,v101103/index.html + v101101/index.html
CURRENT_V101103_LOCAL_BREAK,PASSION24.HOUR.20.P010,,,64,63,present,V101101_SPEECH_END_BOUNDARY_KEEP,REMOVE,JESUS,,,,v101.103 boundary is displaced from native v101.101 offset 63; remove current offset and restore native offset.,v101103/index.html + v101101/index.html
CURRENT_V101103_LOCAL_BREAK,PASSION24.HOUR.20.P016,,,110,,present,V101102_PLUS_DIVINE_START_BOUNDARY_REMOVE,REMOVE,,JESUS,,,Boundary is at a v101.103 divine presentation-run start with no matching v101.101 speech-end boundary; speaker change alone is not paragraph authority.,v101103/index.html + v101101/index.html
CURRENT_V101103_LOCAL_BREAK,PASSION24.HOUR.21.P023,,,20,,present,V101102_PLUS_DIVINE_START_BOUNDARY_REMOVE,REMOVE,,JESUS,,,Boundary is at a v101.103 divine presentation-run start with no matching v101.101 speech-end boundary; speaker change alone is not paragraph authority.,v101103/index.html + v101101/index.html
CURRENT_V101103_LOCAL_BREAK,PASSION24.HOUR.21.P023,,,138,137,present,V101101_SPEECH_END_BOUNDARY_KEEP,REMOVE,JESUS,,,,v101.103 boundary is displaced from native v101.101 offset 137; remove current offset and restore native offset.,v101103/index.html + v101101/index.html
CURRENT_V101103_LOCAL_BREAK,PASSION24.HOUR.21.P025,,,93,,present,V101102_PLUS_DIVINE_START_BOUNDARY_REMOVE,REMOVE,,JESUS,,,Boundary is at a v101.103 divine presentation-run start with no matching v101.101 speech-end boundary; speaker change alone is not paragraph authority.,v101103/index.html + v101101/index.html
CURRENT_V101103_LOCAL_BREAK,PASSION24.HOUR.21.P025,,,119,118,present,V101101_SPEECH_END_BOUNDARY_KEEP,REMOVE,JESUS,JESUS,,,v101.103 boundary is displaced from native v101.101 offset 118; remove current offset and restore native offset.,v101103/index.html + v101101/index.html
CURRENT_V101103_LOCAL_BREAK,PASSION24.HOUR.21.P025,,,140,,present,V101102_PLUS_DIVINE_START_BOUNDARY_REMOVE,REMOVE,JESUS,JESUS,,,Boundary is at a v101.103 divine presentation-run start with no matching v101.101 speech-end boundary; speaker change alone is not paragraph authority.,v101103/index.html + v101101/index.html
CURRENT_V101103_LOCAL_BREAK,PASSION24.HOUR.21.P027,,,217,216,present,V101101_SPEECH_END_BOUNDARY_KEEP,REMOVE,JESUS,,,,v101.103 boundary is displaced from native v101.101 offset 216; remove current offset and restore native offset.,v101103/index.html + v101101/index.html
CURRENT_V101103_LOCAL_BREAK,PASSION24.HOUR.21.P059,,,287,,present,V101102_PLUS_DIVINE_START_BOUNDARY_REMOVE,REMOVE,,JESUS,,,Boundary is at a v101.103 divine presentation-run start with no matching v101.101 speech-end boundary; speaker change alone is not paragraph authority.,v101103/index.html + v101101/index.html
CURRENT_V101103_LOCAL_BREAK,PASSION24.HOUR.21.P068,,,87,86,present,V101101_SPEECH_END_BOUNDARY_KEEP,REMOVE,JESUS,,,,v101.103 boundary is displaced from native v101.101 offset 86; remove current offset and restore native offset.,v101103/index.html + v101101/index.html
CURRENT_V101103_LOCAL_BREAK,PASSION24.HOUR.21.REF.P009,,,56,,present,V101102_PLUS_DIVINE_START_BOUNDARY_REMOVE,REMOVE,,JESUS,,,Boundary is at a v101.103 divine presentation-run start with no matching v101.101 speech-end boundary; speaker change alone is not paragraph authority.,v101103/index.html + v101101/index.html
CURRENT_V101103_LOCAL_BREAK,PASSION24.HOUR.22.P006,,,147,,present,V101102_PLUS_DIVINE_START_BOUNDARY_REMOVE,REMOVE,,JESUS,,,Boundary is at a v101.103 divine presentation-run start with no matching v101.101 speech-end boundary; speaker change alone is not paragraph authority.,v101103/index.html + v101101/index.html
CURRENT_V101103_LOCAL_BREAK,PASSION24.HOUR.22.P006,,,161,160,present,V101101_SPEECH_END_BOUNDARY_KEEP,REMOVE,JESUS,,,,v101.103 boundary is displaced from native v101.101 offset 160; remove current offset and restore native offset.,v101103/index.html + v101101/index.html
CURRENT_V101103_LOCAL_BREAK,PASSION24.HOUR.22.P022,,,24,23,present,V101101_SPEECH_END_BOUNDARY_KEEP,REMOVE,JESUS,,,,v101.103 boundary is displaced from native v101.101 offset 23; remove current offset and restore native offset.,v101103/index.html + v101101/index.html
CURRENT_V101103_LOCAL_BREAK,PASSION24.HOUR.22.P028,,,98,,present,V101102_PLUS_DIVINE_START_BOUNDARY_REMOVE,REMOVE,,JESUS,,,Boundary is at a v101.103 divine presentation-run start with no matching v101.101 speech-end boundary; speaker change alone is not paragraph authority.,v101103/index.html + v101101/index.html
CURRENT_V101103_LOCAL_BREAK,PASSION24.HOUR.22.P029,,,89,,present,V101102_PLUS_DIVINE_START_BOUNDARY_REMOVE,REMOVE,,JESUS,,,Boundary is at a v101.103 divine presentation-run start with no matching v101.101 speech-end boundary; speaker change alone is not paragraph authority.,v101103/index.html + v101101/index.html
CURRENT_V101103_LOCAL_BREAK,PASSION24.HOUR.22.P030,,,69,,present,V101102_PLUS_DIVINE_START_BOUNDARY_REMOVE,REMOVE,,JESUS,,,Boundary is at a v101.103 divine presentation-run start with no matching v101.101 speech-end boundary; speaker change alone is not paragraph authority.,v101103/index.html + v101101/index.html
CURRENT_V101103_LOCAL_BREAK,PASSION24.HOUR.22.P031,,,145,,present,V101102_PLUS_DIVINE_START_BOUNDARY_REMOVE,REMOVE,,JESUS,,,Boundary is at a v101.103 divine presentation-run start with no matching v101.101 speech-end boundary; speaker change alone is not paragraph authority.,v101103/index.html + v101101/index.html
CURRENT_V101103_LOCAL_BREAK,PASSION24.HOUR.22.REF.P001,,,216,,present,V101102_PLUS_DIVINE_START_BOUNDARY_REMOVE,REMOVE,,JESUS,,,Boundary is at a v101.103 divine presentation-run start with no matching v101.101 speech-end boundary; speaker change alone is not paragraph authority.,v101103/index.html + v101101/index.html
CURRENT_V101103_LOCAL_BREAK,PASSION24.HOUR.22.REF.P001,,,238,237,present,V101101_SPEECH_END_BOUNDARY_KEEP,REMOVE,JESUS,,,,v101.103 boundary is displaced from native v101.101 offset 237; remove current offset and restore native offset.,v101103/index.html + v101101/index.html
CURRENT_V101103_LOCAL_BREAK,PASSION24.HOUR.23.P011,,,14,,present,V101102_PLUS_DIVINE_START_BOUNDARY_REMOVE,REMOVE,,JESUS,,,Boundary is at a v101.103 divine presentation-run start with no matching v101.101 speech-end boundary; speaker change alone is not paragraph authority.,v101103/index.html + v101101/index.html
CURRENT_V101103_LOCAL_BREAK,PASSION24.HOUR.24.DESOL.P014,,,120,119,present,V101101_SPEECH_END_BOUNDARY_KEEP,REMOVE,MARY,,,,v101.103 boundary is displaced from native v101.101 offset 119; remove current offset and restore native offset.,v101103/index.html + v101101/index.html
CURRENT_V101103_LOCAL_BREAK,PASSION24.HOUR.24.DESOL.P027,,,80,79,present,V101101_SPEECH_END_BOUNDARY_KEEP,REMOVE,MARY,,,,v101.103 boundary is displaced from native v101.101 offset 79; remove current offset and restore native offset.,v101103/index.html + v101101/index.html
CURRENT_V101103_LOCAL_BREAK,PASSION24.HOUR.24.DESOL.P037,,,63,62,present,V101101_SPEECH_END_BOUNDARY_KEEP,REMOVE,MARY,,,,v101.103 boundary is displaced from native v101.101 offset 62; remove current offset and restore native offset.,v101103/index.html + v101101/index.html
CURRENT_V101103_LOCAL_BREAK,PASSION24.HOUR.24.DESOL.P068,,,26,,present,V101102_PLUS_DIVINE_START_BOUNDARY_REMOVE,REMOVE,,MARY,,,Boundary is at a v101.103 divine presentation-run start with no matching v101.101 speech-end boundary; speaker change alone is not paragraph authority.,v101103/index.html + v101101/index.html
CURRENT_V101103_LOCAL_BREAK,PASSION24.SECTION.BENEFITS.P004,,,98,,present,V101102_PLUS_DIVINE_START_BOUNDARY_REMOVE,REMOVE,,JESUS,,,Boundary is at a v101.103 divine presentation-run start with no matching v101.101 speech-end boundary; speaker change alone is not paragraph authority.,v101103/index.html + v101101/index.html
CURRENT_V101103_LOCAL_BREAK,PASSION24.SECTION.BENEFITS.P017,,,84,,present,V101102_PLUS_DIVINE_START_BOUNDARY_REMOVE,REMOVE,,JESUS,,,Boundary is at a v101.103 divine presentation-run start with no matching v101.101 speech-end boundary; speaker change alone is not paragraph authority.,v101103/index.html + v101101/index.html
CURRENT_V101103_LOCAL_BREAK,PASSION24.SECTION.BENEFITS.P021,,,12,,present,V101102_PLUS_DIVINE_START_BOUNDARY_REMOVE,REMOVE,,JESUS,,,Boundary is at a v101.103 divine presentation-run start with no matching v101.101 speech-end boundary; speaker change alone is not paragraph authority.,v101103/index.html + v101101/index.html
CURRENT_V101103_LOCAL_BREAK,PASSION24.SECTION.BENEFITS.P037,,,13,,present,V101102_PLUS_DIVINE_START_BOUNDARY_REMOVE,REMOVE,,JESUS,,,Boundary is at a v101.103 divine presentation-run start with no matching v101.101 speech-end boundary; speaker change alone is not paragraph authority.,v101103/index.html + v101101/index.html
CURRENT_V101103_LOCAL_BREAK,PASSION24.SECTION.BENEFITS.P055,,,231,,present,V101102_PLUS_DIVINE_START_BOUNDARY_REMOVE,REMOVE,,JESUS,,,Boundary is at a v101.103 divine presentation-run start with no matching v101.101 speech-end boundary; speaker change alone is not paragraph authority.,v101103/index.html + v101101/index.html
CURRENT_V101103_LOCAL_BREAK,PASSION24.SECTION.BENEFITS.P057,,,36,,present,V101102_PLUS_DIVINE_START_BOUNDARY_REMOVE,REMOVE,,JESUS,,,Boundary is at a v101.103 divine presentation-run start with no matching v101.101 speech-end boundary; speaker change alone is not paragraph authority.,v101103/index.html + v101101/index.html
CURRENT_V101103_LOCAL_BREAK,PASSION24.SECTION.BENEFITS.P095,,,65,,present,V101102_PLUS_DIVINE_START_BOUNDARY_REMOVE,REMOVE,,JESUS,,,Boundary is at a v101.103 divine presentation-run start with no matching v101.101 speech-end boundary; speaker change alone is not paragraph authority.,v101103/index.html + v101101/index.html
CURRENT_V101103_LOCAL_BREAK,PASSION24.SECTION.BENEFITS.P102,,,196,195,present,V101101_SPEECH_END_BOUNDARY_KEEP,REMOVE,JESUS,JESUS,,,v101.103 boundary is displaced from native v101.101 offset 195; remove current offset and restore native offset.,v101103/index.html + v101101/index.html
CURRENT_V101103_LOCAL_BREAK,PASSION24.SECTION.BENEFITS.P102,,,209,,present,V101102_PLUS_DIVINE_START_BOUNDARY_REMOVE,REMOVE,JESUS,JESUS,,,Boundary is at a v101.103 divine presentation-run start with no matching v101.101 speech-end boundary; speaker change alone is not paragraph authority.,v101103/index.html + v101101/index.html
CURRENT_V101103_LOCAL_BREAK,PASSION24.SECTION.BENEFITS.P106,,,41,,present,V101102_PLUS_DIVINE_START_BOUNDARY_REMOVE,REMOVE,,JESUS,,,Boundary is at a v101.103 divine presentation-run start with no matching v101.101 speech-end boundary; speaker change alone is not paragraph authority.,v101103/index.html + v101101/index.html
CURRENT_V101103_LOCAL_BREAK,PASSION24.SECTION.BENEFITS.P108,,,13,,present,V101102_PLUS_DIVINE_START_BOUNDARY_REMOVE,REMOVE,,JESUS,,,Boundary is at a v101.103 divine presentation-run start with no matching v101.101 speech-end boundary; speaker change alone is not paragraph authority.,v101103/index.html + v101101/index.html
CURRENT_V101103_LOCAL_BREAK,PASSION24.SECTION.BENEFITS.P110,,,13,,present,V101102_PLUS_DIVINE_START_BOUNDARY_REMOVE,REMOVE,,JESUS,,,Boundary is at a v101.103 divine presentation-run start with no matching v101.101 speech-end boundary; speaker change alone is not paragraph authority.,v101103/index.html + v101101/index.html
CURRENT_V101103_LOCAL_BREAK,PASSION24.SECTION.BENEFITS.P116,,,218,217,present,V101101_SPEECH_END_BOUNDARY_KEEP,REMOVE,JESUS,,,,v101.103 boundary is displaced from native v101.101 offset 217; remove current offset and restore native offset.,v101103/index.html + v101101/index.html
CURRENT_V101103_LOCAL_BREAK,PASSION24.SECTION.BENEFITS.P122,,,60,,present,V101102_PLUS_DIVINE_START_BOUNDARY_REMOVE,REMOVE,,JESUS,,,Boundary is at a v101.103 divine presentation-run start with no matching v101.101 speech-end boundary; speaker change alone is not paragraph authority.,v101103/index.html + v101101/index.html
CURRENT_V101103_LOCAL_BREAK,PASSION24.SECTION.BENEFITS.P122,,,79,78,present,V101101_SPEECH_END_BOUNDARY_KEEP,REMOVE,JESUS,,,,v101.103 boundary is displaced from native v101.101 offset 78; remove current offset and restore native offset.,v101103/index.html + v101101/index.html
CURRENT_V101103_LOCAL_BREAK,PASSION24.SECTION.BENEFITS.P136,,,158,157,present,V101101_SPEECH_END_BOUNDARY_KEEP,REMOVE,JESUS,,,,v101.103 boundary is displaced from native v101.101 offset 157; remove current offset and restore native offset.,v101103/index.html + v101101/index.html
CURRENT_V101103_LOCAL_BREAK,PASSION24.SECTION.BENEFITS.P149,,,141,140,present,V101101_SPEECH_END_BOUNDARY_KEEP,REMOVE,JESUS,,,,v101.103 boundary is displaced from native v101.101 offset 140; remove current offset and restore native offset.,v101103/index.html + v101101/index.html
CURRENT_V101103_LOCAL_BREAK,PASSION24.SECTION.BENEFITS.P153,,,64,,present,V101102_PLUS_DIVINE_START_BOUNDARY_REMOVE,REMOVE,,JESUS,,,Boundary is at a v101.103 divine presentation-run start with no matching v101.101 speech-end boundary; speaker change alone is not paragraph authority.,v101103/index.html + v101101/index.html
CURRENT_V101103_LOCAL_BREAK,PASSION24.SECTION.BENEFITS.P169,,,13,,present,V101102_PLUS_DIVINE_START_BOUNDARY_REMOVE,REMOVE,,JESUS,,,Boundary is at a v101.103 divine presentation-run start with no matching v101.101 speech-end boundary; speaker change alone is not paragraph authority.,v101103/index.html + v101101/index.html
CURRENT_V101103_LOCAL_BREAK,PASSION24.SECTION.BENEFITS.P175,,,108,,present,V101102_PLUS_DIVINE_START_BOUNDARY_REMOVE,REMOVE,,JESUS,,,Boundary is at a v101.103 divine presentation-run start with no matching v101.101 speech-end boundary; speaker change alone is not paragraph authority.,v101103/index.html + v101101/index.html
CURRENT_V101103_LOCAL_BREAK,PASSION24.TEXT.PART_III_DIVINE_PASSION.BODY.P046,,,13,,present,V101102_PLUS_DIVINE_START_BOUNDARY_REMOVE,REMOVE,,JESUS,,,Boundary is at a v101.103 divine presentation-run start with no matching v101.101 speech-end boundary; speaker change alone is not paragraph authority.,v101103/index.html + v101101/index.html
CURRENT_V101103_LOCAL_BREAK,PASSION24.TEXT.PART_III_DIVINE_PASSION.BODY.P079,,,25,,present,V101102_PLUS_DIVINE_START_BOUNDARY_REMOVE,REMOVE,,JESUS,,,Boundary is at a v101.103 divine presentation-run start with no matching v101.101 speech-end boundary; speaker change alone is not paragraph authority.,v101103/index.html + v101101/index.html
CURRENT_V101103_LOCAL_BREAK,PASSION24.TEXT.PART_III_DIVINE_PASSION.BODY.P091,,,34,,present,V101102_PLUS_DIVINE_START_BOUNDARY_REMOVE,REMOVE,,JESUS,,,Boundary is at a v101.103 divine presentation-run start with no matching v101.101 speech-end boundary; speaker change alone is not paragraph authority.,v101103/index.html + v101101/index.html
CURRENT_V101103_LOCAL_BREAK,PASSION24.TEXT.PART_III_DIVINE_PASSION.BODY.P115,,,65,,present,V101102_PLUS_DIVINE_START_BOUNDARY_REMOVE,REMOVE,,JESUS,,,Boundary is at a v101.103 divine presentation-run start with no matching v101.101 speech-end boundary; speaker change alone is not paragraph authority.,v101103/index.html + v101101/index.html
CURRENT_V101103_LOCAL_BREAK,PASSION24.TEXT.PART_III_DIVINE_PASSION.BODY.P131,,,13,,present,V101102_PLUS_DIVINE_START_BOUNDARY_REMOVE,REMOVE,,JESUS,,,Boundary is at a v101.103 divine presentation-run start with no matching v101.101 speech-end boundary; speaker change alone is not paragraph authority.,v101103/index.html + v101101/index.html
CURRENT_V101103_LOCAL_BREAK,PASSION24.TEXT.PART_III_MARY_SORROWS.BODY.P057,,,78,78,present,V101101_SPEECH_END_BOUNDARY_KEEP,KEEP,JESUS,,,,Exact v101.101 speech-end boundary exists at this offset.,v101103/index.html + v101101/index.html
CURRENT_V101103_LOCAL_BREAK,PASSION24.TEXT.PART_III_MARY_SORROWS.BODY.P083,,,45,,present,V101102_PLUS_DIVINE_START_BOUNDARY_REMOVE,REMOVE,,JESUS,,,Boundary is at a v101.103 divine presentation-run start with no matching v101.101 speech-end boundary; speaker change alone is not paragraph authority.,v101103/index.html + v101101/index.html
CURRENT_V101103_LOCAL_BREAK,PASSION24.TEXT.PART_III_MARY_SORROWS.BODY.P100,,,40,40,present,V101101_SPEECH_END_BOUNDARY_KEEP,KEEP,JESUS,,,,Exact v101.101 speech-end boundary exists at this offset.,v101103/index.html + v101101/index.html
CURRENT_V101103_LOCAL_BREAK,PASSION24.TEXT.PROMISES_BENEFITS.BODY.P004,,,98,,present,V101102_PLUS_DIVINE_START_BOUNDARY_REMOVE,REMOVE,,JESUS,,,Boundary is at a v101.103 divine presentation-run start with no matching v101.101 speech-end boundary; speaker change alone is not paragraph authority.,v101103/index.html + v101101/index.html
CURRENT_V101103_LOCAL_BREAK,PASSION24.TEXT.PROMISES_BENEFITS.BODY.P015,,,84,,present,V101102_PLUS_DIVINE_START_BOUNDARY_REMOVE,REMOVE,,JESUS,,,Boundary is at a v101.103 divine presentation-run start with no matching v101.101 speech-end boundary; speaker change alone is not paragraph authority.,v101103/index.html + v101101/index.html
CURRENT_V101103_LOCAL_BREAK,PASSION24.TEXT.PROMISES_BENEFITS.BODY.P019,,,12,,present,V101102_PLUS_DIVINE_START_BOUNDARY_REMOVE,REMOVE,,JESUS,,,Boundary is at a v101.103 divine presentation-run start with no matching v101.101 speech-end boundary; speaker change alone is not paragraph authority.,v101103/index.html + v101101/index.html
CURRENT_V101103_LOCAL_BREAK,PASSION24.TEXT.PROMISES_BENEFITS.BODY.P035,,,13,,present,V101102_PLUS_DIVINE_START_BOUNDARY_REMOVE,REMOVE,,JESUS,,,Boundary is at a v101.103 divine presentation-run start with no matching v101.101 speech-end boundary; speaker change alone is not paragraph authority.,v101103/index.html + v101101/index.html
CURRENT_V101103_LOCAL_BREAK,PASSION24.TEXT.PROMISES_BENEFITS.BODY.P053,,,231,,present,V101102_PLUS_DIVINE_START_BOUNDARY_REMOVE,REMOVE,,JESUS,,,Boundary is at a v101.103 divine presentation-run start with no matching v101.101 speech-end boundary; speaker change alone is not paragraph authority.,v101103/index.html + v101101/index.html
CURRENT_V101103_LOCAL_BREAK,PASSION24.TEXT.PROMISES_BENEFITS.BODY.P055,,,36,,present,V101102_PLUS_DIVINE_START_BOUNDARY_REMOVE,REMOVE,,JESUS,,,Boundary is at a v101.103 divine presentation-run start with no matching v101.101 speech-end boundary; speaker change alone is not paragraph authority.,v101103/index.html + v101101/index.html
CURRENT_V101103_LOCAL_BREAK,PASSION24.TEXT.PROMISES_BENEFITS.BODY.P091,,,65,,present,V101102_PLUS_DIVINE_START_BOUNDARY_REMOVE,REMOVE,,JESUS,,,Boundary is at a v101.103 divine presentation-run start with no matching v101.101 speech-end boundary; speaker change alone is not paragraph authority.,v101103/index.html + v101101/index.html
CURRENT_V101103_LOCAL_BREAK,PASSION24.TEXT.PROMISES_BENEFITS.BODY.P097,,,196,195,present,V101101_SPEECH_END_BOUNDARY_KEEP,REMOVE,JESUS,JESUS,,,v101.103 boundary is displaced from native v101.101 offset 195; remove current offset and restore native offset.,v101103/index.html + v101101/index.html
CURRENT_V101103_LOCAL_BREAK,PASSION24.TEXT.PROMISES_BENEFITS.BODY.P097,,,209,,present,V101102_PLUS_DIVINE_START_BOUNDARY_REMOVE,REMOVE,JESUS,JESUS,,,Boundary is at a v101.103 divine presentation-run start with no matching v101.101 speech-end boundary; speaker change alone is not paragraph authority.,v101103/index.html + v101101/index.html
CURRENT_V101103_LOCAL_BREAK,PASSION24.TEXT.PROMISES_BENEFITS.BODY.P101,,,41,,present,V101102_PLUS_DIVINE_START_BOUNDARY_REMOVE,REMOVE,,JESUS,,,Boundary is at a v101.103 divine presentation-run start with no matching v101.101 speech-end boundary; speaker change alone is not paragraph authority.,v101103/index.html + v101101/index.html
CURRENT_V101103_LOCAL_BREAK,PASSION24.TEXT.PROMISES_BENEFITS.BODY.P103,,,13,,present,V101102_PLUS_DIVINE_START_BOUNDARY_REMOVE,REMOVE,,JESUS,,,Boundary is at a v101.103 divine presentation-run start with no matching v101.101 speech-end boundary; speaker change alone is not paragraph authority.,v101103/index.html + v101101/index.html
CURRENT_V101103_LOCAL_BREAK,PASSION24.TEXT.PROMISES_BENEFITS.BODY.P105,,,13,,present,V101102_PLUS_DIVINE_START_BOUNDARY_REMOVE,REMOVE,,JESUS,,,Boundary is at a v101.103 divine presentation-run start with no matching v101.101 speech-end boundary; speaker change alone is not paragraph authority.,v101103/index.html + v101101/index.html
CURRENT_V101103_LOCAL_BREAK,PASSION24.TEXT.PROMISES_BENEFITS.BODY.P111,,,218,217,present,V101101_SPEECH_END_BOUNDARY_KEEP,REMOVE,JESUS,,,,v101.103 boundary is displaced from native v101.101 offset 217; remove current offset and restore native offset.,v101103/index.html + v101101/index.html
CURRENT_V101103_LOCAL_BREAK,PASSION24.TEXT.PROMISES_BENEFITS.BODY.P117,,,60,,present,V101102_PLUS_DIVINE_START_BOUNDARY_REMOVE,REMOVE,,JESUS,,,Boundary is at a v101.103 divine presentation-run start with no matching v101.101 speech-end boundary; speaker change alone is not paragraph authority.,v101103/index.html + v101101/index.html
CURRENT_V101103_LOCAL_BREAK,PASSION24.TEXT.PROMISES_BENEFITS.BODY.P117,,,79,78,present,V101101_SPEECH_END_BOUNDARY_KEEP,REMOVE,JESUS,,,,v101.103 boundary is displaced from native v101.101 offset 78; remove current offset and restore native offset.,v101103/index.html + v101101/index.html
CURRENT_V101103_LOCAL_BREAK,PASSION24.TEXT.PROMISES_BENEFITS.BODY.P131,,,158,157,present,V101101_SPEECH_END_BOUNDARY_KEEP,REMOVE,JESUS,,,,v101.103 boundary is displaced from native v101.101 offset 157; remove current offset and restore native offset.,v101103/index.html + v101101/index.html
CURRENT_V101103_LOCAL_BREAK,PASSION24.TEXT.PROMISES_BENEFITS.BODY.P144,,,141,140,present,V101101_SPEECH_END_BOUNDARY_KEEP,REMOVE,JESUS,,,,v101.103 boundary is displaced from native v101.101 offset 140; remove current offset and restore native offset.,v101103/index.html + v101101/index.html
CURRENT_V101103_LOCAL_BREAK,PASSION24.TEXT.PROMISES_BENEFITS.BODY.P148,,,64,,present,V101102_PLUS_DIVINE_START_BOUNDARY_REMOVE,REMOVE,,JESUS,,,Boundary is at a v101.103 divine presentation-run start with no matching v101.101 speech-end boundary; speaker change alone is not paragraph authority.,v101103/index.html + v101101/index.html
CURRENT_V101103_LOCAL_BREAK,PASSION24.TEXT.PROMISES_BENEFITS.BODY.P164,,,13,,present,V101102_PLUS_DIVINE_START_BOUNDARY_REMOVE,REMOVE,,JESUS,,,Boundary is at a v101.103 divine presentation-run start with no matching v101.101 speech-end boundary; speaker change alone is not paragraph authority.,v101103/index.html + v101101/index.html
CURRENT_V101103_LOCAL_BREAK,PASSION24.TEXT.PROMISES_BENEFITS.BODY.P170,,,108,,present,V101102_PLUS_DIVINE_START_BOUNDARY_REMOVE,REMOVE,,JESUS,,,Boundary is at a v101.103 divine presentation-run start with no matching v101.101 speech-end boundary; speaker change alone is not paragraph authority.,v101103/index.html + v101101/index.html
CURRENT_V101103_LOCAL_BREAK,PASSION24.TEXT.RELATED_HOUR_01.BODY.P014,,,17,,present,V101102_PLUS_DIVINE_START_BOUNDARY_REMOVE,REMOVE,,JESUS,,,Boundary is at a v101.103 divine presentation-run start with no matching v101.101 speech-end boundary; speaker change alone is not paragraph authority.,v101103/index.html + v101101/index.html
CURRENT_V101103_LOCAL_BREAK,PASSION24.TEXT.RELATED_HOUR_01.BODY.P021,,,13,,present,V101102_PLUS_DIVINE_START_BOUNDARY_REMOVE,REMOVE,,JESUS,,,Boundary is at a v101.103 divine presentation-run start with no matching v101.101 speech-end boundary; speaker change alone is not paragraph authority.,v101103/index.html + v101101/index.html
CURRENT_V101103_LOCAL_BREAK,PASSION24.TEXT.RELATED_HOUR_02.BODY.P011,,,264,,present,V101102_PLUS_DIVINE_START_BOUNDARY_REMOVE,REMOVE,,JESUS,,,Boundary is at a v101.103 divine presentation-run start with no matching v101.101 speech-end boundary; speaker change alone is not paragraph authority.,v101103/index.html + v101101/index.html
CURRENT_V101103_LOCAL_BREAK,PASSION24.TEXT.RELATED_HOUR_04.BODY.P056,,,18,,present,V101102_PLUS_DIVINE_START_BOUNDARY_REMOVE,REMOVE,,JESUS,,,Boundary is at a v101.103 divine presentation-run start with no matching v101.101 speech-end boundary; speaker change alone is not paragraph authority.,v101103/index.html + v101101/index.html
CURRENT_V101103_LOCAL_BREAK,PASSION24.TEXT.RELATED_HOUR_04.BODY.P146,,,13,,present,V101102_PLUS_DIVINE_START_BOUNDARY_REMOVE,REMOVE,,JESUS,,,Boundary is at a v101.103 divine presentation-run start with no matching v101.101 speech-end boundary; speaker change alone is not paragraph authority.,v101103/index.html + v101101/index.html
CURRENT_V101103_LOCAL_BREAK,PASSION24.TEXT.RELATED_HOUR_06.BODY.P033,,,112,111,present,V101101_SPEECH_END_BOUNDARY_KEEP,REMOVE,JESUS,,,,v101.103 boundary is displaced from native v101.101 offset 111; remove current offset and restore native offset.,v101103/index.html + v101101/index.html
CURRENT_V101103_LOCAL_BREAK,PASSION24.TEXT.RELATED_HOUR_06.BODY.P036,,,122,121,present,V101101_SPEECH_END_BOUNDARY_KEEP,REMOVE,JESUS,,,,v101.103 boundary is displaced from native v101.101 offset 121; remove current offset and restore native offset.,v101103/index.html + v101101/index.html
CURRENT_V101103_LOCAL_BREAK,PASSION24.TEXT.RELATED_HOUR_07.BODY.P036,,,44,43,present,V101101_SPEECH_END_BOUNDARY_KEEP,REMOVE,JESUS,,,,v101.103 boundary is displaced from native v101.101 offset 43; remove current offset and restore native offset.,v101103/index.html + v101101/index.html
CURRENT_V101103_LOCAL_BREAK,PASSION24.TEXT.RELATED_HOUR_09.BODY.P006,,,13,,present,V101102_PLUS_DIVINE_START_BOUNDARY_REMOVE,REMOVE,,JESUS,,,Boundary is at a v101.103 divine presentation-run start with no matching v101.101 speech-end boundary; speaker change alone is not paragraph authority.,v101103/index.html + v101101/index.html
CURRENT_V101103_LOCAL_BREAK,PASSION24.TEXT.RELATED_HOUR_09.BODY.P019,,,13,,present,V101102_PLUS_DIVINE_START_BOUNDARY_REMOVE,REMOVE,,JESUS,,,Boundary is at a v101.103 divine presentation-run start with no matching v101.101 speech-end boundary; speaker change alone is not paragraph authority.,v101103/index.html + v101101/index.html
CURRENT_V101103_LOCAL_BREAK,PASSION24.TEXT.RELATED_HOUR_10.BODY.P006,,,283,,present,V101102_PLUS_DIVINE_START_BOUNDARY_REMOVE,REMOVE,,JESUS,,,Boundary is at a v101.103 divine presentation-run start with no matching v101.101 speech-end boundary; speaker change alone is not paragraph authority.,v101103/index.html + v101101/index.html
CURRENT_V101103_LOCAL_BREAK,PASSION24.TEXT.RELATED_HOUR_10.BODY.P009,,,269,268,present,V101101_SPEECH_END_BOUNDARY_KEEP,REMOVE,JESUS,JESUS,,,v101.103 boundary is displaced from native v101.101 offset 268; remove current offset and restore native offset.,v101103/index.html + v101101/index.html
CURRENT_V101103_LOCAL_BREAK,PASSION24.TEXT.RELATED_HOUR_10.BODY.P009,,,294,,present,V101102_PLUS_DIVINE_START_BOUNDARY_REMOVE,REMOVE,JESUS,JESUS,,,Boundary is at a v101.103 divine presentation-run start with no matching v101.101 speech-end boundary; speaker change alone is not paragraph authority.,v101103/index.html + v101101/index.html
CURRENT_V101103_LOCAL_BREAK,PASSION24.TEXT.RELATED_HOUR_11.BODY.P026,,,29,,present,V101102_PLUS_DIVINE_START_BOUNDARY_REMOVE,REMOVE,,JESUS,,,Boundary is at a v101.103 divine presentation-run start with no matching v101.101 speech-end boundary; speaker change alone is not paragraph authority.,v101103/index.html + v101101/index.html
CURRENT_V101103_LOCAL_BREAK,PASSION24.TEXT.RELATED_HOUR_11.BODY.P047,,,27,,present,V101102_PLUS_DIVINE_START_BOUNDARY_REMOVE,REMOVE,,JESUS,,,Boundary is at a v101.103 divine presentation-run start with no matching v101.101 speech-end boundary; speaker change alone is not paragraph authority.,v101103/index.html + v101101/index.html
CURRENT_V101103_LOCAL_BREAK,PASSION24.TEXT.RELATED_HOUR_11.BODY.P049,,,61,,present,V101102_PLUS_DIVINE_START_BOUNDARY_REMOVE,REMOVE,,JESUS,,,Boundary is at a v101.103 divine presentation-run start with no matching v101.101 speech-end boundary; speaker change alone is not paragraph authority.,v101103/index.html + v101101/index.html
CURRENT_V101103_LOCAL_BREAK,PASSION24.TEXT.RELATED_HOUR_11.BODY.P067,,,39,,present,V101102_PLUS_DIVINE_START_BOUNDARY_REMOVE,REMOVE,,JESUS,,,Boundary is at a v101.103 divine presentation-run start with no matching v101.101 speech-end boundary; speaker change alone is not paragraph authority.,v101103/index.html + v101101/index.html
CURRENT_V101103_LOCAL_BREAK,PASSION24.TEXT.RELATED_HOUR_12.BODY.P006,,,163,,present,V101102_PLUS_DIVINE_START_BOUNDARY_REMOVE,REMOVE,,JESUS,,,Boundary is at a v101.103 divine presentation-run start with no matching v101.101 speech-end boundary; speaker change alone is not paragraph authority.,v101103/index.html + v101101/index.html
CURRENT_V101103_LOCAL_BREAK,PASSION24.TEXT.RELATED_HOUR_13.BODY.P009,,,13,,present,V101102_PLUS_DIVINE_START_BOUNDARY_REMOVE,REMOVE,,JESUS,,,Boundary is at a v101.103 divine presentation-run start with no matching v101.101 speech-end boundary; speaker change alone is not paragraph authority.,v101103/index.html + v101101/index.html
CURRENT_V101103_LOCAL_BREAK,PASSION24.TEXT.RELATED_HOUR_13.BODY.P039,,,423,422,present,V101101_SPEECH_END_BOUNDARY_KEEP,REMOVE,JESUS,,,,v101.103 boundary is displaced from native v101.101 offset 422; remove current offset and restore native offset.,v101103/index.html + v101101/index.html
CURRENT_V101103_LOCAL_BREAK,PASSION24.TEXT.RELATED_HOUR_13.BODY.P053,,,35,,present,V101102_PLUS_DIVINE_START_BOUNDARY_REMOVE,REMOVE,,JESUS,,,Boundary is at a v101.103 divine presentation-run start with no matching v101.101 speech-end boundary; speaker change alone is not paragraph authority.,v101103/index.html + v101101/index.html
CURRENT_V101103_LOCAL_BREAK,PASSION24.TEXT.RELATED_HOUR_13.BODY.P056,,,129,128,present,V101101_SPEECH_END_BOUNDARY_KEEP,REMOVE,JESUS,JESUS,,,v101.103 boundary is displaced from native v101.101 offset 128; remove current offset and restore native offset.,v101103/index.html + v101101/index.html
CURRENT_V101103_LOCAL_BREAK,PASSION24.TEXT.RELATED_HOUR_13.BODY.P056,,,132,,present,V101102_PLUS_DIVINE_START_BOUNDARY_REMOVE,REMOVE,JESUS,JESUS,,,Boundary is at a v101.103 divine presentation-run start with no matching v101.101 speech-end boundary; speaker change alone is not paragraph authority.,v101103/index.html + v101101/index.html
CURRENT_V101103_LOCAL_BREAK,PASSION24.TEXT.RELATED_HOUR_13.BODY.P120,,,111,,present,V101102_PLUS_DIVINE_START_BOUNDARY_REMOVE,REMOVE,,JESUS,,,Boundary is at a v101.103 divine presentation-run start with no matching v101.101 speech-end boundary; speaker change alone is not paragraph authority.,v101103/index.html + v101101/index.html
CURRENT_V101103_LOCAL_BREAK,PASSION24.TEXT.RELATED_HOUR_13.BODY.P138,,,38,37,present,V101101_SPEECH_END_BOUNDARY_KEEP,REMOVE,JESUS,JESUS,,,v101.103 boundary is displaced from native v101.101 offset 37; remove current offset and restore native offset.,v101103/index.html + v101101/index.html
CURRENT_V101103_LOCAL_BREAK,PASSION24.TEXT.RELATED_HOUR_13.BODY.P138,,,63,,present,V101102_PLUS_DIVINE_START_BOUNDARY_REMOVE,REMOVE,JESUS,JESUS,,,Boundary is at a v101.103 divine presentation-run start with no matching v101.101 speech-end boundary; speaker change alone is not paragraph authority.,v101103/index.html + v101101/index.html
CURRENT_V101103_LOCAL_BREAK,PASSION24.TEXT.RELATED_HOUR_13.BODY.P162,,,26,,present,V101102_PLUS_DIVINE_START_BOUNDARY_REMOVE,REMOVE,,JESUS,,,Boundary is at a v101.103 divine presentation-run start with no matching v101.101 speech-end boundary; speaker change alone is not paragraph authority.,v101103/index.html + v101101/index.html
CURRENT_V101103_LOCAL_BREAK,PASSION24.TEXT.RELATED_HOUR_14.BODY.P019,,,67,66,present,V101101_SPEECH_END_BOUNDARY_KEEP,REMOVE,JESUS,,,,v101.103 boundary is displaced from native v101.101 offset 66; remove current offset and restore native offset.,v101103/index.html + v101101/index.html
CURRENT_V101103_LOCAL_BREAK,PASSION24.TEXT.RELATED_HOUR_15.BODY.P109,,,427,426,present,V101101_SPEECH_END_BOUNDARY_KEEP,REMOVE,JESUS,,,,v101.103 boundary is displaced from native v101.101 offset 426; remove current offset and restore native offset.,v101103/index.html + v101101/index.html
CURRENT_V101103_LOCAL_BREAK,PASSION24.TEXT.RELATED_HOUR_15.BODY.P180,,,12,,present,V101102_PLUS_DIVINE_START_BOUNDARY_REMOVE,REMOVE,,JESUS,,,Boundary is at a v101.103 divine presentation-run start with no matching v101.101 speech-end boundary; speaker change alone is not paragraph authority.,v101103/index.html + v101101/index.html
CURRENT_V101103_LOCAL_BREAK,PASSION24.TEXT.RELATED_HOUR_16.BODY.P047,,,141,140,present,V101101_SPEECH_END_BOUNDARY_KEEP,REMOVE,JESUS,,,,v101.103 boundary is displaced from native v101.101 offset 140; remove current offset and restore native offset.,v101103/index.html + v101101/index.html
CURRENT_V101103_LOCAL_BREAK,PASSION24.TEXT.RELATED_HOUR_16.BODY.P096,,,251,250,present,V101101_SPEECH_END_BOUNDARY_KEEP,REMOVE,JESUS,,,,v101.103 boundary is displaced from native v101.101 offset 250; remove current offset and restore native offset.,v101103/index.html + v101101/index.html
CURRENT_V101103_LOCAL_BREAK,PASSION24.TEXT.RELATED_HOUR_16.BODY.P098,,,18,,present,V101102_PLUS_DIVINE_START_BOUNDARY_REMOVE,REMOVE,,JESUS,,,Boundary is at a v101.103 divine presentation-run start with no matching v101.101 speech-end boundary; speaker change alone is not paragraph authority.,v101103/index.html + v101101/index.html
CURRENT_V101103_LOCAL_BREAK,PASSION24.TEXT.RELATED_HOUR_17.BODY.P031,,,149,,present,V101102_PLUS_DIVINE_START_BOUNDARY_REMOVE,REMOVE,,JESUS,,,Boundary is at a v101.103 divine presentation-run start with no matching v101.101 speech-end boundary; speaker change alone is not paragraph authority.,v101103/index.html + v101101/index.html
CURRENT_V101103_LOCAL_BREAK,PASSION24.TEXT.RELATED_HOUR_17.BODY.P032,,,103,102,present,V101101_SPEECH_END_BOUNDARY_KEEP,REMOVE,JESUS,,,,v101.103 boundary is displaced from native v101.101 offset 102; remove current offset and restore native offset.,v101103/index.html + v101101/index.html
CURRENT_V101103_LOCAL_BREAK,PASSION24.TEXT.RELATED_HOUR_17.BODY.P033,,,198,,present,V101102_PLUS_DIVINE_START_BOUNDARY_REMOVE,REMOVE,,JESUS,,,Boundary is at a v101.103 divine presentation-run start with no matching v101.101 speech-end boundary; speaker change alone is not paragraph authority.,v101103/index.html + v101101/index.html
CURRENT_V101103_LOCAL_BREAK,PASSION24.TEXT.RELATED_HOUR_17.BODY.P037,,,13,,present,V101102_PLUS_DIVINE_START_BOUNDARY_REMOVE,REMOVE,,JESUS,,,Boundary is at a v101.103 divine presentation-run start with no matching v101.101 speech-end boundary; speaker change alone is not paragraph authority.,v101103/index.html + v101101/index.html
CURRENT_V101103_LOCAL_BREAK,PASSION24.TEXT.RELATED_HOUR_17.BODY.P050,,,13,,present,V101102_PLUS_DIVINE_START_BOUNDARY_REMOVE,REMOVE,,JESUS,,,Boundary is at a v101.103 divine presentation-run start with no matching v101.101 speech-end boundary; speaker change alone is not paragraph authority.,v101103/index.html + v101101/index.html
CURRENT_V101103_LOCAL_BREAK,PASSION24.TEXT.RELATED_HOUR_17.BODY.P050,,,52,51,present,V101101_SPEECH_END_BOUNDARY_KEEP,REMOVE,JESUS,,,,v101.103 boundary is displaced from native v101.101 offset 51; remove current offset and restore native offset.,v101103/index.html + v101101/index.html
CURRENT_V101103_LOCAL_BREAK,PASSION24.TEXT.RELATED_HOUR_17.BODY.P054,,,204,203,present,V101101_SPEECH_END_BOUNDARY_KEEP,REMOVE,JESUS,,,,v101.103 boundary is displaced from native v101.101 offset 203; remove current offset and restore native offset.,v101103/index.html + v101101/index.html
CURRENT_V101103_LOCAL_BREAK,PASSION24.TEXT.RELATED_HOUR_17.BODY.P056,,,57,,present,V101102_PLUS_DIVINE_START_BOUNDARY_REMOVE,REMOVE,,JESUS,,,Boundary is at a v101.103 divine presentation-run start with no matching v101.101 speech-end boundary; speaker change alone is not paragraph authority.,v101103/index.html + v101101/index.html
CURRENT_V101103_LOCAL_BREAK,PASSION24.TEXT.RELATED_HOUR_17.BODY.P057,,,96,95,present,V101101_SPEECH_END_BOUNDARY_KEEP,REMOVE,JESUS,,,,v101.103 boundary is displaced from native v101.101 offset 95; remove current offset and restore native offset.,v101103/index.html + v101101/index.html
CURRENT_V101103_LOCAL_BREAK,PASSION24.TEXT.RELATED_HOUR_17.BODY.P058,,,38,,present,V101102_PLUS_DIVINE_START_BOUNDARY_REMOVE,REMOVE,,JESUS,,,Boundary is at a v101.103 divine presentation-run start with no matching v101.101 speech-end boundary; speaker change alone is not paragraph authority.,v101103/index.html + v101101/index.html
CURRENT_V101103_LOCAL_BREAK,PASSION24.TEXT.RELATED_HOUR_17.BODY.P058,,,51,50,present,V101101_SPEECH_END_BOUNDARY_KEEP,REMOVE,JESUS,,,,v101.103 boundary is displaced from native v101.101 offset 50; remove current offset and restore native offset.,v101103/index.html + v101101/index.html
CURRENT_V101103_LOCAL_BREAK,PASSION24.TEXT.RELATED_HOUR_17.BODY.P059,,,192,,present,V101102_PLUS_DIVINE_START_BOUNDARY_REMOVE,REMOVE,,JESUS,,,Boundary is at a v101.103 divine presentation-run start with no matching v101.101 speech-end boundary; speaker change alone is not paragraph authority.,v101103/index.html + v101101/index.html
CURRENT_V101103_LOCAL_BREAK,PASSION24.TEXT.RELATED_HOUR_18.BODY.P012,,,16,,present,V101102_PLUS_DIVINE_START_BOUNDARY_REMOVE,REMOVE,,JESUS,,,Boundary is at a v101.103 divine presentation-run start with no matching v101.101 speech-end boundary; speaker change alone is not paragraph authority.,v101103/index.html + v101101/index.html
CURRENT_V101103_LOCAL_BREAK,PASSION24.TEXT.RELATED_HOUR_18.BODY.P037,,,242,,present,V101102_PLUS_DIVINE_START_BOUNDARY_REMOVE,REMOVE,,JESUS,,,Boundary is at a v101.103 divine presentation-run start with no matching v101.101 speech-end boundary; speaker change alone is not paragraph authority.,v101103/index.html + v101101/index.html
CURRENT_V101103_LOCAL_BREAK,PASSION24.TEXT.RELATED_HOUR_18.BODY.P062,,,16,,present,V101102_PLUS_DIVINE_START_BOUNDARY_REMOVE,REMOVE,,JESUS,,,Boundary is at a v101.103 divine presentation-run start with no matching v101.101 speech-end boundary; speaker change alone is not paragraph authority.,v101103/index.html + v101101/index.html
CURRENT_V101103_LOCAL_BREAK,PASSION24.TEXT.RELATED_HOUR_18.BODY.P069,,,40,,present,V101102_PLUS_DIVINE_START_BOUNDARY_REMOVE,REMOVE,,JESUS,,,Boundary is at a v101.103 divine presentation-run start with no matching v101.101 speech-end boundary; speaker change alone is not paragraph authority.,v101103/index.html + v101101/index.html
CURRENT_V101103_LOCAL_BREAK,PASSION24.TEXT.RELATED_HOUR_18.BODY.P072,,,275,274,present,V101101_SPEECH_END_BOUNDARY_KEEP,REMOVE,JESUS,,,,v101.103 boundary is displaced from native v101.101 offset 274; remove current offset and restore native offset.,v101103/index.html + v101101/index.html
CURRENT_V101103_LOCAL_BREAK,PASSION24.TEXT.RELATED_HOUR_18.BODY.P073,,,13,,present,V101102_PLUS_DIVINE_START_BOUNDARY_REMOVE,REMOVE,,JESUS,,,Boundary is at a v101.103 divine presentation-run start with no matching v101.101 speech-end boundary; speaker change alone is not paragraph authority.,v101103/index.html + v101101/index.html
CURRENT_V101103_LOCAL_BREAK,PASSION24.TEXT.RELATED_HOUR_18.BODY.P080,,,16,,present,V101102_PLUS_DIVINE_START_BOUNDARY_REMOVE,REMOVE,,JESUS,,,Boundary is at a v101.103 divine presentation-run start with no matching v101.101 speech-end boundary; speaker change alone is not paragraph authority.,v101103/index.html + v101101/index.html
CURRENT_V101103_LOCAL_BREAK,PASSION24.TEXT.RELATED_HOUR_19.BODY.P067,,,152,151,present,V101101_SPEECH_END_BOUNDARY_KEEP,REMOVE,JESUS,,,,v101.103 boundary is displaced from native v101.101 offset 151; remove current offset and restore native offset.,v101103/index.html + v101101/index.html
CURRENT_V101103_LOCAL_BREAK,PASSION24.TEXT.RELATED_HOUR_19.BODY.P074,,,318,317,present,V101101_SPEECH_END_BOUNDARY_KEEP,REMOVE,JESUS,,,,v101.103 boundary is displaced from native v101.101 offset 317; remove current offset and restore native offset.,v101103/index.html + v101101/index.html
CURRENT_V101103_LOCAL_BREAK,PASSION24.TEXT.RELATED_HOUR_20.BODY.P015,,,106,105,present,V101101_SPEECH_END_BOUNDARY_KEEP,REMOVE,JESUS,,,,v101.103 boundary is displaced from native v101.101 offset 105; remove current offset and restore native offset.,v101103/index.html + v101101/index.html
CURRENT_V101103_LOCAL_BREAK,PASSION24.TEXT.RELATED_HOUR_20.BODY.P023,,,109,108,present,V101101_SPEECH_END_BOUNDARY_KEEP,REMOVE,JESUS,,,,v101.103 boundary is displaced from native v101.101 offset 108; remove current offset and restore native offset.,v101103/index.html + v101101/index.html
CURRENT_V101103_LOCAL_BREAK,PASSION24.TEXT.RELATED_HOUR_20.BODY.P024,,,314,313,present,V101101_SPEECH_END_BOUNDARY_KEEP,REMOVE,JESUS,,,,v101.103 boundary is displaced from native v101.101 offset 313; remove current offset and restore native offset.,v101103/index.html + v101101/index.html
CURRENT_V101103_LOCAL_BREAK,PASSION24.TEXT.RELATED_HOUR_20.BODY.P028,,,414,413,present,V101101_SPEECH_END_BOUNDARY_KEEP,REMOVE,JESUS,,,,v101.103 boundary is displaced from native v101.101 offset 413; remove current offset and restore native offset.,v101103/index.html + v101101/index.html
CURRENT_V101103_LOCAL_BREAK,PASSION24.TEXT.RELATED_HOUR_21.BODY.P013,,,27,,present,V101102_PLUS_DIVINE_START_BOUNDARY_REMOVE,REMOVE,,JESUS,,,Boundary is at a v101.103 divine presentation-run start with no matching v101.101 speech-end boundary; speaker change alone is not paragraph authority.,v101103/index.html + v101101/index.html
CURRENT_V101103_LOCAL_BREAK,PASSION24.TEXT.RELATED_HOUR_21.BODY.P049,,,13,,present,V101102_PLUS_DIVINE_START_BOUNDARY_REMOVE,REMOVE,,JESUS,,,Boundary is at a v101.103 divine presentation-run start with no matching v101.101 speech-end boundary; speaker change alone is not paragraph authority.,v101103/index.html + v101101/index.html
CURRENT_V101103_LOCAL_BREAK,PASSION24.TEXT.RELATED_HOUR_21.BODY.P056,,,13,,present,V101102_PLUS_DIVINE_START_BOUNDARY_REMOVE,REMOVE,,JESUS,,,Boundary is at a v101.103 divine presentation-run start with no matching v101.101 speech-end boundary; speaker change alone is not paragraph authority.,v101103/index.html + v101101/index.html
CURRENT_V101103_LOCAL_BREAK,PASSION24.TEXT.RELATED_HOUR_21.BODY.P057,,,13,,present,V101102_PLUS_DIVINE_START_BOUNDARY_REMOVE,REMOVE,,JESUS,,,Boundary is at a v101.103 divine presentation-run start with no matching v101.101 speech-end boundary; speaker change alone is not paragraph authority.,v101103/index.html + v101101/index.html
CURRENT_V101103_LOCAL_BREAK,PASSION24.TEXT.RELATED_HOUR_21.BODY.P059,,,26,,present,V101102_PLUS_DIVINE_START_BOUNDARY_REMOVE,REMOVE,,JESUS,,,Boundary is at a v101.103 divine presentation-run start with no matching v101.101 speech-end boundary; speaker change alone is not paragraph authority.,v101103/index.html + v101101/index.html
CURRENT_V101103_LOCAL_BREAK,PASSION24.TEXT.RELATED_HOUR_21.BODY.P059,,,95,94,present,V101101_SPEECH_END_BOUNDARY_KEEP,REMOVE,JESUS,,,,v101.103 boundary is displaced from native v101.101 offset 94; remove current offset and restore native offset.,v101103/index.html + v101101/index.html
CURRENT_V101103_LOCAL_BREAK,PASSION24.TEXT.RELATED_HOUR_21.BODY.P090,,,283,282,present,V101101_SPEECH_END_BOUNDARY_KEEP,REMOVE,JESUS,,,,v101.103 boundary is displaced from native v101.101 offset 282; remove current offset and restore native offset.,v101103/index.html + v101101/index.html
CURRENT_V101103_LOCAL_BREAK,PASSION24.TEXT.RELATED_HOUR_21.BODY.P093,,,54,,present,V101102_PLUS_DIVINE_START_BOUNDARY_REMOVE,REMOVE,,JESUS,,,Boundary is at a v101.103 divine presentation-run start with no matching v101.101 speech-end boundary; speaker change alone is not paragraph authority.,v101103/index.html + v101101/index.html
CURRENT_V101103_LOCAL_BREAK,PASSION24.TEXT.RELATED_HOUR_21.BODY.P169,,,17,,present,V101102_PLUS_DIVINE_START_BOUNDARY_REMOVE,REMOVE,,JESUS,,,Boundary is at a v101.103 divine presentation-run start with no matching v101.101 speech-end boundary; speaker change alone is not paragraph authority.,v101103/index.html + v101101/index.html
CURRENT_V101103_LOCAL_BREAK,PASSION24.TEXT.RELATED_HOUR_22.BODY.P009,,,136,,present,V101102_PLUS_DIVINE_START_BOUNDARY_REMOVE,REMOVE,,JESUS,,,Boundary is at a v101.103 divine presentation-run start with no matching v101.101 speech-end boundary; speaker change alone is not paragraph authority.,v101103/index.html + v101101/index.html
CURRENT_V101103_LOCAL_BREAK,PASSION24.TEXT.RELATED_HOUR_22.BODY.P036,,,50,,present,V101102_PLUS_DIVINE_START_BOUNDARY_REMOVE,REMOVE,,JESUS,,,Boundary is at a v101.103 divine presentation-run start with no matching v101.101 speech-end boundary; speaker change alone is not paragraph authority.,v101103/index.html + v101101/index.html
CURRENT_V101103_LOCAL_BREAK,PASSION24.TEXT.RELATED_HOUR_22.BODY.P054,,,13,,present,V101102_PLUS_DIVINE_START_BOUNDARY_REMOVE,REMOVE,,JESUS,,,Boundary is at a v101.103 divine presentation-run start with no matching v101.101 speech-end boundary; speaker change alone is not paragraph authority.,v101103/index.html + v101101/index.html
CURRENT_V101103_LOCAL_BREAK,PASSION24.TEXT.RELATED_HOUR_22.BODY.P088,,,32,,present,V101102_PLUS_DIVINE_START_BOUNDARY_REMOVE,REMOVE,,JESUS,,,Boundary is at a v101.103 divine presentation-run start with no matching v101.101 speech-end boundary; speaker change alone is not paragraph authority.,v101103/index.html + v101101/index.html
CURRENT_V101103_LOCAL_BREAK,PASSION24.TEXT.RELATED_HOUR_22.BODY.P090,,,217,,present,OTHER_EXISTING_BOUNDARY_REQUIRES_PROOF,REMOVE,JESUS,,,,No exact/whitespace-equivalent v101.101 boundary and not a presentation-run start. Requires semantic review before successor; cannot be retained by default.,v101103/index.html + v101101/index.html
CURRENT_V101103_LOCAL_BREAK,PASSION24.TEXT.RELATED_HOUR_22.BODY.P095,,,134,,present,V101102_PLUS_DIVINE_START_BOUNDARY_REMOVE,REMOVE,JESUS,JESUS,,,Boundary is at a v101.103 divine presentation-run start with no matching v101.101 speech-end boundary; speaker change alone is not paragraph authority.,v101103/index.html + v101101/index.html
CURRENT_V101103_LOCAL_BREAK,PASSION24.TEXT.RELATED_HOUR_22.BODY.P096,,,97,,present,V101102_PLUS_DIVINE_START_BOUNDARY_REMOVE,REMOVE,,JESUS,,,Boundary is at a v101.103 divine presentation-run start with no matching v101.101 speech-end boundary; speaker change alone is not paragraph authority.,v101103/index.html + v101101/index.html
CURRENT_V101103_LOCAL_BREAK,PASSION24.TEXT.RELATED_HOUR_24.BODY.P008,,,41,,present,V101102_PLUS_DIVINE_START_BOUNDARY_REMOVE,REMOVE,,JESUS,,,Boundary is at a v101.103 divine presentation-run start with no matching v101.101 speech-end boundary; speaker change alone is not paragraph authority.,v101103/index.html + v101101/index.html
CURRENT_V101103_LOCAL_BREAK,PASSION24.TEXT.RELATED_HOUR_24.BODY.P010,,,13,,present,V101102_PLUS_DIVINE_START_BOUNDARY_REMOVE,REMOVE,,JESUS,,,Boundary is at a v101.103 divine presentation-run start with no matching v101.101 speech-end boundary; speaker change alone is not paragraph authority.,v101103/index.html + v101101/index.html
CURRENT_V101103_LOCAL_BREAK,PASSION24.TEXT.RELATED_HOUR_24.BODY.P010,,,370,369,present,V101101_SPEECH_END_BOUNDARY_KEEP,REMOVE,JESUS,,,,v101.103 boundary is displaced from native v101.101 offset 369; remove current offset and restore native offset.,v101103/index.html + v101101/index.html
CURRENT_V101103_LOCAL_BREAK,PASSION24.TEXT.RELATED_HOUR_24.BODY.P011,,,13,,present,V101102_PLUS_DIVINE_START_BOUNDARY_REMOVE,REMOVE,,JESUS,,,Boundary is at a v101.103 divine presentation-run start with no matching v101.101 speech-end boundary; speaker change alone is not paragraph authority.,v101103/index.html + v101101/index.html
CURRENT_V101103_LOCAL_BREAK,PASSION24.TEXT.RELATED_HOUR_24.BODY.P017,,,218,217,present,V101101_SPEECH_END_BOUNDARY_KEEP,REMOVE,JESUS,,,,v101.103 boundary is displaced from native v101.101 offset 217; remove current offset and restore native offset.,v101103/index.html + v101101/index.html
CURRENT_V101103_LOCAL_BREAK,PASSION24.TEXT.RELATED_HOUR_24.BODY.P022,,,201,,present,V101102_PLUS_DIVINE_START_BOUNDARY_REMOVE,REMOVE,,JESUS,,,Boundary is at a v101.103 divine presentation-run start with no matching v101.101 speech-end boundary; speaker change alone is not paragraph authority.,v101103/index.html + v101101/index.html
CURRENT_V101103_LOCAL_BREAK,PASSION24.TEXT.RELATED_HOUR_24.BODY.P022,,,220,219,present,V101101_SPEECH_END_BOUNDARY_KEEP,REMOVE,JESUS,,,,v101.103 boundary is displaced from native v101.101 offset 219; remove current offset and restore native offset.,v101103/index.html + v101101/index.html
CURRENT_V101103_LOCAL_BREAK,PASSION24.TEXT.SHARED_T09_1910_07_04_AGONY_CROSS_LAST_BREATH.BODY.P003,,,13,,present,V101102_PLUS_DIVINE_START_BOUNDARY_REMOVE,REMOVE,,JESUS,,,Boundary is at a v101.103 divine presentation-run start with no matching v101.101 speech-end boundary; speaker change alone is not paragraph authority.,v101103/index.html + v101101/index.html
V101101_NATIVE_SPEECH_END_BOUNDARY,PASSION24.HOUR.01.P008,,,110,110,absent_or_displaced,V101101_SPEECH_END_BOUNDARY_KEEP,KEEP,,,,,Native v101.101 speech-end topology witness boundary must be represented in successor unless semantic outer-turn audit proves this raw SPEECH_DATA boundary is not a true presentation-turn end.,v101101 SPEECH_END_VISUAL_BREAKS + runtime witness
V101101_NATIVE_SPEECH_END_BOUNDARY,PASSION24.HOUR.01.P014,,,119,119,absent_or_displaced,V101101_SPEECH_END_BOUNDARY_KEEP,KEEP,,,,,Native v101.101 speech-end topology witness boundary must be represented in successor unless semantic outer-turn audit proves this raw SPEECH_DATA boundary is not a true presentation-turn end.,v101101 SPEECH_END_VISUAL_BREAKS + runtime witness
V101101_NATIVE_SPEECH_END_BOUNDARY,PASSION24.HOUR.02.P014,,,203,203,absent_or_displaced,V101101_SPEECH_END_BOUNDARY_KEEP,KEEP,,,,,Native v101.101 speech-end topology witness boundary must be represented in successor unless semantic outer-turn audit proves this raw SPEECH_DATA boundary is not a true presentation-turn end.,v101101 SPEECH_END_VISUAL_BREAKS + runtime witness
V101101_NATIVE_SPEECH_END_BOUNDARY,PASSION24.HOUR.02.P015,,,147,147,absent_or_displaced,V101101_SPEECH_END_BOUNDARY_KEEP,KEEP,,,,,Native v101.101 speech-end topology witness boundary must be represented in successor unless semantic outer-turn audit proves this raw SPEECH_DATA boundary is not a true presentation-turn end.,v101101 SPEECH_END_VISUAL_BREAKS + runtime witness
V101101_NATIVE_SPEECH_END_BOUNDARY,PASSION24.HOUR.04.P034,,,113,113,absent_or_displaced,V101101_SPEECH_END_BOUNDARY_KEEP,KEEP,,,,,Native v101.101 speech-end topology witness boundary must be represented in successor unless semantic outer-turn audit proves this raw SPEECH_DATA boundary is not a true presentation-turn end.,v101101 SPEECH_END_VISUAL_BREAKS + runtime witness
V101101_NATIVE_SPEECH_END_BOUNDARY,PASSION24.HOUR.04.P065,,,93,93,absent_or_displaced,V101101_SPEECH_END_BOUNDARY_KEEP,KEEP,,,,,Native v101.101 speech-end topology witness boundary must be represented in successor unless semantic outer-turn audit proves this raw SPEECH_DATA boundary is not a true presentation-turn end.,v101101 SPEECH_END_VISUAL_BREAKS + runtime witness
V101101_NATIVE_SPEECH_END_BOUNDARY,PASSION24.HOUR.05.P028,,,483,483,absent_or_displaced,V101101_SPEECH_END_BOUNDARY_KEEP,KEEP,,,,,Native v101.101 speech-end topology witness boundary must be represented in successor unless semantic outer-turn audit proves this raw SPEECH_DATA boundary is not a true presentation-turn end.,v101101 SPEECH_END_VISUAL_BREAKS + runtime witness
V101101_NATIVE_SPEECH_END_BOUNDARY,PASSION24.HOUR.05.REF.P005,,,142,142,absent_or_displaced,V101101_SPEECH_END_BOUNDARY_KEEP,KEEP,,,,,Native v101.101 speech-end topology witness boundary must be represented in successor unless semantic outer-turn audit proves this raw SPEECH_DATA boundary is not a true presentation-turn end.,v101101 SPEECH_END_VISUAL_BREAKS + runtime witness
V101101_NATIVE_SPEECH_END_BOUNDARY,PASSION24.HOUR.06.P012,,,106,106,absent_or_displaced,V101101_SPEECH_END_BOUNDARY_KEEP,KEEP,,,,,Native v101.101 speech-end topology witness boundary must be represented in successor unless semantic outer-turn audit proves this raw SPEECH_DATA boundary is not a true presentation-turn end.,v101101 SPEECH_END_VISUAL_BREAKS + runtime witness
V101101_NATIVE_SPEECH_END_BOUNDARY,PASSION24.HOUR.07.P007,,,165,165,absent_or_displaced,V101101_SPEECH_END_BOUNDARY_KEEP,KEEP,,,,,Native v101.101 speech-end topology witness boundary must be represented in successor unless semantic outer-turn audit proves this raw SPEECH_DATA boundary is not a true presentation-turn end.,v101101 SPEECH_END_VISUAL_BREAKS + runtime witness
V101101_NATIVE_SPEECH_END_BOUNDARY,PASSION24.HOUR.07.P015,,,147,147,absent_or_displaced,V101101_SPEECH_END_BOUNDARY_KEEP,KEEP,,,,,Native v101.101 speech-end topology witness boundary must be represented in successor unless semantic outer-turn audit proves this raw SPEECH_DATA boundary is not a true presentation-turn end.,v101101 SPEECH_END_VISUAL_BREAKS + runtime witness
V101101_NATIVE_SPEECH_END_BOUNDARY,PASSION24.HOUR.07.P030,,,22,22,absent_or_displaced,V101101_SPEECH_END_BOUNDARY_KEEP,KEEP,,,,,Native v101.101 speech-end topology witness boundary must be represented in successor unless semantic outer-turn audit proves this raw SPEECH_DATA boundary is not a true presentation-turn end.,v101101 SPEECH_END_VISUAL_BREAKS + runtime witness
V101101_NATIVE_SPEECH_END_BOUNDARY,PASSION24.HOUR.07.P117,,,228,228,absent_or_displaced,V101101_SPEECH_END_BOUNDARY_KEEP,KEEP,,,,,Native v101.101 speech-end topology witness boundary must be represented in successor unless semantic outer-turn audit proves this raw SPEECH_DATA boundary is not a true presentation-turn end.,v101101 SPEECH_END_VISUAL_BREAKS + runtime witness
V101101_NATIVE_SPEECH_END_BOUNDARY,PASSION24.HOUR.07.P125,,,128,128,absent_or_displaced,V101101_SPEECH_END_BOUNDARY_KEEP,KEEP,,,,,Native v101.101 speech-end topology witness boundary must be represented in successor unless semantic outer-turn audit proves this raw SPEECH_DATA boundary is not a true presentation-turn end.,v101101 SPEECH_END_VISUAL_BREAKS + runtime witness
V101101_NATIVE_SPEECH_END_BOUNDARY,PASSION24.HOUR.08.P007,,,111,111,absent_or_displaced,V101101_SPEECH_END_BOUNDARY_KEEP,KEEP,,,,,Native v101.101 speech-end topology witness boundary must be represented in successor unless semantic outer-turn audit proves this raw SPEECH_DATA boundary is not a true presentation-turn end.,v101101 SPEECH_END_VISUAL_BREAKS + runtime witness
V101101_NATIVE_SPEECH_END_BOUNDARY,PASSION24.HOUR.08.P008,,,42,42,absent_or_displaced,V101101_SPEECH_END_BOUNDARY_KEEP,KEEP,,,,,Native v101.101 speech-end topology witness boundary must be represented in successor unless semantic outer-turn audit proves this raw SPEECH_DATA boundary is not a true presentation-turn end.,v101101 SPEECH_END_VISUAL_BREAKS + runtime witness
V101101_NATIVE_SPEECH_END_BOUNDARY,PASSION24.HOUR.08.P009,,,42,42,absent_or_displaced,V101101_SPEECH_END_BOUNDARY_KEEP,KEEP,,,,,Native v101.101 speech-end topology witness boundary must be represented in successor unless semantic outer-turn audit proves this raw SPEECH_DATA boundary is not a true presentation-turn end.,v101101 SPEECH_END_VISUAL_BREAKS + runtime witness
V101101_NATIVE_SPEECH_END_BOUNDARY,PASSION24.HOUR.08.P009,,,140,140,absent_or_displaced,V101101_SPEECH_END_BOUNDARY_KEEP,KEEP,,,,,Native v101.101 speech-end topology witness boundary must be represented in successor unless semantic outer-turn audit proves this raw SPEECH_DATA boundary is not a true presentation-turn end.,v101101 SPEECH_END_VISUAL_BREAKS + runtime witness
V101101_NATIVE_SPEECH_END_BOUNDARY,PASSION24.HOUR.08.P010,,,49,49,absent_or_displaced,V101101_SPEECH_END_BOUNDARY_KEEP,KEEP,,,,,Native v101.101 speech-end topology witness boundary must be represented in successor unless semantic outer-turn audit proves this raw SPEECH_DATA boundary is not a true presentation-turn end.,v101101 SPEECH_END_VISUAL_BREAKS + runtime witness
V101101_NATIVE_SPEECH_END_BOUNDARY,PASSION24.HOUR.08.P014,,,34,34,absent_or_displaced,V101101_SPEECH_END_BOUNDARY_KEEP,KEEP,,,,,Native v101.101 speech-end topology witness boundary must be represented in successor unless semantic outer-turn audit proves this raw SPEECH_DATA boundary is not a true presentation-turn end.,v101101 SPEECH_END_VISUAL_BREAKS + runtime witness
V101101_NATIVE_SPEECH_END_BOUNDARY,PASSION24.HOUR.08.P015,,,50,50,absent_or_displaced,V101101_SPEECH_END_BOUNDARY_KEEP,KEEP,,,,,Native v101.101 speech-end topology witness boundary must be represented in successor unless semantic outer-turn audit proves this raw SPEECH_DATA boundary is not a true presentation-turn end.,v101101 SPEECH_END_VISUAL_BREAKS + runtime witness
V101101_NATIVE_SPEECH_END_BOUNDARY,PASSION24.HOUR.09.P010,,,147,147,absent_or_displaced,V101101_SPEECH_END_BOUNDARY_KEEP,KEEP,,,,,Native v101.101 speech-end topology witness boundary must be represented in successor unless semantic outer-turn audit proves this raw SPEECH_DATA boundary is not a true presentation-turn end.,v101101 SPEECH_END_VISUAL_BREAKS + runtime witness
V101101_NATIVE_SPEECH_END_BOUNDARY,PASSION24.HOUR.10.P002,,,206,206,absent_or_displaced,V101101_SPEECH_END_BOUNDARY_KEEP,KEEP,,,,,Native v101.101 speech-end topology witness boundary must be represented in successor unless semantic outer-turn audit proves this raw SPEECH_DATA boundary is not a true presentation-turn end.,v101101 SPEECH_END_VISUAL_BREAKS + runtime witness
V101101_NATIVE_SPEECH_END_BOUNDARY,PASSION24.HOUR.11.P010,,,141,141,absent_or_displaced,V101101_SPEECH_END_BOUNDARY_KEEP,KEEP,,,,,Native v101.101 speech-end topology witness boundary must be represented in successor unless semantic outer-turn audit proves this raw SPEECH_DATA boundary is not a true presentation-turn end.,v101101 SPEECH_END_VISUAL_BREAKS + runtime witness
V101101_NATIVE_SPEECH_END_BOUNDARY,PASSION24.HOUR.11.P021,,,251,251,absent_or_displaced,V101101_SPEECH_END_BOUNDARY_KEEP,KEEP,,,,,Native v101.101 speech-end topology witness boundary must be represented in successor unless semantic outer-turn audit proves this raw SPEECH_DATA boundary is not a true presentation-turn end.,v101101 SPEECH_END_VISUAL_BREAKS + runtime witness
V101101_NATIVE_SPEECH_END_BOUNDARY,PASSION24.HOUR.13.P005,,,147,147,absent_or_displaced,V101101_SPEECH_END_BOUNDARY_KEEP,KEEP,,,,,Native v101.101 speech-end topology witness boundary must be represented in successor unless semantic outer-turn audit proves this raw SPEECH_DATA boundary is not a true presentation-turn end.,v101101 SPEECH_END_VISUAL_BREAKS + runtime witness
V101101_NATIVE_SPEECH_END_BOUNDARY,PASSION24.HOUR.15.P005,,,162,162,absent_or_displaced,V101101_SPEECH_END_BOUNDARY_KEEP,KEEP,,,,,Native v101.101 speech-end topology witness boundary must be represented in successor unless semantic outer-turn audit proves this raw SPEECH_DATA boundary is not a true presentation-turn end.,v101101 SPEECH_END_VISUAL_BREAKS + runtime witness
V101101_NATIVE_SPEECH_END_BOUNDARY,PASSION24.HOUR.16.P015,,,103,103,absent_or_displaced,V101101_SPEECH_END_BOUNDARY_KEEP,KEEP,,,,,Native v101.101 speech-end topology witness boundary must be represented in successor unless semantic outer-turn audit proves this raw SPEECH_DATA boundary is not a true presentation-turn end.,v101101 SPEECH_END_VISUAL_BREAKS + runtime witness
V101101_NATIVE_SPEECH_END_BOUNDARY,PASSION24.HOUR.16.P028,,,76,76,absent_or_displaced,V101101_SPEECH_END_BOUNDARY_KEEP,KEEP,,,,,Native v101.101 speech-end topology witness boundary must be represented in successor unless semantic outer-turn audit proves this raw SPEECH_DATA boundary is not a true presentation-turn end.,v101101 SPEECH_END_VISUAL_BREAKS + runtime witness
V101101_NATIVE_SPEECH_END_BOUNDARY,PASSION24.HOUR.16.P045,,,193,193,absent_or_displaced,V101101_SPEECH_END_BOUNDARY_KEEP,KEEP,,,,,Native v101.101 speech-end topology witness boundary must be represented in successor unless semantic outer-turn audit proves this raw SPEECH_DATA boundary is not a true presentation-turn end.,v101101 SPEECH_END_VISUAL_BREAKS + runtime witness
V101101_NATIVE_SPEECH_END_BOUNDARY,PASSION24.HOUR.17.P014,,,47,47,absent_or_displaced,V101101_SPEECH_END_BOUNDARY_KEEP,KEEP,,,,,Native v101.101 speech-end topology witness boundary must be represented in successor unless semantic outer-turn audit proves this raw SPEECH_DATA boundary is not a true presentation-turn end.,v101101 SPEECH_END_VISUAL_BREAKS + runtime witness
V101101_NATIVE_SPEECH_END_BOUNDARY,PASSION24.HOUR.17.P044,,,293,293,absent_or_displaced,V101101_SPEECH_END_BOUNDARY_KEEP,KEEP,,,,,Native v101.101 speech-end topology witness boundary must be represented in successor unless semantic outer-turn audit proves this raw SPEECH_DATA boundary is not a true presentation-turn end.,v101101 SPEECH_END_VISUAL_BREAKS + runtime witness
V101101_NATIVE_SPEECH_END_BOUNDARY,PASSION24.HOUR.18.P002,,,61,61,absent_or_displaced,V101101_SPEECH_END_BOUNDARY_KEEP,KEEP,,,,,Native v101.101 speech-end topology witness boundary must be represented in successor unless semantic outer-turn audit proves this raw SPEECH_DATA boundary is not a true presentation-turn end.,v101101 SPEECH_END_VISUAL_BREAKS + runtime witness
V101101_NATIVE_SPEECH_END_BOUNDARY,PASSION24.HOUR.18.P031,,,156,156,absent_or_displaced,V101101_SPEECH_END_BOUNDARY_KEEP,KEEP,,,,,Native v101.101 speech-end topology witness boundary must be represented in successor unless semantic outer-turn audit proves this raw SPEECH_DATA boundary is not a true presentation-turn end.,v101101 SPEECH_END_VISUAL_BREAKS + runtime witness
V101101_NATIVE_SPEECH_END_BOUNDARY,PASSION24.HOUR.18.P113,,,148,148,absent_or_displaced,V101101_SPEECH_END_BOUNDARY_KEEP,KEEP,,,,,Native v101.101 speech-end topology witness boundary must be represented in successor unless semantic outer-turn audit proves this raw SPEECH_DATA boundary is not a true presentation-turn end.,v101101 SPEECH_END_VISUAL_BREAKS + runtime witness
V101101_NATIVE_SPEECH_END_BOUNDARY,PASSION24.HOUR.19.P018,,,95,95,absent_or_displaced,V101101_SPEECH_END_BOUNDARY_KEEP,KEEP,,,,,Native v101.101 speech-end topology witness boundary must be represented in successor unless semantic outer-turn audit proves this raw SPEECH_DATA boundary is not a true presentation-turn end.,v101101 SPEECH_END_VISUAL_BREAKS + runtime witness
V101101_NATIVE_SPEECH_END_BOUNDARY,PASSION24.HOUR.19.P126,,,145,145,absent_or_displaced,V101101_SPEECH_END_BOUNDARY_KEEP,KEEP,,,,,Native v101.101 speech-end topology witness boundary must be represented in successor unless semantic outer-turn audit proves this raw SPEECH_DATA boundary is not a true presentation-turn end.,v101101 SPEECH_END_VISUAL_BREAKS + runtime witness
V101101_NATIVE_SPEECH_END_BOUNDARY,PASSION24.HOUR.19.P137,,,119,119,absent_or_displaced,V101101_SPEECH_END_BOUNDARY_KEEP,KEEP,,,,,Native v101.101 speech-end topology witness boundary must be represented in successor unless semantic outer-turn audit proves this raw SPEECH_DATA boundary is not a true presentation-turn end.,v101101 SPEECH_END_VISUAL_BREAKS + runtime witness
V101101_NATIVE_SPEECH_END_BOUNDARY,PASSION24.HOUR.19.P165,,,150,150,absent_or_displaced,V101101_SPEECH_END_BOUNDARY_KEEP,KEEP,,,,,Native v101.101 speech-end topology witness boundary must be represented in successor unless semantic outer-turn audit proves this raw SPEECH_DATA boundary is not a true presentation-turn end.,v101101 SPEECH_END_VISUAL_BREAKS + runtime witness
V101101_NATIVE_SPEECH_END_BOUNDARY,PASSION24.HOUR.20.P010,,,63,63,absent_or_displaced,V101101_SPEECH_END_BOUNDARY_KEEP,KEEP,,,,,Native v101.101 speech-end topology witness boundary must be represented in successor unless semantic outer-turn audit proves this raw SPEECH_DATA boundary is not a true presentation-turn end.,v101101 SPEECH_END_VISUAL_BREAKS + runtime witness
V101101_NATIVE_SPEECH_END_BOUNDARY,PASSION24.HOUR.21.P020,,,69,69,absent_or_displaced,V101101_SPEECH_END_BOUNDARY_KEEP,KEEP,,,,,Native v101.101 speech-end topology witness boundary must be represented in successor unless semantic outer-turn audit proves this raw SPEECH_DATA boundary is not a true presentation-turn end.,v101101 SPEECH_END_VISUAL_BREAKS + runtime witness
V101101_NATIVE_SPEECH_END_BOUNDARY,PASSION24.HOUR.21.P023,,,137,137,absent_or_displaced,V101101_SPEECH_END_BOUNDARY_KEEP,KEEP,,,,,Native v101.101 speech-end topology witness boundary must be represented in successor unless semantic outer-turn audit proves this raw SPEECH_DATA boundary is not a true presentation-turn end.,v101101 SPEECH_END_VISUAL_BREAKS + runtime witness
V101101_NATIVE_SPEECH_END_BOUNDARY,PASSION24.HOUR.21.P025,,,118,118,absent_or_displaced,V101101_SPEECH_END_BOUNDARY_KEEP,KEEP,,,,,Native v101.101 speech-end topology witness boundary must be represented in successor unless semantic outer-turn audit proves this raw SPEECH_DATA boundary is not a true presentation-turn end.,v101101 SPEECH_END_VISUAL_BREAKS + runtime witness
V101101_NATIVE_SPEECH_END_BOUNDARY,PASSION24.HOUR.21.P027,,,216,216,absent_or_displaced,V101101_SPEECH_END_BOUNDARY_KEEP,KEEP,,,,,Native v101.101 speech-end topology witness boundary must be represented in successor unless semantic outer-turn audit proves this raw SPEECH_DATA boundary is not a true presentation-turn end.,v101101 SPEECH_END_VISUAL_BREAKS + runtime witness
V101101_NATIVE_SPEECH_END_BOUNDARY,PASSION24.HOUR.21.P068,,,86,86,absent_or_displaced,V101101_SPEECH_END_BOUNDARY_KEEP,KEEP,,,,,Native v101.101 speech-end topology witness boundary must be represented in successor unless semantic outer-turn audit proves this raw SPEECH_DATA boundary is not a true presentation-turn end.,v101101 SPEECH_END_VISUAL_BREAKS + runtime witness
V101101_NATIVE_SPEECH_END_BOUNDARY,PASSION24.HOUR.22.P006,,,160,160,absent_or_displaced,V101101_SPEECH_END_BOUNDARY_KEEP,KEEP,,,,,Native v101.101 speech-end topology witness boundary must be represented in successor unless semantic outer-turn audit proves this raw SPEECH_DATA boundary is not a true presentation-turn end.,v101101 SPEECH_END_VISUAL_BREAKS + runtime witness
V101101_NATIVE_SPEECH_END_BOUNDARY,PASSION24.HOUR.22.P022,,,23,23,absent_or_displaced,V101101_SPEECH_END_BOUNDARY_KEEP,KEEP,,,,,Native v101.101 speech-end topology witness boundary must be represented in successor unless semantic outer-turn audit proves this raw SPEECH_DATA boundary is not a true presentation-turn end.,v101101 SPEECH_END_VISUAL_BREAKS + runtime witness
V101101_NATIVE_SPEECH_END_BOUNDARY,PASSION24.HOUR.22.REF.P001,,,237,237,absent_or_displaced,V101101_SPEECH_END_BOUNDARY_KEEP,KEEP,,,,,Native v101.101 speech-end topology witness boundary must be represented in successor unless semantic outer-turn audit proves this raw SPEECH_DATA boundary is not a true presentation-turn end.,v101101 SPEECH_END_VISUAL_BREAKS + runtime witness
V101101_NATIVE_SPEECH_END_BOUNDARY,PASSION24.HOUR.24.DESOL.P014,,,119,119,absent_or_displaced,V101101_SPEECH_END_BOUNDARY_KEEP,KEEP,,,,,Native v101.101 speech-end topology witness boundary must be represented in successor unless semantic outer-turn audit proves this raw SPEECH_DATA boundary is not a true presentation-turn end.,v101101 SPEECH_END_VISUAL_BREAKS + runtime witness
V101101_NATIVE_SPEECH_END_BOUNDARY,PASSION24.HOUR.24.DESOL.P027,,,79,79,absent_or_displaced,V101101_SPEECH_END_BOUNDARY_KEEP,KEEP,,,,,Native v101.101 speech-end topology witness boundary must be represented in successor unless semantic outer-turn audit proves this raw SPEECH_DATA boundary is not a true presentation-turn end.,v101101 SPEECH_END_VISUAL_BREAKS + runtime witness
V101101_NATIVE_SPEECH_END_BOUNDARY,PASSION24.HOUR.24.DESOL.P037,,,62,62,absent_or_displaced,V101101_SPEECH_END_BOUNDARY_KEEP,KEEP,,,,,Native v101.101 speech-end topology witness boundary must be represented in successor unless semantic outer-turn audit proves this raw SPEECH_DATA boundary is not a true presentation-turn end.,v101101 SPEECH_END_VISUAL_BREAKS + runtime witness
V101101_NATIVE_SPEECH_END_BOUNDARY,PASSION24.SECTION.BENEFITS.P102,,,195,195,absent_or_displaced,V101101_SPEECH_END_BOUNDARY_KEEP,KEEP,,,,,Native v101.101 speech-end topology witness boundary must be represented in successor unless semantic outer-turn audit proves this raw SPEECH_DATA boundary is not a true presentation-turn end.,v101101 SPEECH_END_VISUAL_BREAKS + runtime witness
V101101_NATIVE_SPEECH_END_BOUNDARY,PASSION24.SECTION.BENEFITS.P116,,,217,217,absent_or_displaced,V101101_SPEECH_END_BOUNDARY_KEEP,KEEP,,,,,Native v101.101 speech-end topology witness boundary must be represented in successor unless semantic outer-turn audit proves this raw SPEECH_DATA boundary is not a true presentation-turn end.,v101101 SPEECH_END_VISUAL_BREAKS + runtime witness
V101101_NATIVE_SPEECH_END_BOUNDARY,PASSION24.SECTION.BENEFITS.P122,,,78,78,absent_or_displaced,V101101_SPEECH_END_BOUNDARY_KEEP,KEEP,,,,,Native v101.101 speech-end topology witness boundary must be represented in successor unless semantic outer-turn audit proves this raw SPEECH_DATA boundary is not a true presentation-turn end.,v101101 SPEECH_END_VISUAL_BREAKS + runtime witness
V101101_NATIVE_SPEECH_END_BOUNDARY,PASSION24.SECTION.BENEFITS.P136,,,157,157,absent_or_displaced,V101101_SPEECH_END_BOUNDARY_KEEP,KEEP,,,,,Native v101.101 speech-end topology witness boundary must be represented in successor unless semantic outer-turn audit proves this raw SPEECH_DATA boundary is not a true presentation-turn end.,v101101 SPEECH_END_VISUAL_BREAKS + runtime witness
V101101_NATIVE_SPEECH_END_BOUNDARY,PASSION24.SECTION.BENEFITS.P139,,,77,77,absent_or_displaced,V101101_SPEECH_END_BOUNDARY_KEEP,KEEP,,,,,Native v101.101 speech-end topology witness boundary must be represented in successor unless semantic outer-turn audit proves this raw SPEECH_DATA boundary is not a true presentation-turn end.,v101101 SPEECH_END_VISUAL_BREAKS + runtime witness
V101101_NATIVE_SPEECH_END_BOUNDARY,PASSION24.SECTION.BENEFITS.P149,,,140,140,absent_or_displaced,V101101_SPEECH_END_BOUNDARY_KEEP,KEEP,,,,,Native v101.101 speech-end topology witness boundary must be represented in successor unless semantic outer-turn audit proves this raw SPEECH_DATA boundary is not a true presentation-turn end.,v101101 SPEECH_END_VISUAL_BREAKS + runtime witness
V101101_NATIVE_SPEECH_END_BOUNDARY,PASSION24.TEXT.PART_III_MARY_SORROWS.BODY.P069,,,60,60,absent_or_displaced,V101101_SPEECH_END_BOUNDARY_KEEP,KEEP,,,,,Native v101.101 speech-end topology witness boundary must be represented in successor unless semantic outer-turn audit proves this raw SPEECH_DATA boundary is not a true presentation-turn end.,v101101 SPEECH_END_VISUAL_BREAKS + runtime witness
V101101_NATIVE_SPEECH_END_BOUNDARY,PASSION24.TEXT.PART_III_MARY_SORROWS.BODY.P069,,,70,70,absent_or_displaced,V101101_SPEECH_END_BOUNDARY_KEEP,KEEP,,,,,Native v101.101 speech-end topology witness boundary must be represented in successor unless semantic outer-turn audit proves this raw SPEECH_DATA boundary is not a true presentation-turn end.,v101101 SPEECH_END_VISUAL_BREAKS + runtime witness
V101101_NATIVE_SPEECH_END_BOUNDARY,PASSION24.TEXT.PROMISES_BENEFITS.BODY.P097,,,195,195,absent_or_displaced,V101101_SPEECH_END_BOUNDARY_KEEP,KEEP,,,,,Native v101.101 speech-end topology witness boundary must be represented in successor unless semantic outer-turn audit proves this raw SPEECH_DATA boundary is not a true presentation-turn end.,v101101 SPEECH_END_VISUAL_BREAKS + runtime witness
V101101_NATIVE_SPEECH_END_BOUNDARY,PASSION24.TEXT.PROMISES_BENEFITS.BODY.P111,,,217,217,absent_or_displaced,V101101_SPEECH_END_BOUNDARY_KEEP,KEEP,,,,,Native v101.101 speech-end topology witness boundary must be represented in successor unless semantic outer-turn audit proves this raw SPEECH_DATA boundary is not a true presentation-turn end.,v101101 SPEECH_END_VISUAL_BREAKS + runtime witness
V101101_NATIVE_SPEECH_END_BOUNDARY,PASSION24.TEXT.PROMISES_BENEFITS.BODY.P117,,,78,78,absent_or_displaced,V101101_SPEECH_END_BOUNDARY_KEEP,KEEP,,,,,Native v101.101 speech-end topology witness boundary must be represented in successor unless semantic outer-turn audit proves this raw SPEECH_DATA boundary is not a true presentation-turn end.,v101101 SPEECH_END_VISUAL_BREAKS + runtime witness
V101101_NATIVE_SPEECH_END_BOUNDARY,PASSION24.TEXT.PROMISES_BENEFITS.BODY.P131,,,157,157,absent_or_displaced,V101101_SPEECH_END_BOUNDARY_KEEP,KEEP,,,,,Native v101.101 speech-end topology witness boundary must be represented in successor unless semantic outer-turn audit proves this raw SPEECH_DATA boundary is not a true presentation-turn end.,v101101 SPEECH_END_VISUAL_BREAKS + runtime witness
V101101_NATIVE_SPEECH_END_BOUNDARY,PASSION24.TEXT.PROMISES_BENEFITS.BODY.P134,,,77,77,absent_or_displaced,V101101_SPEECH_END_BOUNDARY_KEEP,KEEP,,,,,Native v101.101 speech-end topology witness boundary must be represented in successor unless semantic outer-turn audit proves this raw SPEECH_DATA boundary is not a true presentation-turn end.,v101101 SPEECH_END_VISUAL_BREAKS + runtime witness
V101101_NATIVE_SPEECH_END_BOUNDARY,PASSION24.TEXT.PROMISES_BENEFITS.BODY.P144,,,140,140,absent_or_displaced,V101101_SPEECH_END_BOUNDARY_KEEP,KEEP,,,,,Native v101.101 speech-end topology witness boundary must be represented in successor unless semantic outer-turn audit proves this raw SPEECH_DATA boundary is not a true presentation-turn end.,v101101 SPEECH_END_VISUAL_BREAKS + runtime witness
V101101_NATIVE_SPEECH_END_BOUNDARY,PASSION24.TEXT.RELATED_HOUR_01.BODY.P047,,,317,317,absent_or_displaced,V101101_SPEECH_END_BOUNDARY_KEEP,KEEP,,,,,Native v101.101 speech-end topology witness boundary must be represented in successor unless semantic outer-turn audit proves this raw SPEECH_DATA boundary is not a true presentation-turn end.,v101101 SPEECH_END_VISUAL_BREAKS + runtime witness
V101101_NATIVE_SPEECH_END_BOUNDARY,PASSION24.TEXT.RELATED_HOUR_06.BODY.P011,,,69,69,absent_or_displaced,V101101_SPEECH_END_BOUNDARY_KEEP,KEEP,,,,,Native v101.101 speech-end topology witness boundary must be represented in successor unless semantic outer-turn audit proves this raw SPEECH_DATA boundary is not a true presentation-turn end.,v101101 SPEECH_END_VISUAL_BREAKS + runtime witness
V101101_NATIVE_SPEECH_END_BOUNDARY,PASSION24.TEXT.RELATED_HOUR_06.BODY.P033,,,111,111,absent_or_displaced,V101101_SPEECH_END_BOUNDARY_KEEP,KEEP,,,,,Native v101.101 speech-end topology witness boundary must be represented in successor unless semantic outer-turn audit proves this raw SPEECH_DATA boundary is not a true presentation-turn end.,v101101 SPEECH_END_VISUAL_BREAKS + runtime witness
V101101_NATIVE_SPEECH_END_BOUNDARY,PASSION24.TEXT.RELATED_HOUR_06.BODY.P036,,,121,121,absent_or_displaced,V101101_SPEECH_END_BOUNDARY_KEEP,KEEP,,,,,Native v101.101 speech-end topology witness boundary must be represented in successor unless semantic outer-turn audit proves this raw SPEECH_DATA boundary is not a true presentation-turn end.,v101101 SPEECH_END_VISUAL_BREAKS + runtime witness
V101101_NATIVE_SPEECH_END_BOUNDARY,PASSION24.TEXT.RELATED_HOUR_06.BODY.P043,,,49,49,absent_or_displaced,V101101_SPEECH_END_BOUNDARY_KEEP,KEEP,,,,,Native v101.101 speech-end topology witness boundary must be represented in successor unless semantic outer-turn audit proves this raw SPEECH_DATA boundary is not a true presentation-turn end.,v101101 SPEECH_END_VISUAL_BREAKS + runtime witness
V101101_NATIVE_SPEECH_END_BOUNDARY,PASSION24.TEXT.RELATED_HOUR_06.BODY.P047,,,58,58,absent_or_displaced,V101101_SPEECH_END_BOUNDARY_KEEP,KEEP,,,,,Native v101.101 speech-end topology witness boundary must be represented in successor unless semantic outer-turn audit proves this raw SPEECH_DATA boundary is not a true presentation-turn end.,v101101 SPEECH_END_VISUAL_BREAKS + runtime witness
V101101_NATIVE_SPEECH_END_BOUNDARY,PASSION24.TEXT.RELATED_HOUR_06.BODY.P051,,,210,210,absent_or_displaced,V101101_SPEECH_END_BOUNDARY_KEEP,KEEP,,,,,Native v101.101 speech-end topology witness boundary must be represented in successor unless semantic outer-turn audit proves this raw SPEECH_DATA boundary is not a true presentation-turn end.,v101101 SPEECH_END_VISUAL_BREAKS + runtime witness
V101101_NATIVE_SPEECH_END_BOUNDARY,PASSION24.TEXT.RELATED_HOUR_06.BODY.P051,,,259,259,absent_or_displaced,V101101_SPEECH_END_BOUNDARY_KEEP,KEEP,,,,,Native v101.101 speech-end topology witness boundary must be represented in successor unless semantic outer-turn audit proves this raw SPEECH_DATA boundary is not a true presentation-turn end.,v101101 SPEECH_END_VISUAL_BREAKS + runtime witness
V101101_NATIVE_SPEECH_END_BOUNDARY,PASSION24.TEXT.RELATED_HOUR_06.BODY.P053,,,121,121,absent_or_displaced,V101101_SPEECH_END_BOUNDARY_KEEP,KEEP,,,,,Native v101.101 speech-end topology witness boundary must be represented in successor unless semantic outer-turn audit proves this raw SPEECH_DATA boundary is not a true presentation-turn end.,v101101 SPEECH_END_VISUAL_BREAKS + runtime witness
V101101_NATIVE_SPEECH_END_BOUNDARY,PASSION24.TEXT.RELATED_HOUR_06.BODY.P054,,,35,35,absent_or_displaced,V101101_SPEECH_END_BOUNDARY_KEEP,KEEP,,,,,Native v101.101 speech-end topology witness boundary must be represented in successor unless semantic outer-turn audit proves this raw SPEECH_DATA boundary is not a true presentation-turn end.,v101101 SPEECH_END_VISUAL_BREAKS + runtime witness
V101101_NATIVE_SPEECH_END_BOUNDARY,PASSION24.TEXT.RELATED_HOUR_06.BODY.P058,,,49,49,absent_or_displaced,V101101_SPEECH_END_BOUNDARY_KEEP,KEEP,,,,,Native v101.101 speech-end topology witness boundary must be represented in successor unless semantic outer-turn audit proves this raw SPEECH_DATA boundary is not a true presentation-turn end.,v101101 SPEECH_END_VISUAL_BREAKS + runtime witness
V101101_NATIVE_SPEECH_END_BOUNDARY,PASSION24.TEXT.RELATED_HOUR_06.BODY.P068,,,311,311,absent_or_displaced,V101101_SPEECH_END_BOUNDARY_KEEP,KEEP,,,,,Native v101.101 speech-end topology witness boundary must be represented in successor unless semantic outer-turn audit proves this raw SPEECH_DATA boundary is not a true presentation-turn end.,v101101 SPEECH_END_VISUAL_BREAKS + runtime witness
V101101_NATIVE_SPEECH_END_BOUNDARY,PASSION24.TEXT.RELATED_HOUR_07.BODY.P036,,,43,43,absent_or_displaced,V101101_SPEECH_END_BOUNDARY_KEEP,KEEP,,,,,Native v101.101 speech-end topology witness boundary must be represented in successor unless semantic outer-turn audit proves this raw SPEECH_DATA boundary is not a true presentation-turn end.,v101101 SPEECH_END_VISUAL_BREAKS + runtime witness
V101101_NATIVE_SPEECH_END_BOUNDARY,PASSION24.TEXT.RELATED_HOUR_10.BODY.P009,,,268,268,absent_or_displaced,V101101_SPEECH_END_BOUNDARY_KEEP,KEEP,,,,,Native v101.101 speech-end topology witness boundary must be represented in successor unless semantic outer-turn audit proves this raw SPEECH_DATA boundary is not a true presentation-turn end.,v101101 SPEECH_END_VISUAL_BREAKS + runtime witness
V101101_NATIVE_SPEECH_END_BOUNDARY,PASSION24.TEXT.RELATED_HOUR_13.BODY.P013,,,162,162,absent_or_displaced,V101101_SPEECH_END_BOUNDARY_KEEP,KEEP,,,,,Native v101.101 speech-end topology witness boundary must be represented in successor unless semantic outer-turn audit proves this raw SPEECH_DATA boundary is not a true presentation-turn end.,v101101 SPEECH_END_VISUAL_BREAKS + runtime witness
V101101_NATIVE_SPEECH_END_BOUNDARY,PASSION24.TEXT.RELATED_HOUR_13.BODY.P039,,,422,422,absent_or_displaced,V101101_SPEECH_END_BOUNDARY_KEEP,KEEP,,,,,Native v101.101 speech-end topology witness boundary must be represented in successor unless semantic outer-turn audit proves this raw SPEECH_DATA boundary is not a true presentation-turn end.,v101101 SPEECH_END_VISUAL_BREAKS + runtime witness
V101101_NATIVE_SPEECH_END_BOUNDARY,PASSION24.TEXT.RELATED_HOUR_13.BODY.P056,,,128,128,absent_or_displaced,V101101_SPEECH_END_BOUNDARY_KEEP,KEEP,,,,,Native v101.101 speech-end topology witness boundary must be represented in successor unless semantic outer-turn audit proves this raw SPEECH_DATA boundary is not a true presentation-turn end.,v101101 SPEECH_END_VISUAL_BREAKS + runtime witness
V101101_NATIVE_SPEECH_END_BOUNDARY,PASSION24.TEXT.RELATED_HOUR_13.BODY.P138,,,37,37,absent_or_displaced,V101101_SPEECH_END_BOUNDARY_KEEP,KEEP,,,,,Native v101.101 speech-end topology witness boundary must be represented in successor unless semantic outer-turn audit proves this raw SPEECH_DATA boundary is not a true presentation-turn end.,v101101 SPEECH_END_VISUAL_BREAKS + runtime witness
V101101_NATIVE_SPEECH_END_BOUNDARY,PASSION24.TEXT.RELATED_HOUR_14.BODY.P019,,,66,66,absent_or_displaced,V101101_SPEECH_END_BOUNDARY_KEEP,KEEP,,,,,Native v101.101 speech-end topology witness boundary must be represented in successor unless semantic outer-turn audit proves this raw SPEECH_DATA boundary is not a true presentation-turn end.,v101101 SPEECH_END_VISUAL_BREAKS + runtime witness
V101101_NATIVE_SPEECH_END_BOUNDARY,PASSION24.TEXT.RELATED_HOUR_15.BODY.P109,,,426,426,absent_or_displaced,V101101_SPEECH_END_BOUNDARY_KEEP,KEEP,,,,,Native v101.101 speech-end topology witness boundary must be represented in successor unless semantic outer-turn audit proves this raw SPEECH_DATA boundary is not a true presentation-turn end.,v101101 SPEECH_END_VISUAL_BREAKS + runtime witness
V101101_NATIVE_SPEECH_END_BOUNDARY,PASSION24.TEXT.RELATED_HOUR_15.BODY.P174,,,33,33,absent_or_displaced,V101101_SPEECH_END_BOUNDARY_KEEP,KEEP,,,,,Native v101.101 speech-end topology witness boundary must be represented in successor unless semantic outer-turn audit proves this raw SPEECH_DATA boundary is not a true presentation-turn end.,v101101 SPEECH_END_VISUAL_BREAKS + runtime witness
V101101_NATIVE_SPEECH_END_BOUNDARY,PASSION24.TEXT.RELATED_HOUR_16.BODY.P047,,,140,140,absent_or_displaced,V101101_SPEECH_END_BOUNDARY_KEEP,KEEP,,,,,Native v101.101 speech-end topology witness boundary must be represented in successor unless semantic outer-turn audit proves this raw SPEECH_DATA boundary is not a true presentation-turn end.,v101101 SPEECH_END_VISUAL_BREAKS + runtime witness
V101101_NATIVE_SPEECH_END_BOUNDARY,PASSION24.TEXT.RELATED_HOUR_16.BODY.P096,,,250,250,absent_or_displaced,V101101_SPEECH_END_BOUNDARY_KEEP,KEEP,,,,,Native v101.101 speech-end topology witness boundary must be represented in successor unless semantic outer-turn audit proves this raw SPEECH_DATA boundary is not a true presentation-turn end.,v101101 SPEECH_END_VISUAL_BREAKS + runtime witness
V101101_NATIVE_SPEECH_END_BOUNDARY,PASSION24.TEXT.RELATED_HOUR_17.BODY.P032,,,102,102,absent_or_displaced,V101101_SPEECH_END_BOUNDARY_KEEP,KEEP,,,,,Native v101.101 speech-end topology witness boundary must be represented in successor unless semantic outer-turn audit proves this raw SPEECH_DATA boundary is not a true presentation-turn end.,v101101 SPEECH_END_VISUAL_BREAKS + runtime witness
V101101_NATIVE_SPEECH_END_BOUNDARY,PASSION24.TEXT.RELATED_HOUR_17.BODY.P050,,,51,51,absent_or_displaced,V101101_SPEECH_END_BOUNDARY_KEEP,KEEP,,,,,Native v101.101 speech-end topology witness boundary must be represented in successor unless semantic outer-turn audit proves this raw SPEECH_DATA boundary is not a true presentation-turn end.,v101101 SPEECH_END_VISUAL_BREAKS + runtime witness
V101101_NATIVE_SPEECH_END_BOUNDARY,PASSION24.TEXT.RELATED_HOUR_17.BODY.P051,,,90,90,absent_or_displaced,V101101_SPEECH_END_BOUNDARY_KEEP,KEEP,,,,,Native v101.101 speech-end topology witness boundary must be represented in successor unless semantic outer-turn audit proves this raw SPEECH_DATA boundary is not a true presentation-turn end.,v101101 SPEECH_END_VISUAL_BREAKS + runtime witness
V101101_NATIVE_SPEECH_END_BOUNDARY,PASSION24.TEXT.RELATED_HOUR_17.BODY.P054,,,203,203,absent_or_displaced,V101101_SPEECH_END_BOUNDARY_KEEP,KEEP,,,,,Native v101.101 speech-end topology witness boundary must be represented in successor unless semantic outer-turn audit proves this raw SPEECH_DATA boundary is not a true presentation-turn end.,v101101 SPEECH_END_VISUAL_BREAKS + runtime witness
V101101_NATIVE_SPEECH_END_BOUNDARY,PASSION24.TEXT.RELATED_HOUR_17.BODY.P057,,,95,95,absent_or_displaced,V101101_SPEECH_END_BOUNDARY_KEEP,KEEP,,,,,Native v101.101 speech-end topology witness boundary must be represented in successor unless semantic outer-turn audit proves this raw SPEECH_DATA boundary is not a true presentation-turn end.,v101101 SPEECH_END_VISUAL_BREAKS + runtime witness
V101101_NATIVE_SPEECH_END_BOUNDARY,PASSION24.TEXT.RELATED_HOUR_17.BODY.P058,,,50,50,absent_or_displaced,V101101_SPEECH_END_BOUNDARY_KEEP,KEEP,,,,,Native v101.101 speech-end topology witness boundary must be represented in successor unless semantic outer-turn audit proves this raw SPEECH_DATA boundary is not a true presentation-turn end.,v101101 SPEECH_END_VISUAL_BREAKS + runtime witness
V101101_NATIVE_SPEECH_END_BOUNDARY,PASSION24.TEXT.RELATED_HOUR_17.BODY.P067,,,41,41,absent_or_displaced,V101101_SPEECH_END_BOUNDARY_KEEP,KEEP,,,,,Native v101.101 speech-end topology witness boundary must be represented in successor unless semantic outer-turn audit proves this raw SPEECH_DATA boundary is not a true presentation-turn end.,v101101 SPEECH_END_VISUAL_BREAKS + runtime witness
V101101_NATIVE_SPEECH_END_BOUNDARY,PASSION24.TEXT.RELATED_HOUR_17.BODY.P067,,,78,78,absent_or_displaced,V101101_SPEECH_END_BOUNDARY_KEEP,KEEP,,,,,Native v101.101 speech-end topology witness boundary must be represented in successor unless semantic outer-turn audit proves this raw SPEECH_DATA boundary is not a true presentation-turn end.,v101101 SPEECH_END_VISUAL_BREAKS + runtime witness
V101101_NATIVE_SPEECH_END_BOUNDARY,PASSION24.TEXT.RELATED_HOUR_17.BODY.P073,,,53,53,absent_or_displaced,V101101_SPEECH_END_BOUNDARY_KEEP,KEEP,,,,,Native v101.101 speech-end topology witness boundary must be represented in successor unless semantic outer-turn audit proves this raw SPEECH_DATA boundary is not a true presentation-turn end.,v101101 SPEECH_END_VISUAL_BREAKS + runtime witness
V101101_NATIVE_SPEECH_END_BOUNDARY,PASSION24.TEXT.RELATED_HOUR_17.BODY.P073,,,67,67,absent_or_displaced,V101101_SPEECH_END_BOUNDARY_KEEP,KEEP,,,,,Native v101.101 speech-end topology witness boundary must be represented in successor unless semantic outer-turn audit proves this raw SPEECH_DATA boundary is not a true presentation-turn end.,v101101 SPEECH_END_VISUAL_BREAKS + runtime witness
V101101_NATIVE_SPEECH_END_BOUNDARY,PASSION24.TEXT.RELATED_HOUR_18.BODY.P072,,,274,274,absent_or_displaced,V101101_SPEECH_END_BOUNDARY_KEEP,KEEP,,,,,Native v101.101 speech-end topology witness boundary must be represented in successor unless semantic outer-turn audit proves this raw SPEECH_DATA boundary is not a true presentation-turn end.,v101101 SPEECH_END_VISUAL_BREAKS + runtime witness
V101101_NATIVE_SPEECH_END_BOUNDARY,PASSION24.TEXT.RELATED_HOUR_19.BODY.P067,,,151,151,absent_or_displaced,V101101_SPEECH_END_BOUNDARY_KEEP,KEEP,,,,,Native v101.101 speech-end topology witness boundary must be represented in successor unless semantic outer-turn audit proves this raw SPEECH_DATA boundary is not a true presentation-turn end.,v101101 SPEECH_END_VISUAL_BREAKS + runtime witness
V101101_NATIVE_SPEECH_END_BOUNDARY,PASSION24.TEXT.RELATED_HOUR_19.BODY.P074,,,317,317,absent_or_displaced,V101101_SPEECH_END_BOUNDARY_KEEP,KEEP,,,,,Native v101.101 speech-end topology witness boundary must be represented in successor unless semantic outer-turn audit proves this raw SPEECH_DATA boundary is not a true presentation-turn end.,v101101 SPEECH_END_VISUAL_BREAKS + runtime witness
V101101_NATIVE_SPEECH_END_BOUNDARY,PASSION24.TEXT.RELATED_HOUR_20.BODY.P015,,,105,105,absent_or_displaced,V101101_SPEECH_END_BOUNDARY_KEEP,KEEP,,,,,Native v101.101 speech-end topology witness boundary must be represented in successor unless semantic outer-turn audit proves this raw SPEECH_DATA boundary is not a true presentation-turn end.,v101101 SPEECH_END_VISUAL_BREAKS + runtime witness
V101101_NATIVE_SPEECH_END_BOUNDARY,PASSION24.TEXT.RELATED_HOUR_20.BODY.P023,,,108,108,absent_or_displaced,V101101_SPEECH_END_BOUNDARY_KEEP,KEEP,,,,,Native v101.101 speech-end topology witness boundary must be represented in successor unless semantic outer-turn audit proves this raw SPEECH_DATA boundary is not a true presentation-turn end.,v101101 SPEECH_END_VISUAL_BREAKS + runtime witness
V101101_NATIVE_SPEECH_END_BOUNDARY,PASSION24.TEXT.RELATED_HOUR_20.BODY.P024,,,313,313,absent_or_displaced,V101101_SPEECH_END_BOUNDARY_KEEP,KEEP,,,,,Native v101.101 speech-end topology witness boundary must be represented in successor unless semantic outer-turn audit proves this raw SPEECH_DATA boundary is not a true presentation-turn end.,v101101 SPEECH_END_VISUAL_BREAKS + runtime witness
V101101_NATIVE_SPEECH_END_BOUNDARY,PASSION24.TEXT.RELATED_HOUR_20.BODY.P028,,,413,413,absent_or_displaced,V101101_SPEECH_END_BOUNDARY_KEEP,KEEP,,,,,Native v101.101 speech-end topology witness boundary must be represented in successor unless semantic outer-turn audit proves this raw SPEECH_DATA boundary is not a true presentation-turn end.,v101101 SPEECH_END_VISUAL_BREAKS + runtime witness
V101101_NATIVE_SPEECH_END_BOUNDARY,PASSION24.TEXT.RELATED_HOUR_21.BODY.P059,,,94,94,absent_or_displaced,V101101_SPEECH_END_BOUNDARY_KEEP,KEEP,,,,,Native v101.101 speech-end topology witness boundary must be represented in successor unless semantic outer-turn audit proves this raw SPEECH_DATA boundary is not a true presentation-turn end.,v101101 SPEECH_END_VISUAL_BREAKS + runtime witness
V101101_NATIVE_SPEECH_END_BOUNDARY,PASSION24.TEXT.RELATED_HOUR_21.BODY.P090,,,282,282,absent_or_displaced,V101101_SPEECH_END_BOUNDARY_KEEP,KEEP,,,,,Native v101.101 speech-end topology witness boundary must be represented in successor unless semantic outer-turn audit proves this raw SPEECH_DATA boundary is not a true presentation-turn end.,v101101 SPEECH_END_VISUAL_BREAKS + runtime witness
V101101_NATIVE_SPEECH_END_BOUNDARY,PASSION24.TEXT.RELATED_HOUR_21.BODY.P147,,,164,164,absent_or_displaced,V101101_SPEECH_END_BOUNDARY_KEEP,KEEP,,,,,Native v101.101 speech-end topology witness boundary must be represented in successor unless semantic outer-turn audit proves this raw SPEECH_DATA boundary is not a true presentation-turn end.,v101101 SPEECH_END_VISUAL_BREAKS + runtime witness
V101101_NATIVE_SPEECH_END_BOUNDARY,PASSION24.TEXT.RELATED_HOUR_21.BODY.P169,,,170,170,absent_or_displaced,V101101_SPEECH_END_BOUNDARY_KEEP,KEEP,,,,,Native v101.101 speech-end topology witness boundary must be represented in successor unless semantic outer-turn audit proves this raw SPEECH_DATA boundary is not a true presentation-turn end.,v101101 SPEECH_END_VISUAL_BREAKS + runtime witness
V101101_NATIVE_SPEECH_END_BOUNDARY,PASSION24.TEXT.RELATED_HOUR_21.BODY.P170,,,96,96,absent_or_displaced,V101101_SPEECH_END_BOUNDARY_KEEP,KEEP,,,,,Native v101.101 speech-end topology witness boundary must be represented in successor unless semantic outer-turn audit proves this raw SPEECH_DATA boundary is not a true presentation-turn end.,v101101 SPEECH_END_VISUAL_BREAKS + runtime witness
V101101_NATIVE_SPEECH_END_BOUNDARY,PASSION24.TEXT.RELATED_HOUR_22.BODY.P063,,,146,146,absent_or_displaced,V101101_SPEECH_END_BOUNDARY_KEEP,KEEP,,,,,Native v101.101 speech-end topology witness boundary must be represented in successor unless semantic outer-turn audit proves this raw SPEECH_DATA boundary is not a true presentation-turn end.,v101101 SPEECH_END_VISUAL_BREAKS + runtime witness
V101101_NATIVE_SPEECH_END_BOUNDARY,PASSION24.TEXT.RELATED_HOUR_22.BODY.P063,,,165,165,absent_or_displaced,V101101_SPEECH_END_BOUNDARY_KEEP,KEEP,,,,,Native v101.101 speech-end topology witness boundary must be represented in successor unless semantic outer-turn audit proves this raw SPEECH_DATA boundary is not a true presentation-turn end.,v101101 SPEECH_END_VISUAL_BREAKS + runtime witness
V101101_NATIVE_SPEECH_END_BOUNDARY,PASSION24.TEXT.RELATED_HOUR_22.BODY.P063,,,209,209,absent_or_displaced,V101101_SPEECH_END_BOUNDARY_KEEP,KEEP,,,,,Native v101.101 speech-end topology witness boundary must be represented in successor unless semantic outer-turn audit proves this raw SPEECH_DATA boundary is not a true presentation-turn end.,v101101 SPEECH_END_VISUAL_BREAKS + runtime witness
V101101_NATIVE_SPEECH_END_BOUNDARY,PASSION24.TEXT.RELATED_HOUR_22.BODY.P063,,,321,321,absent_or_displaced,V101101_SPEECH_END_BOUNDARY_KEEP,KEEP,,,,,Native v101.101 speech-end topology witness boundary must be represented in successor unless semantic outer-turn audit proves this raw SPEECH_DATA boundary is not a true presentation-turn end.,v101101 SPEECH_END_VISUAL_BREAKS + runtime witness
V101101_NATIVE_SPEECH_END_BOUNDARY,PASSION24.TEXT.RELATED_HOUR_22.BODY.P064,,,169,169,absent_or_displaced,V101101_SPEECH_END_BOUNDARY_KEEP,KEEP,,,,,Native v101.101 speech-end topology witness boundary must be represented in successor unless semantic outer-turn audit proves this raw SPEECH_DATA boundary is not a true presentation-turn end.,v101101 SPEECH_END_VISUAL_BREAKS + runtime witness
V101101_NATIVE_SPEECH_END_BOUNDARY,PASSION24.TEXT.RELATED_HOUR_22.BODY.P065,,,70,70,absent_or_displaced,V101101_SPEECH_END_BOUNDARY_KEEP,KEEP,,,,,Native v101.101 speech-end topology witness boundary must be represented in successor unless semantic outer-turn audit proves this raw SPEECH_DATA boundary is not a true presentation-turn end.,v101101 SPEECH_END_VISUAL_BREAKS + runtime witness
V101101_NATIVE_SPEECH_END_BOUNDARY,PASSION24.TEXT.RELATED_HOUR_22.BODY.P065,,,84,84,absent_or_displaced,V101101_SPEECH_END_BOUNDARY_KEEP,KEEP,,,,,Native v101.101 speech-end topology witness boundary must be represented in successor unless semantic outer-turn audit proves this raw SPEECH_DATA boundary is not a true presentation-turn end.,v101101 SPEECH_END_VISUAL_BREAKS + runtime witness
V101101_NATIVE_SPEECH_END_BOUNDARY,PASSION24.TEXT.RELATED_HOUR_22.BODY.P066,,,67,67,absent_or_displaced,V101101_SPEECH_END_BOUNDARY_KEEP,KEEP,,,,,Native v101.101 speech-end topology witness boundary must be represented in successor unless semantic outer-turn audit proves this raw SPEECH_DATA boundary is not a true presentation-turn end.,v101101 SPEECH_END_VISUAL_BREAKS + runtime witness
V101101_NATIVE_SPEECH_END_BOUNDARY,PASSION24.TEXT.RELATED_HOUR_22.BODY.P072,,,8,8,absent_or_displaced,V101101_SPEECH_END_BOUNDARY_KEEP,KEEP,,,,,Native v101.101 speech-end topology witness boundary must be represented in successor unless semantic outer-turn audit proves this raw SPEECH_DATA boundary is not a true presentation-turn end.,v101101 SPEECH_END_VISUAL_BREAKS + runtime witness
V101101_NATIVE_SPEECH_END_BOUNDARY,PASSION24.TEXT.RELATED_HOUR_22.BODY.P076,,,26,26,absent_or_displaced,V101101_SPEECH_END_BOUNDARY_KEEP,KEEP,,,,,Native v101.101 speech-end topology witness boundary must be represented in successor unless semantic outer-turn audit proves this raw SPEECH_DATA boundary is not a true presentation-turn end.,v101101 SPEECH_END_VISUAL_BREAKS + runtime witness
V101101_NATIVE_SPEECH_END_BOUNDARY,PASSION24.TEXT.RELATED_HOUR_22.BODY.P076,,,153,153,absent_or_displaced,V101101_SPEECH_END_BOUNDARY_KEEP,KEEP,,,,,Native v101.101 speech-end topology witness boundary must be represented in successor unless semantic outer-turn audit proves this raw SPEECH_DATA boundary is not a true presentation-turn end.,v101101 SPEECH_END_VISUAL_BREAKS + runtime witness
V101101_NATIVE_SPEECH_END_BOUNDARY,PASSION24.TEXT.RELATED_HOUR_22.BODY.P090,,,215,215,absent_or_displaced,V101101_SPEECH_END_BOUNDARY_KEEP,KEEP,,,,,Native v101.101 speech-end topology witness boundary must be represented in successor unless semantic outer-turn audit proves this raw SPEECH_DATA boundary is not a true presentation-turn end.,v101101 SPEECH_END_VISUAL_BREAKS + runtime witness
V101101_NATIVE_SPEECH_END_BOUNDARY,PASSION24.TEXT.RELATED_HOUR_22.BODY.P094,,,111,111,absent_or_displaced,V101101_SPEECH_END_BOUNDARY_KEEP,KEEP,,,,,Native v101.101 speech-end topology witness boundary must be represented in successor unless semantic outer-turn audit proves this raw SPEECH_DATA boundary is not a true presentation-turn end.,v101101 SPEECH_END_VISUAL_BREAKS + runtime witness
V101101_NATIVE_SPEECH_END_BOUNDARY,PASSION24.TEXT.RELATED_HOUR_22.BODY.P095,,,62,62,absent_or_displaced,V101101_SPEECH_END_BOUNDARY_KEEP,KEEP,,,,,Native v101.101 speech-end topology witness boundary must be represented in successor unless semantic outer-turn audit proves this raw SPEECH_DATA boundary is not a true presentation-turn end.,v101101 SPEECH_END_VISUAL_BREAKS + runtime witness
V101101_NATIVE_SPEECH_END_BOUNDARY,PASSION24.TEXT.RELATED_HOUR_22.BODY.P095,,,302,302,absent_or_displaced,V101101_SPEECH_END_BOUNDARY_KEEP,KEEP,,,,,Native v101.101 speech-end topology witness boundary must be represented in successor unless semantic outer-turn audit proves this raw SPEECH_DATA boundary is not a true presentation-turn end.,v101101 SPEECH_END_VISUAL_BREAKS + runtime witness
V101101_NATIVE_SPEECH_END_BOUNDARY,PASSION24.TEXT.RELATED_HOUR_23.BODY.P043,,,35,35,absent_or_displaced,V101101_SPEECH_END_BOUNDARY_KEEP,KEEP,,,,,Native v101.101 speech-end topology witness boundary must be represented in successor unless semantic outer-turn audit proves this raw SPEECH_DATA boundary is not a true presentation-turn end.,v101101 SPEECH_END_VISUAL_BREAKS + runtime witness
V101101_NATIVE_SPEECH_END_BOUNDARY,PASSION24.TEXT.RELATED_HOUR_24.BODY.P010,,,369,369,absent_or_displaced,V101101_SPEECH_END_BOUNDARY_KEEP,KEEP,,,,,Native v101.101 speech-end topology witness boundary must be represented in successor unless semantic outer-turn audit proves this raw SPEECH_DATA boundary is not a true presentation-turn end.,v101101 SPEECH_END_VISUAL_BREAKS + runtime witness
V101101_NATIVE_SPEECH_END_BOUNDARY,PASSION24.TEXT.RELATED_HOUR_24.BODY.P017,,,217,217,absent_or_displaced,V101101_SPEECH_END_BOUNDARY_KEEP,KEEP,,,,,Native v101.101 speech-end topology witness boundary must be represented in successor unless semantic outer-turn audit proves this raw SPEECH_DATA boundary is not a true presentation-turn end.,v101101 SPEECH_END_VISUAL_BREAKS + runtime witness
V101101_NATIVE_SPEECH_END_BOUNDARY,PASSION24.TEXT.RELATED_HOUR_24.BODY.P022,,,219,219,absent_or_displaced,V101101_SPEECH_END_BOUNDARY_KEEP,KEEP,,,,,Native v101.101 speech-end topology witness boundary must be represented in successor unless semantic outer-turn audit proves this raw SPEECH_DATA boundary is not a true presentation-turn end.,v101101 SPEECH_END_VISUAL_BREAKS + runtime witness
V101101_NATIVE_SPEECH_END_BOUNDARY,PASSION24.TEXT.SHARED_T09_1910_07_04_AGONY_CROSS_LAST_BREATH.BODY.P008,,,18,18,absent_or_displaced,V101101_SPEECH_END_BOUNDARY_KEEP,KEEP,,,,,Native v101.101 speech-end topology witness boundary must be represented in successor unless semantic outer-turn audit proves this raw SPEECH_DATA boundary is not a true presentation-turn end.,v101101 SPEECH_END_VISUAL_BREAKS + runtime witness
V101101_NATIVE_SPEECH_END_BOUNDARY,PASSION24.TEXT.SHARED_T09_1910_07_04_AGONY_CROSS_LAST_BREATH.BODY.P008,,,28,28,absent_or_displaced,V101101_SPEECH_END_BOUNDARY_KEEP,KEEP,,,,,Native v101.101 speech-end topology witness boundary must be represented in successor unless semantic outer-turn audit proves this raw SPEECH_DATA boundary is not a true presentation-turn end.,v101101 SPEECH_END_VISUAL_BREAKS + runtime witness
V101101_NATIVE_SPEECH_END_BOUNDARY,PASSION24.TEXT.SHARED_T09_1910_07_04_AGONY_CROSS_LAST_BREATH.BODY.P008,,,43,43,absent_or_displaced,V101101_SPEECH_END_BOUNDARY_KEEP,KEEP,,,,,Native v101.101 speech-end topology witness boundary must be represented in successor unless semantic outer-turn audit proves this raw SPEECH_DATA boundary is not a true presentation-turn end.,v101101 SPEECH_END_VISUAL_BREAKS + runtime witness
V101101_NATIVE_SPEECH_END_BOUNDARY,PASSION24.TEXT.SHARED_T09_1910_07_04_AGONY_CROSS_LAST_BREATH.BODY.P009,,,92,92,absent_or_displaced,V101101_SPEECH_END_BOUNDARY_KEEP,KEEP,,,,,Native v101.101 speech-end topology witness boundary must be represented in successor unless semantic outer-turn audit proves this raw SPEECH_DATA boundary is not a true presentation-turn end.,v101101 SPEECH_END_VISUAL_BREAKS + runtime witness
V101101_NATIVE_SPEECH_END_BOUNDARY,PASSION24.TEXT.SHARED_T09_1910_07_04_AGONY_CROSS_LAST_BREATH.BODY.P009,,,102,102,absent_or_displaced,V101101_SPEECH_END_BOUNDARY_KEEP,KEEP,,,,,Native v101.101 speech-end topology witness boundary must be represented in successor unless semantic outer-turn audit proves this raw SPEECH_DATA boundary is not a true presentation-turn end.,v101101 SPEECH_END_VISUAL_BREAKS + runtime witness
V101101_NATIVE_SPEECH_END_BOUNDARY,PASSION24.TEXT.SHARED_T09_1910_07_04_AGONY_CROSS_LAST_BREATH.BODY.P010,,,2,2,absent_or_displaced,V101101_SPEECH_END_BOUNDARY_KEEP,KEEP,,,,,Native v101.101 speech-end topology witness boundary must be represented in successor unless semantic outer-turn audit proves this raw SPEECH_DATA boundary is not a true presentation-turn end.,v101101 SPEECH_END_VISUAL_BREAKS + runtime witness
CURRENT_V101103_CROSS_BREAK,,PASSION24.TEXT.PROMISES_BENEFITS.BODY.P085,PASSION24.TEXT.PROMISES_BENEFITS.BODY.P086,,,present,V101102_PLUS_DIVINE_START_BOUNDARY_REMOVE,REMOVE,,,,,Cross-record presentation break not present in native v101.101 speech-end topology; no generic speech-start break allowed.,VISIBLE_PARAGRAPH_TOPOLOGY.cross_record_breaks
CURRENT_V101103_CROSS_BREAK,,PASSION24.TEXT.PROMISES_BENEFITS.BODY.P103,PASSION24.TEXT.PROMISES_BENEFITS.BODY.P104,,,present,V101101_SPEECH_END_BOUNDARY_KEEP,KEEP,,,,,Exact v101.101 validated cross-record speech-end boundary.,VISIBLE_PARAGRAPH_TOPOLOGY.cross_record_breaks
CURRENT_V101103_CROSS_BREAK,,PASSION24.TEXT.PROMISES_BENEFITS.BODY.P138,PASSION24.TEXT.PROMISES_BENEFITS.BODY.P139,,,present,V101102_PLUS_DIVINE_START_BOUNDARY_REMOVE,REMOVE,,,,,Cross-record presentation break not present in native v101.101 speech-end topology; no generic speech-start break allowed.,VISIBLE_PARAGRAPH_TOPOLOGY.cross_record_breaks
CURRENT_V101103_CROSS_BREAK,,PASSION24.TEXT.PROMISES_BENEFITS.BODY.P157,PASSION24.TEXT.PROMISES_BENEFITS.BODY.P158,,,present,V101102_PLUS_DIVINE_START_BOUNDARY_REMOVE,REMOVE,,,,,Cross-record presentation break not present in native v101.101 speech-end topology; no generic speech-start break allowed.,VISIBLE_PARAGRAPH_TOPOLOGY.cross_record_breaks
QUOTE_EDGE_INTEGRITY_JOIN,PASSION24.TEXT.PART_III_DIVINE_PASSION,PASSION24.TEXT.PART_III_DIVINE_PASSION.BODY.P159,PASSION24.TEXT.PART_III_DIVINE_PASSION.BODY.P160,,inter-record edge,source-flow or ordinary block edge,QUOTE_EDGE_INTEGRITY_JOIN,JOIN_PRESENTATION_ONLY,,,REPORTED_QUOTE_KEEP,PRESERVED_UNCHANGED,Visible opening guillemet is terminal in record; remove only the inter-record boundary before first lexical content.,quotation_role_ledger.csv + canonical record order + user presentation contract
QUOTE_EDGE_INTEGRITY_JOIN,PASSION24.TEXT.PART_III_MARY_SORROWS,PASSION24.TEXT.PART_III_MARY_SORROWS.BODY.P011,PASSION24.TEXT.PART_III_MARY_SORROWS.BODY.P012,,inter-record edge,source-flow or ordinary block edge,QUOTE_EDGE_INTEGRITY_JOIN,JOIN_PRESENTATION_ONLY,,,REPORTED_QUOTE_KEEP,PRESERVED_UNCHANGED,Visible opening guillemet is terminal in record; remove only the inter-record boundary before first lexical content.,quotation_role_ledger.csv + canonical record order + user presentation contract
QUOTE_EDGE_INTEGRITY_JOIN,PASSION24.TEXT.RELATED_HOUR_03,PASSION24.TEXT.RELATED_HOUR_03.BODY.P018,PASSION24.TEXT.RELATED_HOUR_03.BODY.P019,,inter-record edge,source-flow or ordinary block edge,QUOTE_EDGE_INTEGRITY_JOIN,JOIN_PRESENTATION_ONLY,,,REPORTED_QUOTE_KEEP,PRESERVED_UNCHANGED,Visible opening guillemet is terminal in record; remove only the inter-record boundary before first lexical content.,quotation_role_ledger.csv + canonical record order + user presentation contract
QUOTE_EDGE_INTEGRITY_JOIN,PASSION24.TEXT.RELATED_HOUR_06,PASSION24.TEXT.RELATED_HOUR_06.BODY.P053,PASSION24.TEXT.RELATED_HOUR_06.BODY.P054,,inter-record edge,source-flow or ordinary block edge,QUOTE_EDGE_INTEGRITY_JOIN,JOIN_PRESENTATION_ONLY,,,MEANINGFUL_NESTED_QUOTE_KEEP,PRESERVED_UNCHANGED,Visible opening guillemet is terminal in record; remove only the inter-record boundary before first lexical content.,quotation_role_ledger.csv + canonical record order + user presentation contract
QUOTE_EDGE_INTEGRITY_JOIN,PASSION24.TEXT.RELATED_HOUR_06,PASSION24.TEXT.RELATED_HOUR_06.BODY.P068,PASSION24.TEXT.RELATED_HOUR_06.BODY.P069,,inter-record edge,source-flow or ordinary block edge,QUOTE_EDGE_INTEGRITY_JOIN,JOIN_PRESENTATION_ONLY,,,MEANINGFUL_NESTED_QUOTE_KEEP,PRESERVED_UNCHANGED,Visible opening guillemet is terminal in record; remove only the inter-record boundary before first lexical content.,quotation_role_ledger.csv + canonical record order + user presentation contract
QUOTE_EDGE_INTEGRITY_JOIN,PASSION24.TEXT.RELATED_HOUR_07,PASSION24.TEXT.RELATED_HOUR_07.BODY.P036,PASSION24.TEXT.RELATED_HOUR_07.BODY.P037,,inter-record edge,source-flow or ordinary block edge,QUOTE_EDGE_INTEGRITY_JOIN,JOIN_PRESENTATION_ONLY,,,REPORTED_QUOTE_KEEP,PRESERVED_UNCHANGED,Visible opening guillemet is terminal in record; remove only the inter-record boundary before first lexical content.,quotation_role_ledger.csv + canonical record order + user presentation contract
QUOTE_EDGE_INTEGRITY_JOIN,PASSION24.TEXT.RELATED_HOUR_11,PASSION24.TEXT.RELATED_HOUR_11.BODY.P058,PASSION24.TEXT.RELATED_HOUR_11.BODY.P059,,inter-record edge,source-flow or ordinary block edge,QUOTE_EDGE_INTEGRITY_JOIN,JOIN_PRESENTATION_ONLY,,,REPORTED_QUOTE_KEEP,PRESERVED_UNCHANGED,Visible opening guillemet is terminal in record; remove only the inter-record boundary before first lexical content.,quotation_role_ledger.csv + canonical record order + user presentation contract
QUOTE_EDGE_INTEGRITY_JOIN,PASSION24.TEXT.RELATED_HOUR_13,PASSION24.TEXT.RELATED_HOUR_13.BODY.P039,PASSION24.TEXT.RELATED_HOUR_13.BODY.P040,,inter-record edge,source-flow or ordinary block edge,QUOTE_EDGE_INTEGRITY_JOIN,JOIN_PRESENTATION_ONLY,,,REPORTED_QUOTE_KEEP,PRESERVED_UNCHANGED,Visible opening guillemet is terminal in record; remove only the inter-record boundary before first lexical content.,quotation_role_ledger.csv + canonical record order + user presentation contract
QUOTE_EDGE_INTEGRITY_JOIN,PASSION24.TEXT.RELATED_HOUR_13,PASSION24.TEXT.RELATED_HOUR_13.BODY.P047,PASSION24.TEXT.RELATED_HOUR_13.BODY.P048,,inter-record edge,source-flow or ordinary block edge,QUOTE_EDGE_INTEGRITY_JOIN,JOIN_PRESENTATION_ONLY,,,REPORTED_QUOTE_KEEP,PRESERVED_UNCHANGED,Visible opening guillemet is terminal in record; remove only the inter-record boundary before first lexical content.,quotation_role_ledger.csv + canonical record order + user presentation contract
QUOTE_EDGE_INTEGRITY_JOIN,PASSION24.TEXT.RELATED_HOUR_15,PASSION24.TEXT.RELATED_HOUR_15.BODY.P174,PASSION24.TEXT.RELATED_HOUR_15.BODY.P175,,inter-record edge,source-flow or ordinary block edge,QUOTE_EDGE_INTEGRITY_JOIN,JOIN_PRESENTATION_ONLY,,,REPORTED_QUOTE_KEEP,PRESERVED_UNCHANGED,Visible opening guillemet is terminal in record; remove only the inter-record boundary before first lexical content.,quotation_role_ledger.csv + canonical record order + user presentation contract
QUOTE_EDGE_INTEGRITY_JOIN,PASSION24.TEXT.RELATED_HOUR_16,PASSION24.TEXT.RELATED_HOUR_16.BODY.P009,PASSION24.TEXT.RELATED_HOUR_16.BODY.P010,,inter-record edge,source-flow or ordinary block edge,QUOTE_EDGE_INTEGRITY_JOIN,JOIN_PRESENTATION_ONLY,,,REPORTED_QUOTE_KEEP,PRESERVED_UNCHANGED,Visible opening guillemet is terminal in record; remove only the inter-record boundary before first lexical content.,quotation_role_ledger.csv + canonical record order + user presentation contract
QUOTE_EDGE_INTEGRITY_JOIN,PASSION24.TEXT.RELATED_HOUR_16,PASSION24.TEXT.RELATED_HOUR_16.BODY.P076,PASSION24.TEXT.RELATED_HOUR_16.BODY.P077,,inter-record edge,source-flow or ordinary block edge,QUOTE_EDGE_INTEGRITY_JOIN,JOIN_PRESENTATION_ONLY,,,REPORTED_QUOTE_KEEP,PRESERVED_UNCHANGED,Visible opening guillemet is terminal in record; remove only the inter-record boundary before first lexical content.,quotation_role_ledger.csv + canonical record order + user presentation contract
QUOTE_EDGE_INTEGRITY_JOIN,PASSION24.TEXT.RELATED_HOUR_17,PASSION24.TEXT.RELATED_HOUR_17.BODY.P010,PASSION24.TEXT.RELATED_HOUR_17.BODY.P011,,inter-record edge,source-flow or ordinary block edge,QUOTE_EDGE_INTEGRITY_JOIN,JOIN_PRESENTATION_ONLY,,,REPORTED_QUOTE_KEEP,PRESERVED_UNCHANGED,Visible opening guillemet is terminal in record; remove only the inter-record boundary before first lexical content.,quotation_role_ledger.csv + canonical record order + user presentation contract
QUOTE_EDGE_INTEGRITY_JOIN,PASSION24.TEXT.RELATED_HOUR_17,PASSION24.TEXT.RELATED_HOUR_17.BODY.P053,PASSION24.TEXT.RELATED_HOUR_17.BODY.P054,,inter-record edge,source-flow or ordinary block edge,QUOTE_EDGE_INTEGRITY_JOIN,JOIN_PRESENTATION_ONLY,,,REPORTED_QUOTE_KEEP,PRESERVED_UNCHANGED,Visible opening guillemet is terminal in record; remove only the inter-record boundary before first lexical content.,quotation_role_ledger.csv + canonical record order + user presentation contract
QUOTE_EDGE_INTEGRITY_JOIN,PASSION24.TEXT.RELATED_HOUR_20,PASSION24.TEXT.RELATED_HOUR_20.BODY.P015,PASSION24.TEXT.RELATED_HOUR_20.BODY.P016,,inter-record edge,source-flow or ordinary block edge,QUOTE_EDGE_INTEGRITY_JOIN,JOIN_PRESENTATION_ONLY,,,REPORTED_QUOTE_KEEP,PRESERVED_UNCHANGED,Visible opening guillemet is terminal in record; remove only the inter-record boundary before first lexical content.,quotation_role_ledger.csv + canonical record order + user presentation contract
QUOTE_EDGE_INTEGRITY_JOIN,PASSION24.TEXT.RELATED_HOUR_20,PASSION24.TEXT.RELATED_HOUR_20.BODY.P029,PASSION24.TEXT.RELATED_HOUR_20.BODY.P030,,inter-record edge,source-flow or ordinary block edge,QUOTE_EDGE_INTEGRITY_JOIN,JOIN_PRESENTATION_ONLY,,,REPORTED_QUOTE_KEEP,PRESERVED_UNCHANGED,Visible opening guillemet is terminal in record; remove only the inter-record boundary before first lexical content.,quotation_role_ledger.csv + canonical record order + user presentation contract
QUOTE_EDGE_INTEGRITY_JOIN,PASSION24.TEXT.RELATED_HOUR_21,PASSION24.TEXT.RELATED_HOUR_21.BODY.P064,PASSION24.TEXT.RELATED_HOUR_21.BODY.P065,,inter-record edge,source-flow or ordinary block edge,QUOTE_EDGE_INTEGRITY_JOIN,JOIN_PRESENTATION_ONLY,,,REPORTED_QUOTE_KEEP,PRESERVED_UNCHANGED,Visible opening guillemet is terminal in record; remove only the inter-record boundary before first lexical content.,quotation_role_ledger.csv + canonical record order + user presentation contract
QUOTE_EDGE_INTEGRITY_JOIN,PASSION24.TEXT.RELATED_HOUR_21,PASSION24.TEXT.RELATED_HOUR_21.BODY.P067,PASSION24.TEXT.RELATED_HOUR_21.BODY.P068,,inter-record edge,source-flow or ordinary block edge,QUOTE_EDGE_INTEGRITY_JOIN,JOIN_PRESENTATION_ONLY,,,REPORTED_QUOTE_KEEP,PRESERVED_UNCHANGED,Visible opening guillemet is terminal in record; remove only the inter-record boundary before first lexical content.,quotation_role_ledger.csv + canonical record order + user presentation contract
QUOTE_EDGE_INTEGRITY_JOIN,PASSION24.TEXT.RELATED_HOUR_21,PASSION24.TEXT.RELATED_HOUR_21.BODY.P080,PASSION24.TEXT.RELATED_HOUR_21.BODY.P081,,inter-record edge,source-flow or ordinary block edge,QUOTE_EDGE_INTEGRITY_JOIN,JOIN_PRESENTATION_ONLY,,,REPORTED_QUOTE_KEEP,PRESERVED_UNCHANGED,Visible opening guillemet is terminal in record; remove only the inter-record boundary before first lexical content.,quotation_role_ledger.csv + canonical record order + user presentation contract
QUOTE_EDGE_INTEGRITY_JOIN,PASSION24.TEXT.RELATED_HOUR_21,PASSION24.TEXT.RELATED_HOUR_21.BODY.P091,PASSION24.TEXT.RELATED_HOUR_21.BODY.P092,,inter-record edge,source-flow or ordinary block edge,QUOTE_EDGE_INTEGRITY_JOIN,JOIN_PRESENTATION_ONLY,,,REPORTED_QUOTE_KEEP,PRESERVED_UNCHANGED,Visible opening guillemet is terminal in record; remove only the inter-record boundary before first lexical content.,quotation_role_ledger.csv + canonical record order + user presentation contract
QUOTE_EDGE_INTEGRITY_JOIN,PASSION24.TEXT.RELATED_HOUR_21,PASSION24.TEXT.RELATED_HOUR_21.BODY.P098,PASSION24.TEXT.RELATED_HOUR_21.BODY.P099,,inter-record edge,source-flow or ordinary block edge,QUOTE_EDGE_INTEGRITY_JOIN,JOIN_PRESENTATION_ONLY,,,REPORTED_QUOTE_KEEP,PRESERVED_UNCHANGED,Visible opening guillemet is terminal in record; remove only the inter-record boundary before first lexical content.,quotation_role_ledger.csv + canonical record order + user presentation contract
QUOTE_EDGE_INTEGRITY_JOIN,PASSION24.TEXT.RELATED_HOUR_21,PASSION24.TEXT.RELATED_HOUR_21.BODY.P110,PASSION24.TEXT.RELATED_HOUR_21.BODY.P111,,inter-record edge,source-flow or ordinary block edge,QUOTE_EDGE_INTEGRITY_JOIN,JOIN_PRESENTATION_ONLY,,,REPORTED_QUOTE_KEEP,PRESERVED_UNCHANGED,Visible opening guillemet is terminal in record; remove only the inter-record boundary before first lexical content.,quotation_role_ledger.csv + canonical record order + user presentation contract
QUOTE_EDGE_INTEGRITY_JOIN,PASSION24.TEXT.RELATED_HOUR_22,PASSION24.TEXT.RELATED_HOUR_22.BODY.P095,PASSION24.TEXT.RELATED_HOUR_22.BODY.P096,,inter-record edge,source-flow or ordinary block edge,QUOTE_EDGE_INTEGRITY_JOIN,JOIN_PRESENTATION_ONLY,,,REPORTED_QUOTE_KEEP,PRESERVED_UNCHANGED,Visible opening guillemet is terminal in record; remove only the inter-record boundary before first lexical content.,quotation_role_ledger.csv + canonical record order + user presentation contract
QUOTE_EDGE_INTEGRITY_JOIN,PASSION24.TEXT.RELATED_HOUR_24,PASSION24.TEXT.RELATED_HOUR_24.BODY.P049,PASSION24.TEXT.RELATED_HOUR_24.BODY.P050,,inter-record edge,source-flow or ordinary block edge,QUOTE_EDGE_INTEGRITY_JOIN,JOIN_PRESENTATION_ONLY,,,REPORTED_QUOTE_KEEP,PRESERVED_UNCHANGED,Visible opening guillemet is terminal in record; remove only the inter-record boundary before first lexical content.,quotation_role_ledger.csv + canonical record order + user presentation contract
