target_id,run_index,start,end,presentation_speaker,adjudicated
PASSION24.HOUR.01.P008,1,87,108,MARY,NO
PASSION24.HOUR.01.P014,1,94,117,MARY,NO
PASSION24.HOUR.02.P009,1,2,92,MARY,NO
PASSION24.HOUR.02.P012,1,264,389,JESUS,NO
PASSION24.HOUR.02.P014,1,2,201,JESUS,NO
PASSION24.HOUR.02.P015,1,15,145,JESUS,NO
PASSION24.HOUR.03.P003,1,2,101,JESUS,NO
PASSION24.HOUR.04.P005,1,2,341,JESUS,NO
PASSION24.HOUR.04.P006,1,0,84,JESUS,NO
PASSION24.HOUR.04.P007,1,0,167,JESUS,NO
PASSION24.HOUR.04.P008,1,0,139,JESUS,NO
PASSION24.HOUR.04.P009,1,0,45,JESUS,NO
PASSION24.HOUR.04.P010,1,0,141,JESUS,NO
PASSION24.HOUR.04.P020,1,2,98,JESUS,NO
PASSION24.HOUR.04.P021,1,0,189,JESUS,NO
PASSION24.HOUR.04.P029,1,2,222,JESUS,NO
PASSION24.HOUR.04.P030,1,0,121,JESUS,NO
PASSION24.HOUR.04.P031,1,0,252,JESUS,NO
PASSION24.HOUR.04.P032,1,0,111,JESUS,NO
PASSION24.HOUR.04.P033,1,0,43,JESUS,NO
PASSION24.HOUR.04.P034,1,0,111,JESUS,NO
PASSION24.HOUR.04.P062,1,21,176,JESUS,NO
PASSION24.HOUR.04.P063,1,0,209,JESUS,NO
PASSION24.HOUR.04.P064,1,0,219,JESUS,NO
PASSION24.HOUR.04.P065,1,0,91,JESUS,NO
PASSION24.HOUR.05.P009,1,60,170,JESUS,NO
PASSION24.HOUR.05.P010,1,0,164,JESUS,NO
PASSION24.HOUR.05.P011,1,0,171,JESUS,NO
PASSION24.HOUR.05.P012,1,0,131,JESUS,NO
PASSION24.HOUR.05.P025,1,2,170,JESUS,NO
PASSION24.HOUR.05.P026,1,0,58,JESUS,NO
PASSION24.HOUR.05.P027,1,0,140,JESUS,NO
PASSION24.HOUR.05.P028,1,0,481,JESUS,NO
PASSION24.HOUR.05.REF.P005,1,2,140,JESUS,NO
PASSION24.HOUR.06.P012,1,2,104,JESUS,NO
PASSION24.HOUR.06.P014,1,2,140,JESUS,NO
PASSION24.HOUR.07.P007,1,2,163,JESUS,NO
PASSION24.HOUR.07.P013,1,2,105,JESUS,NO
PASSION24.HOUR.07.P014,1,0,184,JESUS,NO
PASSION24.HOUR.07.P015,1,0,145,JESUS,NO
PASSION24.HOUR.07.P016,1,2,80,JESUS,NO
PASSION24.HOUR.07.P017,1,0,99,JESUS,NO
PASSION24.HOUR.07.P018,1,0,52,JESUS,NO
PASSION24.HOUR.07.P019,1,0,219,JESUS,NO
PASSION24.HOUR.07.P028,1,2,98,JESUS,NO
PASSION24.HOUR.07.P029,1,0,130,JESUS,NO
PASSION24.HOUR.07.P030,1,0,20,JESUS,NO
PASSION24.HOUR.07.P117,1,2,226,JESUS,NO
PASSION24.HOUR.07.P121,1,2,100,JESUS,NO
PASSION24.HOUR.07.P122,1,0,216,JESUS,NO
PASSION24.HOUR.07.P123,1,0,105,JESUS,NO
PASSION24.HOUR.07.P124,1,0,87,JESUS,NO
PASSION24.HOUR.07.P125,1,0,126,JESUS,NO
PASSION24.HOUR.08.P007,1,75,109,JESUS,NO
PASSION24.HOUR.08.P008,1,2,40,JESUS,NO
PASSION24.HOUR.08.P009,1,14,40,JESUS,NO
PASSION24.HOUR.08.P009,2,112,138,JESUS,NO
PASSION24.HOUR.08.P010,1,22,47,JESUS,NO
PASSION24.HOUR.08.P012,1,298,317,JESUS,NO
PASSION24.HOUR.08.P014,1,22,32,JESUS,NO
PASSION24.HOUR.08.P015,1,38,48,JESUS,NO
PASSION24.HOUR.09.P006,1,39,217,JESUS,NO
PASSION24.HOUR.09.P007,1,0,109,JESUS,NO
PASSION24.HOUR.09.P008,1,0,117,JESUS,NO
PASSION24.HOUR.09.P009,1,0,159,JESUS,NO
PASSION24.HOUR.09.P010,1,0,145,JESUS,NO
PASSION24.HOUR.10.P002,1,141,204,JESUS,NO
PASSION24.HOUR.11.P006,1,196,352,JESUS,NO
PASSION24.HOUR.11.P007,1,0,72,JESUS,NO
PASSION24.HOUR.11.P008,1,0,100,JESUS,NO
PASSION24.HOUR.11.P009,1,0,163,JESUS,NO
PASSION24.HOUR.11.P010,1,0,139,JESUS,NO
PASSION24.HOUR.11.P020,1,2,126,JESUS,NO
PASSION24.HOUR.11.P021,1,0,249,JESUS,NO
PASSION24.HOUR.11.P030,1,2,123,JESUS,NO
PASSION24.HOUR.13.P005,1,18,145,JESUS,NO
PASSION24.HOUR.13.P007,1,2,107,JESUS,NO
PASSION24.HOUR.13.P008,1,0,166,JESUS,NO
PASSION24.HOUR.13.P009,1,0,155,JESUS,NO
PASSION24.HOUR.14.P004,1,95,125,JESUS,NO
PASSION24.HOUR.15.P005,1,2,160,JESUS,NO
PASSION24.HOUR.15.P006,1,19,86,JESUS,NO
PASSION24.HOUR.16.P008,1,2,125,JESUS,NO
PASSION24.HOUR.16.P009,1,0,125,JESUS,NO
PASSION24.HOUR.16.P010,1,0,121,JESUS,NO
PASSION24.HOUR.16.P011,1,0,153,JESUS,NO
PASSION24.HOUR.16.P012,1,0,128,JESUS,NO
PASSION24.HOUR.16.P013,1,0,182,JESUS,NO
PASSION24.HOUR.16.P014,1,0,65,JESUS,NO
PASSION24.HOUR.16.P015,1,0,101,JESUS,NO
PASSION24.HOUR.16.P026,1,2,241,JESUS,NO
PASSION24.HOUR.16.P027,1,0,94,JESUS,NO
PASSION24.HOUR.16.P028,1,0,74,JESUS,NO
PASSION24.HOUR.16.P041,1,2,250,JESUS,NO
PASSION24.HOUR.16.P042,1,0,110,JESUS,NO
PASSION24.HOUR.16.P043,1,0,217,JESUS,NO
PASSION24.HOUR.16.P044,1,0,105,JESUS,NO
PASSION24.HOUR.16.P045,1,0,191,JESUS,NO
PASSION24.HOUR.17.P009,1,2,94,JESUS,NO
PASSION24.HOUR.17.P010,1,0,235,JESUS,NO
PASSION24.HOUR.17.P011,1,0,146,JESUS,NO
PASSION24.HOUR.17.P012,1,0,130,JESUS,NO
PASSION24.HOUR.17.P013,1,0,132,JESUS,NO
PASSION24.HOUR.17.P014,1,0,45,JESUS,NO
PASSION24.HOUR.17.P024,1,183,295,JESUS,NO
PASSION24.HOUR.17.P025,1,0,44,JESUS,NO
PASSION24.HOUR.17.P026,1,0,163,JESUS,NO
PASSION24.HOUR.17.P027,1,0,152,JESUS,NO
PASSION24.HOUR.17.P037,1,2,128,JESUS,NO
PASSION24.HOUR.17.P038,1,0,92,JESUS,NO
PASSION24.HOUR.17.P039,1,0,42,JESUS,NO
PASSION24.HOUR.17.P040,1,0,396,JESUS,NO
PASSION24.HOUR.17.P041,1,0,148,JESUS,NO
PASSION24.HOUR.17.P042,1,0,144,JESUS,NO
PASSION24.HOUR.17.P044,1,0,291,JESUS,NO
PASSION24.HOUR.17.P048,1,116,270,JESUS,NO
PASSION24.HOUR.17.P058,1,65,110,FATHER,NO
PASSION24.HOUR.17.P059,1,99,122,MARY,NO
PASSION24.HOUR.17.P063,1,2,235,JESUS,NO
PASSION24.HOUR.17.P064,1,0,108,JESUS,NO
PASSION24.HOUR.17.P065,1,0,134,JESUS,NO
PASSION24.HOUR.17.P066,1,0,220,JESUS,NO
PASSION24.HOUR.17.P067,1,0,174,JESUS,NO
PASSION24.HOUR.17.P068,1,0,161,JESUS,NO
PASSION24.HOUR.17.REF.P011,1,2,220,JESUS,NO
PASSION24.HOUR.17.REF.P012,1,0,172,JESUS,NO
PASSION24.HOUR.17.REF.P013,1,0,173,JESUS,NO
PASSION24.HOUR.18.P002,1,52,59,JESUS,NO
PASSION24.HOUR.18.P002,2,101,108,JESUS,NO
PASSION24.HOUR.18.P003,1,88,95,JESUS,NO
PASSION24.HOUR.18.P005,1,2,114,JESUS,NO
PASSION24.HOUR.18.P014,1,2,269,JESUS,NO
PASSION24.HOUR.18.P015,1,0,224,JESUS,NO
PASSION24.HOUR.18.P016,1,0,50,JESUS,NO
PASSION24.HOUR.18.P017,1,0,159,JESUS,NO
PASSION24.HOUR.18.P018,1,0,248,JESUS,NO
PASSION24.HOUR.18.P019,1,0,171,JESUS,NO
PASSION24.HOUR.18.P020,1,0,83,JESUS,NO
PASSION24.HOUR.18.P021,1,0,77,JESUS,NO
PASSION24.HOUR.18.P028,1,119,310,JESUS,NO
PASSION24.HOUR.18.P029,1,0,410,JESUS,NO
PASSION24.HOUR.18.P030,1,0,33,JESUS,NO
PASSION24.HOUR.18.P031,1,0,154,JESUS,NO
PASSION24.HOUR.18.P101,1,2,80,JESUS,NO
PASSION24.HOUR.18.P111,1,189,476,JESUS,NO
PASSION24.HOUR.18.P112,1,0,352,JESUS,NO
PASSION24.HOUR.18.P113,1,0,146,JESUS,NO
PASSION24.HOUR.19.P015,1,2,109,JESUS,NO
PASSION24.HOUR.19.P016,1,0,110,JESUS,NO
PASSION24.HOUR.19.P017,1,0,385,JESUS,NO
PASSION24.HOUR.19.P018,1,0,93,JESUS,NO
PASSION24.HOUR.19.P026,1,2,111,JESUS,NO
PASSION24.HOUR.19.P027,1,0,121,JESUS,NO
PASSION24.HOUR.19.P079,1,2,223,JESUS,NO
PASSION24.HOUR.19.P080,1,0,122,JESUS,NO
PASSION24.HOUR.19.P081,1,0,172,JESUS,NO
PASSION24.HOUR.19.P097,1,564,691,JESUS,NO
PASSION24.HOUR.19.P098,1,0,155,JESUS,NO
PASSION24.HOUR.19.P099,1,0,195,JESUS,NO
PASSION24.HOUR.19.P108,1,2,103,JESUS,NO
PASSION24.HOUR.19.P109,1,0,76,JESUS,NO
PASSION24.HOUR.19.P110,1,0,171,JESUS,NO
PASSION24.HOUR.19.P111,1,0,205,JESUS,NO
PASSION24.HOUR.19.P112,1,0,218,JESUS,NO
PASSION24.HOUR.19.P121,1,360,414,JESUS,NO
PASSION24.HOUR.19.P124,1,2,115,JESUS,NO
PASSION24.HOUR.19.P125,1,0,201,JESUS,NO
PASSION24.HOUR.19.P126,1,0,143,JESUS,NO
PASSION24.HOUR.19.P133,1,2,74,JESUS,NO
PASSION24.HOUR.19.P134,1,0,146,JESUS,NO
PASSION24.HOUR.19.P135,1,0,232,JESUS,NO
PASSION24.HOUR.19.P136,1,0,115,JESUS,NO
PASSION24.HOUR.19.P137,1,0,117,JESUS,NO
PASSION24.HOUR.19.P146,1,2,178,JESUS,NO
PASSION24.HOUR.19.P147,1,0,90,JESUS,NO
PASSION24.HOUR.19.P148,1,0,113,JESUS,NO
PASSION24.HOUR.19.P149,1,0,167,JESUS,NO
PASSION24.HOUR.19.P164,1,2,309,FATHER,NO
PASSION24.HOUR.19.P165,1,0,148,FATHER,NO
PASSION24.HOUR.19.P166,1,37,109,JESUS,NO
PASSION24.HOUR.19.P167,1,0,127,JESUS,NO
PASSION24.HOUR.19.P168,1,0,374,JESUS,NO
PASSION24.HOUR.19.P169,1,0,232,JESUS,NO
PASSION24.HOUR.19.P170,1,0,176,JESUS,NO
PASSION24.HOUR.19.P171,1,0,157,JESUS,NO
PASSION24.HOUR.19.P172,1,0,130,JESUS,NO
PASSION24.HOUR.19.P173,1,0,126,JESUS,NO
PASSION24.HOUR.19.P174,1,0,105,JESUS,NO
PASSION24.HOUR.19.P175,1,0,132,JESUS,NO
PASSION24.HOUR.19.P176,1,0,179,JESUS,NO
PASSION24.HOUR.19.P177,1,0,61,JESUS,NO
PASSION24.HOUR.19.P178,1,0,316,JESUS,NO
PASSION24.HOUR.19.P179,1,0,346,JESUS,NO
PASSION24.HOUR.19.P180,1,0,142,JESUS,NO
PASSION24.HOUR.19.P181,1,0,338,JESUS,NO
PASSION24.HOUR.19.P182,1,0,235,JESUS,NO
PASSION24.HOUR.19.P183,1,0,100,JESUS,NO
PASSION24.HOUR.19.P184,1,0,149,JESUS,NO
PASSION24.HOUR.19.P185,1,0,229,JESUS,NO
PASSION24.HOUR.19.P186,1,0,140,JESUS,NO
PASSION24.HOUR.20.P001,1,23,81,JESUS,NO
PASSION24.HOUR.20.P010,1,2,61,JESUS,NO
PASSION24.HOUR.20.P016,1,110,186,JESUS,NO
PASSION24.HOUR.21.P001,1,20,62,JESUS,NO
PASSION24.HOUR.21.P010,1,2,55,JESUS,NO
PASSION24.HOUR.21.P019,1,2,45,JESUS,NO
PASSION24.HOUR.21.P020,1,44,67,JESUS,NO
PASSION24.HOUR.21.P020,2,84,99,JESUS,NO
PASSION24.HOUR.21.P023,1,20,135,JESUS,NO
PASSION24.HOUR.21.P025,1,93,116,JESUS,NO
PASSION24.HOUR.21.P025,2,140,155,JESUS,NO
PASSION24.HOUR.21.P027,1,2,214,JESUS,NO
PASSION24.HOUR.21.P058,1,21,69,JESUS,NO
PASSION24.HOUR.21.P059,1,287,335,JESUS,NO
PASSION24.HOUR.21.P066,1,2,114,JESUS,NO
PASSION24.HOUR.21.P067,1,0,134,JESUS,NO
PASSION24.HOUR.21.P068,1,0,84,JESUS,NO
PASSION24.HOUR.21.P083,1,2,40,JESUS,NO
PASSION24.HOUR.21.REF.P009,1,56,104,JESUS,NO
PASSION24.HOUR.22.P001,1,21,32,JESUS,NO
PASSION24.HOUR.22.P006,1,147,158,JESUS,NO
PASSION24.HOUR.22.P007,1,2,193,JESUS,NO
PASSION24.HOUR.22.P008,1,0,133,JESUS,NO
PASSION24.HOUR.22.P009,1,0,27,JESUS,NO
PASSION24.HOUR.22.P017,1,19,38,JESUS,NO
PASSION24.HOUR.22.P022,1,2,21,JESUS,NO
PASSION24.HOUR.22.P024,1,20,67,JESUS,NO
PASSION24.HOUR.22.P028,1,98,187,JESUS,NO
PASSION24.HOUR.22.P029,1,89,96,JESUS,NO
PASSION24.HOUR.22.P030,1,69,119,JESUS,NO
PASSION24.HOUR.22.P031,1,145,190,JESUS,NO
PASSION24.HOUR.22.P041,1,2,66,JESUS,NO
PASSION24.HOUR.22.REF.P001,1,216,235,JESUS,NO
PASSION24.HOUR.23.P011,1,14,131,JESUS,NO
PASSION24.HOUR.23.P012,1,0,89,JESUS,NO
PASSION24.HOUR.23.P013,1,0,155,JESUS,NO
PASSION24.HOUR.23.P014,1,0,85,JESUS,NO
PASSION24.HOUR.23.P015,1,0,119,JESUS,NO
PASSION24.HOUR.23.P016,1,0,126,JESUS,NO
PASSION24.HOUR.23.P017,1,0,219,JESUS,NO
PASSION24.HOUR.23.P018,1,0,132,JESUS,NO
PASSION24.HOUR.24.DESOL.P001,1,2,139,MARY,NO
PASSION24.HOUR.24.DESOL.P009,1,2,180,MARY,NO
PASSION24.HOUR.24.DESOL.P010,1,0,97,MARY,NO
PASSION24.HOUR.24.DESOL.P011,1,0,74,MARY,NO
PASSION24.HOUR.24.DESOL.P012,1,0,72,MARY,NO
PASSION24.HOUR.24.DESOL.P013,1,0,212,MARY,NO
PASSION24.HOUR.24.DESOL.P014,1,0,117,MARY,NO
PASSION24.HOUR.24.DESOL.P018,1,2,341,MARY,NO
PASSION24.HOUR.24.DESOL.P019,1,0,174,MARY,NO
PASSION24.HOUR.24.DESOL.P022,1,2,139,MARY,NO
PASSION24.HOUR.24.DESOL.P023,1,0,55,MARY,NO
PASSION24.HOUR.24.DESOL.P024,1,0,61,MARY,NO
PASSION24.HOUR.24.DESOL.P025,1,0,139,MARY,NO
PASSION24.HOUR.24.DESOL.P026,1,0,358,MARY,NO
PASSION24.HOUR.24.DESOL.P027,1,0,77,MARY,NO
PASSION24.HOUR.24.DESOL.P032,1,2,359,MARY,NO
PASSION24.HOUR.24.DESOL.P034,1,0,129,MARY,NO
PASSION24.HOUR.24.DESOL.P035,1,0,113,MARY,NO
PASSION24.HOUR.24.DESOL.P036,1,0,141,MARY,NO
PASSION24.HOUR.24.DESOL.P037,1,0,60,MARY,NO
PASSION24.HOUR.24.DESOL.P068,1,26,139,MARY,NO
PASSION24.HOUR.24.DESOL.P069,1,0,184,MARY,NO
PASSION24.HOUR.24.DESOL.P070,1,0,321,MARY,NO
PASSION24.HOUR.24.DESOL.P071,1,0,202,MARY,NO
PASSION24.HOUR.24.DESOL.P072,1,0,185,MARY,NO
PASSION24.HOUR.24.DESOL.P077,1,2,118,MARY,NO
PASSION24.SECTION.BENEFITS.P004,1,98,291,JESUS,NO
PASSION24.SECTION.BENEFITS.P006,1,0,132,JESUS,NO
PASSION24.SECTION.BENEFITS.P007,1,0,301,JESUS,NO
PASSION24.SECTION.BENEFITS.P008,1,0,12,JESUS,NO
PASSION24.SECTION.BENEFITS.P009,1,0,28,JESUS,NO
PASSION24.SECTION.BENEFITS.P010,1,0,298,JESUS,NO
PASSION24.SECTION.BENEFITS.P012,1,0,111,JESUS,NO
PASSION24.SECTION.BENEFITS.P013,1,0,19,JESUS,NO
PASSION24.SECTION.BENEFITS.P014,1,0,4,JESUS,NO
PASSION24.SECTION.BENEFITS.P015,1,0,95,JESUS,NO
PASSION24.SECTION.BENEFITS.P017,1,84,261,JESUS,NO
PASSION24.SECTION.BENEFITS.P018,1,0,112,JESUS,NO
PASSION24.SECTION.BENEFITS.P021,1,12,301,JESUS,NO
PASSION24.SECTION.BENEFITS.P022,1,0,6,JESUS,NO
PASSION24.SECTION.BENEFITS.P023,1,0,3,JESUS,NO
PASSION24.SECTION.BENEFITS.P024,1,0,29,JESUS,NO
PASSION24.SECTION.BENEFITS.P025,1,0,200,JESUS,NO
PASSION24.SECTION.BENEFITS.P026,1,0,53,JESUS,NO
PASSION24.SECTION.BENEFITS.P030,1,0,71,JESUS,NO
PASSION24.SECTION.BENEFITS.P031,1,0,119,JESUS,NO
PASSION24.SECTION.BENEFITS.P032,1,0,147,JESUS,NO
PASSION24.SECTION.BENEFITS.P033,1,0,172,JESUS,NO
PASSION24.SECTION.BENEFITS.P034,1,0,211,JESUS,NO
PASSION24.SECTION.BENEFITS.P037,1,13,120,JESUS,NO
PASSION24.SECTION.BENEFITS.P038,1,0,126,JESUS,NO
PASSION24.SECTION.BENEFITS.P039,1,0,147,JESUS,NO
PASSION24.SECTION.BENEFITS.P040,1,0,152,JESUS,NO
PASSION24.SECTION.BENEFITS.P041,1,0,122,JESUS,NO
PASSION24.SECTION.BENEFITS.P042,1,0,281,JESUS,NO
PASSION24.SECTION.BENEFITS.P044,1,0,119,JESUS,NO
PASSION24.SECTION.BENEFITS.P045,1,0,147,JESUS,NO
PASSION24.SECTION.BENEFITS.P046,1,0,263,JESUS,NO
PASSION24.SECTION.BENEFITS.P047,1,0,120,JESUS,NO
PASSION24.SECTION.BENEFITS.P049,1,0,4,JESUS,NO
PASSION24.SECTION.BENEFITS.P050,1,0,103,JESUS,NO
PASSION24.SECTION.BENEFITS.P051,1,0,107,JESUS,NO
PASSION24.SECTION.BENEFITS.P055,1,231,308,JESUS,NO
PASSION24.SECTION.BENEFITS.P057,1,36,391,JESUS,NO
PASSION24.SECTION.BENEFITS.P059,1,0,20,JESUS,NO
PASSION24.SECTION.BENEFITS.P060,1,0,170,JESUS,NO
PASSION24.SECTION.BENEFITS.P061,1,0,176,JESUS,NO
PASSION24.SECTION.BENEFITS.P062,1,0,79,JESUS,NO
PASSION24.SECTION.BENEFITS.P078,1,1,139,JESUS,NO
PASSION24.SECTION.BENEFITS.P079,1,0,152,JESUS,NO
PASSION24.SECTION.BENEFITS.P080,1,0,120,JESUS,NO
PASSION24.SECTION.BENEFITS.P081,1,0,103,JESUS,NO
PASSION24.SECTION.BENEFITS.P082,1,0,361,JESUS,NO
PASSION24.SECTION.BENEFITS.P084,1,0,97,JESUS,NO
PASSION24.SECTION.BENEFITS.P085,1,0,96,JESUS,NO
PASSION24.SECTION.BENEFITS.P086,1,0,202,JESUS,NO
PASSION24.SECTION.BENEFITS.P090,1,0,223,JESUS,NO
PASSION24.SECTION.BENEFITS.P091,1,0,91,JESUS,NO
PASSION24.SECTION.BENEFITS.P092,1,0,234,JESUS,NO
PASSION24.SECTION.BENEFITS.P093,1,0,91,JESUS,NO
PASSION24.SECTION.BENEFITS.P095,1,65,166,JESUS,NO
PASSION24.SECTION.BENEFITS.P096,1,0,132,JESUS,NO
PASSION24.SECTION.BENEFITS.P097,1,0,30,JESUS,NO
PASSION24.SECTION.BENEFITS.P098,1,0,34,JESUS,NO
PASSION24.SECTION.BENEFITS.P099,1,0,444,JESUS,NO
PASSION24.SECTION.BENEFITS.P101,1,0,77,JESUS,NO
PASSION24.SECTION.BENEFITS.P102,1,0,194,JESUS,NO
PASSION24.SECTION.BENEFITS.P102,2,209,411,JESUS,NO
PASSION24.SECTION.BENEFITS.P103,1,0,61,JESUS,NO
PASSION24.SECTION.BENEFITS.P106,1,41,118,JESUS,NO
PASSION24.SECTION.BENEFITS.P108,1,13,368,JESUS,NO
PASSION24.SECTION.BENEFITS.P110,1,13,244,JESUS,NO
PASSION24.SECTION.BENEFITS.P111,1,0,150,JESUS,NO
PASSION24.SECTION.BENEFITS.P112,1,0,133,JESUS,NO
PASSION24.SECTION.BENEFITS.P113,1,0,423,JESUS,NO
PASSION24.SECTION.BENEFITS.P114,1,0,74,JESUS,NO
PASSION24.SECTION.BENEFITS.P115,1,0,181,JESUS,NO
PASSION24.SECTION.BENEFITS.P116,1,0,216,JESUS,NO
PASSION24.SECTION.BENEFITS.P119,1,0,115,JESUS,NO
PASSION24.SECTION.BENEFITS.P120,1,0,150,JESUS,NO
PASSION24.SECTION.BENEFITS.P122,1,60,77,JESUS,NO
PASSION24.SECTION.BENEFITS.P126,1,0,152,JESUS,NO
PASSION24.SECTION.BENEFITS.P127,1,0,190,JESUS,NO
PASSION24.SECTION.BENEFITS.P128,1,0,231,JESUS,NO
PASSION24.SECTION.BENEFITS.P129,1,0,140,JESUS,NO
PASSION24.SECTION.BENEFITS.P130,1,0,76,JESUS,NO
PASSION24.SECTION.BENEFITS.P131,1,0,133,JESUS,NO
PASSION24.SECTION.BENEFITS.P134,1,0,308,JESUS,NO
PASSION24.SECTION.BENEFITS.P135,1,0,198,JESUS,NO
PASSION24.SECTION.BENEFITS.P136,1,0,156,JESUS,NO
PASSION24.SECTION.BENEFITS.P137,1,0,205,JESUS,NO
PASSION24.SECTION.BENEFITS.P138,1,0,104,JESUS,NO
PASSION24.SECTION.BENEFITS.P139,1,0,76,JESUS,NO
PASSION24.SECTION.BENEFITS.P144,1,0,262,JESUS,NO
PASSION24.SECTION.BENEFITS.P145,1,0,126,JESUS,NO
PASSION24.SECTION.BENEFITS.P146,1,0,127,JESUS,NO
PASSION24.SECTION.BENEFITS.P148,1,0,111,JESUS,NO
PASSION24.SECTION.BENEFITS.P149,1,0,139,JESUS,NO
PASSION24.SECTION.BENEFITS.P153,1,64,317,JESUS,NO
PASSION24.SECTION.BENEFITS.P154,1,0,137,JESUS,NO
PASSION24.SECTION.BENEFITS.P155,1,0,193,JESUS,NO
PASSION24.SECTION.BENEFITS.P156,1,0,311,JESUS,NO
PASSION24.SECTION.BENEFITS.P157,1,0,110,JESUS,NO
PASSION24.SECTION.BENEFITS.P158,1,0,209,JESUS,NO
PASSION24.SECTION.BENEFITS.P159,1,0,187,JESUS,NO
PASSION24.SECTION.BENEFITS.P163,1,0,330,JESUS,NO
PASSION24.SECTION.BENEFITS.P169,1,13,232,JESUS,NO
PASSION24.SECTION.BENEFITS.P170,1,0,121,JESUS,NO
PASSION24.SECTION.BENEFITS.P171,1,0,129,JESUS,NO
PASSION24.SECTION.BENEFITS.P173,1,0,100,JESUS,NO
PASSION24.SECTION.BENEFITS.P175,1,108,350,JESUS,NO
PASSION24.SECTION.BENEFITS.P176,1,0,251,JESUS,NO
PASSION24.SECTION.BENEFITS.P179,1,0,144,JESUS,NO
PASSION24.SECTION.BENEFITS.P180,1,0,32,JESUS,NO
PASSION24.SECTION.BENEFITS.P181,1,0,290,JESUS,NO
PASSION24.SECTION.BENEFITS.P182,1,0,94,JESUS,NO
PASSION24.SECTION.BENEFITS.P184,1,0,213,JESUS,NO
PASSION24.SECTION.BENEFITS.P185,1,0,117,JESUS,NO
PASSION24.SECTION.BENEFITS.P186,1,0,32,JESUS,NO
PASSION24.SECTION.BENEFITS.P187,1,0,54,JESUS,NO
PASSION24.SECTION.BENEFITS.P188,1,0,172,JESUS,NO
PASSION24.TEXT.PART_III_DIVINE_PASSION.BODY.P019,1,0,214,JESUS,NO
PASSION24.TEXT.PART_III_DIVINE_PASSION.BODY.P020,1,0,191,JESUS,NO
PASSION24.TEXT.PART_III_DIVINE_PASSION.BODY.P021,1,0,115,JESUS,NO
PASSION24.TEXT.PART_III_DIVINE_PASSION.BODY.P022,1,0,250,JESUS,NO
PASSION24.TEXT.PART_III_DIVINE_PASSION.BODY.P023,1,0,270,JESUS,NO
PASSION24.TEXT.PART_III_DIVINE_PASSION.BODY.P024,1,0,82,JESUS,NO
PASSION24.TEXT.PART_III_DIVINE_PASSION.BODY.P025,1,0,294,JESUS,NO
PASSION24.TEXT.PART_III_DIVINE_PASSION.BODY.P026,1,0,256,JESUS,NO
PASSION24.TEXT.PART_III_DIVINE_PASSION.BODY.P027,1,0,263,JESUS,NO
PASSION24.TEXT.PART_III_DIVINE_PASSION.BODY.P028,1,0,203,JESUS,NO
PASSION24.TEXT.PART_III_DIVINE_PASSION.BODY.P038,1,0,154,JESUS,NO
PASSION24.TEXT.PART_III_DIVINE_PASSION.BODY.P039,1,0,157,JESUS,NO
PASSION24.TEXT.PART_III_DIVINE_PASSION.BODY.P040,1,0,108,JESUS,NO
PASSION24.TEXT.PART_III_DIVINE_PASSION.BODY.P041,1,0,130,JESUS,NO
PASSION24.TEXT.PART_III_DIVINE_PASSION.BODY.P042,1,0,168,JESUS,NO
PASSION24.TEXT.PART_III_DIVINE_PASSION.BODY.P043,1,0,182,JESUS,NO
PASSION24.TEXT.PART_III_DIVINE_PASSION.BODY.P046,1,13,188,JESUS,NO
PASSION24.TEXT.PART_III_DIVINE_PASSION.BODY.P047,1,0,153,JESUS,NO
PASSION24.TEXT.PART_III_DIVINE_PASSION.BODY.P048,1,0,107,JESUS,NO
PASSION24.TEXT.PART_III_DIVINE_PASSION.BODY.P049,1,0,36,JESUS,NO
PASSION24.TEXT.PART_III_DIVINE_PASSION.BODY.P050,1,0,169,JESUS,NO
PASSION24.TEXT.PART_III_DIVINE_PASSION.BODY.P051,1,0,115,JESUS,NO
PASSION24.TEXT.PART_III_DIVINE_PASSION.BODY.P052,1,0,191,JESUS,NO
PASSION24.TEXT.PART_III_DIVINE_PASSION.BODY.P053,1,0,190,JESUS,NO
PASSION24.TEXT.PART_III_DIVINE_PASSION.BODY.P054,1,0,106,JESUS,NO
PASSION24.TEXT.PART_III_DIVINE_PASSION.BODY.P055,1,0,137,JESUS,NO
PASSION24.TEXT.PART_III_DIVINE_PASSION.BODY.P056,1,0,155,JESUS,NO
PASSION24.TEXT.PART_III_DIVINE_PASSION.BODY.P057,1,0,70,JESUS,NO
PASSION24.TEXT.PART_III_DIVINE_PASSION.BODY.P058,1,0,97,JESUS,NO
PASSION24.TEXT.PART_III_DIVINE_PASSION.BODY.P059,1,0,171,JESUS,NO
PASSION24.TEXT.PART_III_DIVINE_PASSION.BODY.P067,1,0,215,JESUS,NO
PASSION24.TEXT.PART_III_DIVINE_PASSION.BODY.P068,1,0,200,JESUS,NO
PASSION24.TEXT.PART_III_DIVINE_PASSION.BODY.P079,1,25,162,JESUS,NO
PASSION24.TEXT.PART_III_DIVINE_PASSION.BODY.P080,1,0,145,JESUS,NO
PASSION24.TEXT.PART_III_DIVINE_PASSION.BODY.P081,1,0,88,JESUS,NO
PASSION24.TEXT.PART_III_DIVINE_PASSION.BODY.P082,1,0,101,JESUS,NO
PASSION24.TEXT.PART_III_DIVINE_PASSION.BODY.P083,1,0,88,JESUS,NO
PASSION24.TEXT.PART_III_DIVINE_PASSION.BODY.P084,1,0,85,JESUS,NO
PASSION24.TEXT.PART_III_DIVINE_PASSION.BODY.P085,1,0,89,JESUS,NO
PASSION24.TEXT.PART_III_DIVINE_PASSION.BODY.P091,1,34,249,JESUS,NO
PASSION24.TEXT.PART_III_DIVINE_PASSION.BODY.P092,1,0,165,JESUS,NO
PASSION24.TEXT.PART_III_DIVINE_PASSION.BODY.P093,1,0,85,JESUS,NO
PASSION24.TEXT.PART_III_DIVINE_PASSION.BODY.P094,1,0,106,JESUS,NO
PASSION24.TEXT.PART_III_DIVINE_PASSION.BODY.P095,1,0,159,JESUS,NO
PASSION24.TEXT.PART_III_DIVINE_PASSION.BODY.P096,1,0,142,JESUS,NO
PASSION24.TEXT.PART_III_DIVINE_PASSION.BODY.P097,1,0,187,JESUS,NO
PASSION24.TEXT.PART_III_DIVINE_PASSION.BODY.P098,1,0,136,JESUS,NO
PASSION24.TEXT.PART_III_DIVINE_PASSION.BODY.P099,1,0,307,JESUS,NO
PASSION24.TEXT.PART_III_DIVINE_PASSION.BODY.P100,1,0,186,JESUS,NO
PASSION24.TEXT.PART_III_DIVINE_PASSION.BODY.P101,1,0,76,JESUS,NO
PASSION24.TEXT.PART_III_DIVINE_PASSION.BODY.P102,1,0,187,JESUS,NO
PASSION24.TEXT.PART_III_DIVINE_PASSION.BODY.P103,1,0,234,JESUS,NO
PASSION24.TEXT.PART_III_DIVINE_PASSION.BODY.P104,1,0,244,JESUS,NO
PASSION24.TEXT.PART_III_DIVINE_PASSION.BODY.P105,1,0,32,JESUS,NO
PASSION24.TEXT.PART_III_DIVINE_PASSION.BODY.P106,1,0,115,JESUS,NO
PASSION24.TEXT.PART_III_DIVINE_PASSION.BODY.P107,1,0,292,JESUS,NO
PASSION24.TEXT.PART_III_DIVINE_PASSION.BODY.P108,1,0,79,JESUS,NO
PASSION24.TEXT.PART_III_DIVINE_PASSION.BODY.P109,1,0,91,JESUS,NO
PASSION24.TEXT.PART_III_DIVINE_PASSION.BODY.P110,1,0,150,JESUS,NO
PASSION24.TEXT.PART_III_DIVINE_PASSION.BODY.P111,1,0,176,JESUS,NO
PASSION24.TEXT.PART_III_DIVINE_PASSION.BODY.P115,1,65,246,JESUS,NO
PASSION24.TEXT.PART_III_DIVINE_PASSION.BODY.P116,1,0,343,JESUS,NO
PASSION24.TEXT.PART_III_DIVINE_PASSION.BODY.P117,1,0,233,JESUS,NO
PASSION24.TEXT.PART_III_DIVINE_PASSION.BODY.P118,1,0,403,JESUS,NO
PASSION24.TEXT.PART_III_DIVINE_PASSION.BODY.P119,1,0,45,JESUS,NO
PASSION24.TEXT.PART_III_DIVINE_PASSION.BODY.P120,1,0,117,JESUS,NO
PASSION24.TEXT.PART_III_DIVINE_PASSION.BODY.P121,1,0,165,JESUS,NO
PASSION24.TEXT.PART_III_DIVINE_PASSION.BODY.P122,1,0,227,JESUS,NO
PASSION24.TEXT.PART_III_DIVINE_PASSION.BODY.P123,1,0,64,JESUS,NO
PASSION24.TEXT.PART_III_DIVINE_PASSION.BODY.P126,1,0,314,JESUS,NO
PASSION24.TEXT.PART_III_DIVINE_PASSION.BODY.P127,1,0,271,JESUS,NO
PASSION24.TEXT.PART_III_DIVINE_PASSION.BODY.P128,1,0,288,JESUS,NO
PASSION24.TEXT.PART_III_DIVINE_PASSION.BODY.P131,1,13,79,JESUS,NO
PASSION24.TEXT.PART_III_DIVINE_PASSION.BODY.P132,1,0,93,JESUS,NO
PASSION24.TEXT.PART_III_DIVINE_PASSION.BODY.P133,1,0,132,JESUS,NO
PASSION24.TEXT.PART_III_DIVINE_PASSION.BODY.P134,1,0,424,JESUS,NO
PASSION24.TEXT.PART_III_DIVINE_PASSION.BODY.P135,1,0,78,JESUS,NO
PASSION24.TEXT.PART_III_DIVINE_PASSION.BODY.P136,1,0,63,JESUS,NO
PASSION24.TEXT.PART_III_DIVINE_PASSION.BODY.P137,1,0,103,JESUS,NO
PASSION24.TEXT.PART_III_DIVINE_PASSION.BODY.P138,1,0,451,JESUS,NO
PASSION24.TEXT.PART_III_DIVINE_PASSION.BODY.P139,1,0,355,JESUS,NO
PASSION24.TEXT.PART_III_DIVINE_PASSION.BODY.P144,1,0,183,JESUS,NO
PASSION24.TEXT.PART_III_DIVINE_PASSION.BODY.P145,1,0,237,JESUS,NO
PASSION24.TEXT.PART_III_DIVINE_PASSION.BODY.P146,1,0,75,JESUS,NO
PASSION24.TEXT.PART_III_DIVINE_PASSION.BODY.P149,1,0,429,JESUS,NO
PASSION24.TEXT.PART_III_DIVINE_PASSION.BODY.P150,1,0,225,JESUS,NO
PASSION24.TEXT.PART_III_DIVINE_PASSION.BODY.P151,1,0,82,JESUS,NO
PASSION24.TEXT.PART_III_DIVINE_PASSION.BODY.P152,1,0,94,JESUS,NO
PASSION24.TEXT.PART_III_DIVINE_PASSION.BODY.P153,1,0,291,JESUS,NO
PASSION24.TEXT.PART_III_DIVINE_PASSION.BODY.P154,1,0,246,JESUS,NO
PASSION24.TEXT.PART_III_DIVINE_PASSION.BODY.P155,1,0,69,JESUS,NO
PASSION24.TEXT.PART_III_DIVINE_PASSION.BODY.P156,1,0,112,JESUS,NO
PASSION24.TEXT.PART_III_DIVINE_PASSION.BODY.P157,1,0,308,JESUS,NO
PASSION24.TEXT.PART_III_DIVINE_PASSION.BODY.P158,1,0,126,JESUS,NO
PASSION24.TEXT.PART_III_DIVINE_PASSION.BODY.P164,1,0,171,JESUS,NO
PASSION24.TEXT.PART_III_DIVINE_PASSION.BODY.P165,1,0,45,JESUS,NO
PASSION24.TEXT.PART_III_DIVINE_PASSION.BODY.P166,1,0,249,JESUS,NO
PASSION24.TEXT.PART_III_DIVINE_PASSION.BODY.P167,1,0,106,JESUS,NO
PASSION24.TEXT.PART_III_DIVINE_PASSION.BODY.P168,1,0,84,JESUS,NO
PASSION24.TEXT.PART_III_DIVINE_PASSION.BODY.P173,1,0,308,JESUS,NO
PASSION24.TEXT.PART_III_DIVINE_PASSION.BODY.P174,1,0,111,JESUS,NO
PASSION24.TEXT.PART_III_DIVINE_PASSION.BODY.P175,1,0,178,JESUS,NO
PASSION24.TEXT.PART_III_DIVINE_PASSION.BODY.P176,1,0,323,JESUS,NO
PASSION24.TEXT.PART_III_DIVINE_PASSION.BODY.P177,1,0,280,JESUS,NO
PASSION24.TEXT.PART_III_DIVINE_PASSION.BODY.P178,1,0,44,JESUS,NO
PASSION24.TEXT.PART_III_DIVINE_PASSION.BODY.P179,1,0,414,JESUS,NO
PASSION24.TEXT.PART_III_DIVINE_PASSION.BODY.P180,1,0,226,JESUS,NO
PASSION24.TEXT.PART_III_DIVINE_PASSION.BODY.P181,1,0,281,JESUS,NO
PASSION24.TEXT.PART_III_DIVINE_PASSION.BODY.P182,1,0,179,JESUS,NO
PASSION24.TEXT.PART_III_DIVINE_PASSION.BODY.P183,1,0,52,JESUS,NO
PASSION24.TEXT.PART_III_MARY_SORROWS.BODY.P015,1,0,153,JESUS,NO
PASSION24.TEXT.PART_III_MARY_SORROWS.BODY.P016,1,0,200,JESUS,NO
PASSION24.TEXT.PART_III_MARY_SORROWS.BODY.P017,1,0,414,JESUS,NO
PASSION24.TEXT.PART_III_MARY_SORROWS.BODY.P018,1,0,68,JESUS,NO
PASSION24.TEXT.PART_III_MARY_SORROWS.BODY.P019,1,0,649,JESUS,NO
PASSION24.TEXT.PART_III_MARY_SORROWS.BODY.P020,1,0,484,JESUS,NO
PASSION24.TEXT.PART_III_MARY_SORROWS.BODY.P021,1,0,146,JESUS,NO
PASSION24.TEXT.PART_III_MARY_SORROWS.BODY.P024,1,0,48,JESUS,NO
PASSION24.TEXT.PART_III_MARY_SORROWS.BODY.P025,1,0,69,JESUS,NO
PASSION24.TEXT.PART_III_MARY_SORROWS.BODY.P026,1,0,229,JESUS,NO
PASSION24.TEXT.PART_III_MARY_SORROWS.BODY.P029,1,0,38,JESUS,NO
PASSION24.TEXT.PART_III_MARY_SORROWS.BODY.P030,1,0,128,JESUS,NO
PASSION24.TEXT.PART_III_MARY_SORROWS.BODY.P031,1,0,66,JESUS,NO
PASSION24.TEXT.PART_III_MARY_SORROWS.BODY.P032,1,0,229,JESUS,NO
PASSION24.TEXT.PART_III_MARY_SORROWS.BODY.P036,1,0,205,JESUS,NO
PASSION24.TEXT.PART_III_MARY_SORROWS.BODY.P037,1,0,136,JESUS,NO
PASSION24.TEXT.PART_III_MARY_SORROWS.BODY.P038,1,0,171,JESUS,NO
PASSION24.TEXT.PART_III_MARY_SORROWS.BODY.P039,1,0,78,JESUS,NO
PASSION24.TEXT.PART_III_MARY_SORROWS.BODY.P040,1,0,185,JESUS,NO
PASSION24.TEXT.PART_III_MARY_SORROWS.BODY.P041,1,0,177,JESUS,NO
PASSION24.TEXT.PART_III_MARY_SORROWS.BODY.P042,1,0,217,JESUS,NO
PASSION24.TEXT.PART_III_MARY_SORROWS.BODY.P043,1,0,376,JESUS,NO
PASSION24.TEXT.PART_III_MARY_SORROWS.BODY.P048,1,0,188,JESUS,NO
PASSION24.TEXT.PART_III_MARY_SORROWS.BODY.P049,1,0,137,JESUS,NO
PASSION24.TEXT.PART_III_MARY_SORROWS.BODY.P050,1,0,190,JESUS,NO
PASSION24.TEXT.PART_III_MARY_SORROWS.BODY.P051,1,0,56,JESUS,NO
PASSION24.TEXT.PART_III_MARY_SORROWS.BODY.P052,1,0,210,JESUS,NO
PASSION24.TEXT.PART_III_MARY_SORROWS.BODY.P053,1,0,129,JESUS,NO
PASSION24.TEXT.PART_III_MARY_SORROWS.BODY.P054,1,0,84,JESUS,NO
PASSION24.TEXT.PART_III_MARY_SORROWS.BODY.P055,1,0,123,JESUS,NO
PASSION24.TEXT.PART_III_MARY_SORROWS.BODY.P056,1,0,42,JESUS,NO
PASSION24.TEXT.PART_III_MARY_SORROWS.BODY.P057,1,0,76,JESUS,NO
PASSION24.TEXT.PART_III_MARY_SORROWS.BODY.P058,1,0,159,JESUS,NO
PASSION24.TEXT.PART_III_MARY_SORROWS.BODY.P059,1,0,122,JESUS,NO
PASSION24.TEXT.PART_III_MARY_SORROWS.BODY.P060,1,0,135,JESUS,NO
PASSION24.TEXT.PART_III_MARY_SORROWS.BODY.P061,1,0,201,JESUS,NO
PASSION24.TEXT.PART_III_MARY_SORROWS.BODY.P062,1,0,211,JESUS,NO
PASSION24.TEXT.PART_III_MARY_SORROWS.BODY.P063,1,0,236,JESUS,NO
PASSION24.TEXT.PART_III_MARY_SORROWS.BODY.P064,1,0,170,JESUS,NO
PASSION24.TEXT.PART_III_MARY_SORROWS.BODY.P065,1,0,108,JESUS,NO
PASSION24.TEXT.PART_III_MARY_SORROWS.BODY.P066,1,0,159,JESUS,NO
PASSION24.TEXT.PART_III_MARY_SORROWS.BODY.P067,1,0,144,JESUS,NO
PASSION24.TEXT.PART_III_MARY_SORROWS.BODY.P068,1,0,113,JESUS,NO
PASSION24.TEXT.PART_III_MARY_SORROWS.BODY.P069,1,0,69,JESUS,NO
PASSION24.TEXT.PART_III_MARY_SORROWS.BODY.P070,1,0,51,JESUS,NO
PASSION24.TEXT.PART_III_MARY_SORROWS.BODY.P071,1,0,116,JESUS,NO
PASSION24.TEXT.PART_III_MARY_SORROWS.BODY.P072,1,0,72,JESUS,NO
PASSION24.TEXT.PART_III_MARY_SORROWS.BODY.P073,1,0,66,JESUS,NO
PASSION24.TEXT.PART_III_MARY_SORROWS.BODY.P074,1,0,15,JESUS,NO
PASSION24.TEXT.PART_III_MARY_SORROWS.BODY.P075,1,0,132,JESUS,NO
PASSION24.TEXT.PART_III_MARY_SORROWS.BODY.P076,1,0,24,JESUS,NO
PASSION24.TEXT.PART_III_MARY_SORROWS.BODY.P077,1,0,96,JESUS,NO
PASSION24.TEXT.PART_III_MARY_SORROWS.BODY.P078,1,0,199,JESUS,NO
PASSION24.TEXT.PART_III_MARY_SORROWS.BODY.P079,1,0,155,JESUS,NO
PASSION24.TEXT.PART_III_MARY_SORROWS.BODY.P080,1,0,95,JESUS,NO
PASSION24.TEXT.PART_III_MARY_SORROWS.BODY.P081,1,0,128,JESUS,NO
PASSION24.TEXT.PART_III_MARY_SORROWS.BODY.P082,1,0,91,JESUS,NO
PASSION24.TEXT.PART_III_MARY_SORROWS.BODY.P083,1,45,347,JESUS,NO
PASSION24.TEXT.PART_III_MARY_SORROWS.BODY.P084,1,0,125,JESUS,NO
PASSION24.TEXT.PART_III_MARY_SORROWS.BODY.P085,1,0,150,JESUS,NO
PASSION24.TEXT.PART_III_MARY_SORROWS.BODY.P086,1,0,139,JESUS,NO
PASSION24.TEXT.PART_III_MARY_SORROWS.BODY.P087,1,0,122,JESUS,NO
PASSION24.TEXT.PART_III_MARY_SORROWS.BODY.P088,1,0,59,JESUS,NO
PASSION24.TEXT.PART_III_MARY_SORROWS.BODY.P091,1,0,24,JESUS,NO
PASSION24.TEXT.PART_III_MARY_SORROWS.BODY.P092,1,0,50,JESUS,NO
PASSION24.TEXT.PART_III_MARY_SORROWS.BODY.P093,1,0,143,JESUS,NO
PASSION24.TEXT.PART_III_MARY_SORROWS.BODY.P094,1,0,87,JESUS,NO
PASSION24.TEXT.PART_III_MARY_SORROWS.BODY.P095,1,0,47,JESUS,NO
PASSION24.TEXT.PART_III_MARY_SORROWS.BODY.P096,1,0,76,JESUS,NO
PASSION24.TEXT.PART_III_MARY_SORROWS.BODY.P097,1,0,106,JESUS,NO
PASSION24.TEXT.PART_III_MARY_SORROWS.BODY.P098,1,0,59,JESUS,NO
PASSION24.TEXT.PART_III_MARY_SORROWS.BODY.P099,1,0,55,JESUS,NO
PASSION24.TEXT.PART_III_MARY_SORROWS.BODY.P100,1,0,38,JESUS,NO
PASSION24.TEXT.PART_III_MARY_SORROWS.BODY.P101,1,0,123,JESUS,NO
PASSION24.TEXT.PART_III_MARY_SORROWS.BODY.P102,1,0,174,JESUS,NO
PASSION24.TEXT.PART_III_MARY_SORROWS.BODY.P103,1,0,87,JESUS,NO
PASSION24.TEXT.PART_III_MARY_SORROWS.BODY.P104,1,0,116,JESUS,NO
PASSION24.TEXT.PART_III_MARY_SORROWS.BODY.P105,1,0,130,JESUS,NO
PASSION24.TEXT.PART_III_MARY_SORROWS.BODY.P106,1,0,42,JESUS,NO
PASSION24.TEXT.PART_III_MARY_SORROWS.BODY.P107,1,0,115,JESUS,NO
PASSION24.TEXT.PART_III_MARY_SORROWS.BODY.P108,1,0,37,JESUS,NO
PASSION24.TEXT.PART_III_MARY_SORROWS.BODY.P109,1,0,145,JESUS,NO
PASSION24.TEXT.PART_III_MARY_SORROWS.BODY.P110,1,0,66,JESUS,NO
PASSION24.TEXT.PART_III_MARY_SORROWS.BODY.P111,1,0,41,JESUS,NO
PASSION24.TEXT.PART_III_MARY_SORROWS.BODY.P112,1,0,87,JESUS,NO
PASSION24.TEXT.PART_III_MARY_SORROWS.BODY.P113,1,0,113,JESUS,NO
PASSION24.TEXT.PART_III_MARY_SORROWS.BODY.P114,1,0,165,JESUS,NO
PASSION24.TEXT.PART_III_MARY_SORROWS.BODY.P115,1,0,155,JESUS,NO
PASSION24.TEXT.PART_III_MARY_SORROWS.BODY.P120,1,0,35,JESUS,NO
PASSION24.TEXT.PART_III_MARY_SORROWS.BODY.P121,1,0,160,JESUS,NO
PASSION24.TEXT.PART_III_MARY_SORROWS.BODY.P122,1,0,56,JESUS,NO
PASSION24.TEXT.PART_III_MARY_SORROWS.BODY.P123,1,0,71,JESUS,NO
PASSION24.TEXT.PART_III_MARY_SORROWS.BODY.P128,1,0,32,JESUS,NO
PASSION24.TEXT.PART_III_MARY_SORROWS.BODY.P129,1,0,47,JESUS,NO
PASSION24.TEXT.PART_III_MARY_SORROWS.BODY.P133,1,0,80,JESUS,NO
PASSION24.TEXT.PART_III_MARY_SORROWS.BODY.P134,1,0,65,JESUS,NO
PASSION24.TEXT.PART_III_MARY_SORROWS.BODY.P135,1,0,122,JESUS,NO
PASSION24.TEXT.PART_III_MARY_SORROWS.BODY.P136,1,0,224,JESUS,NO
PASSION24.TEXT.PART_III_MARY_SORROWS.BODY.P137,1,0,298,JESUS,NO
PASSION24.TEXT.PART_III_MARY_SORROWS.BODY.P138,1,0,21,JESUS,NO
PASSION24.TEXT.PART_III_MARY_SORROWS.BODY.P139,1,0,142,JESUS,NO
PASSION24.TEXT.PART_III_MARY_SORROWS.BODY.P140,1,0,38,JESUS,NO
PASSION24.TEXT.PART_III_MARY_SORROWS.BODY.P141,1,0,115,JESUS,NO
PASSION24.TEXT.PART_III_MARY_SORROWS.BODY.P142,1,0,58,JESUS,NO
PASSION24.TEXT.PART_III_MARY_SORROWS.BODY.P143,1,0,58,JESUS,NO
PASSION24.TEXT.PART_III_MARY_SORROWS.BODY.P144,1,0,96,JESUS,NO
PASSION24.TEXT.PART_III_MARY_SORROWS.BODY.P145,1,0,281,JESUS,NO
PASSION24.TEXT.PART_III_MARY_SORROWS.BODY.P146,1,0,91,JESUS,NO
PASSION24.TEXT.PART_III_MARY_SORROWS.BODY.P147,1,0,40,JESUS,NO
PASSION24.TEXT.PART_III_MARY_SORROWS.BODY.P148,1,0,314,JESUS,NO
PASSION24.TEXT.PART_III_MARY_SORROWS.BODY.P149,1,0,115,JESUS,NO
PASSION24.TEXT.PART_III_MARY_SORROWS.BODY.P150,1,0,124,JESUS,NO
PASSION24.TEXT.PART_III_MARY_SORROWS.BODY.P151,1,0,134,JESUS,NO
PASSION24.TEXT.PART_III_MARY_SORROWS.BODY.P152,1,0,77,JESUS,NO
PASSION24.TEXT.PART_III_MARY_SORROWS.BODY.P153,1,0,40,JESUS,NO
PASSION24.TEXT.PART_III_MARY_SORROWS.BODY.P154,1,0,108,JESUS,NO
PASSION24.TEXT.PART_III_MARY_SORROWS.BODY.P155,1,0,106,JESUS,NO
PASSION24.TEXT.PART_III_MARY_SORROWS.BODY.P156,1,0,78,JESUS,NO
PASSION24.TEXT.PART_III_MARY_SORROWS.BODY.P157,1,0,45,JESUS,NO
PASSION24.TEXT.PART_III_MARY_SORROWS.BODY.P158,1,0,59,JESUS,NO
PASSION24.TEXT.PART_III_MARY_SORROWS.BODY.P159,1,0,54,JESUS,NO
PASSION24.TEXT.PART_III_MARY_SORROWS.BODY.P160,1,0,91,JESUS,NO
PASSION24.TEXT.PART_III_MARY_SORROWS.BODY.P161,1,0,85,JESUS,NO
PASSION24.TEXT.PART_III_MARY_SORROWS.BODY.P162,1,0,177,JESUS,NO
PASSION24.TEXT.PART_III_MARY_SORROWS.BODY.P163,1,0,127,JESUS,NO
PASSION24.TEXT.PART_III_MARY_SORROWS.BODY.P164,1,0,178,JESUS,NO
PASSION24.TEXT.PART_III_MARY_SORROWS.BODY.P165,1,0,166,JESUS,NO
PASSION24.TEXT.PART_III_MARY_SORROWS.BODY.P166,1,0,137,JESUS,NO
PASSION24.TEXT.PART_III_MARY_SORROWS.BODY.P167,1,0,209,JESUS,NO
PASSION24.TEXT.PART_III_MARY_SORROWS.BODY.P168,1,0,131,JESUS,NO
PASSION24.TEXT.PART_III_MARY_SORROWS.BODY.P169,1,0,33,JESUS,NO
PASSION24.TEXT.PART_III_MARY_SORROWS.BODY.P170,1,0,82,JESUS,NO
PASSION24.TEXT.PART_III_MARY_SORROWS.BODY.P171,1,0,251,JESUS,NO
PASSION24.TEXT.PART_III_MARY_SORROWS.BODY.P172,1,0,23,JESUS,NO
PASSION24.TEXT.PART_III_MARY_SORROWS.BODY.P173,1,0,86,JESUS,NO
PASSION24.TEXT.PART_III_MARY_SORROWS.BODY.P174,1,0,64,JESUS,NO
PASSION24.TEXT.PART_III_MARY_SORROWS.BODY.P175,1,0,96,JESUS,NO
PASSION24.TEXT.PART_III_MARY_SORROWS.BODY.P176,1,0,113,JESUS,NO
PASSION24.TEXT.PART_III_MARY_SORROWS.BODY.P177,1,0,70,JESUS,NO
PASSION24.TEXT.PART_III_MARY_SORROWS.BODY.P178,1,0,131,JESUS,NO
PASSION24.TEXT.PART_III_MARY_SORROWS.BODY.P179,1,0,85,JESUS,NO
PASSION24.TEXT.PART_III_MARY_SORROWS.BODY.P180,1,0,187,JESUS,NO
PASSION24.TEXT.PART_III_MARY_SORROWS.BODY.P189,1,0,91,JESUS,NO
PASSION24.TEXT.PART_III_MARY_SORROWS.BODY.P190,1,0,48,JESUS,NO
PASSION24.TEXT.PART_III_MARY_SORROWS.BODY.P191,1,0,56,JESUS,NO
PASSION24.TEXT.PART_III_MARY_SORROWS.BODY.P192,1,0,228,JESUS,NO
PASSION24.TEXT.PART_III_MARY_SORROWS.BODY.P193,1,0,42,JESUS,NO
PASSION24.TEXT.PART_III_MARY_SORROWS.BODY.P194,1,0,112,JESUS,NO
PASSION24.TEXT.PART_III_MARY_SORROWS.BODY.P195,1,0,98,JESUS,NO
PASSION24.TEXT.PART_III_MARY_SORROWS.BODY.P196,1,0,185,JESUS,NO
PASSION24.TEXT.PART_III_MARY_SORROWS.BODY.P197,1,0,111,JESUS,NO
PASSION24.TEXT.PART_III_MARY_SORROWS.BODY.P207,1,0,121,JESUS,NO
PASSION24.TEXT.PART_III_MARY_SORROWS.BODY.P208,1,0,163,JESUS,NO
PASSION24.TEXT.PART_III_MARY_SORROWS.BODY.P209,1,0,197,JESUS,NO
PASSION24.TEXT.PART_III_MARY_SORROWS.BODY.P210,1,0,32,JESUS,NO
PASSION24.TEXT.PART_III_MARY_SORROWS.BODY.P211,1,0,187,JESUS,NO
PASSION24.TEXT.PART_III_MARY_SORROWS.BODY.P212,1,0,91,JESUS,NO
PASSION24.TEXT.PART_III_MARY_SORROWS.BODY.P213,1,0,78,JESUS,NO
PASSION24.TEXT.PART_III_MARY_SORROWS.BODY.P214,1,0,55,JESUS,NO
PASSION24.TEXT.PART_III_MARY_SORROWS.BODY.P215,1,0,68,JESUS,NO
PASSION24.TEXT.PART_III_MARY_SORROWS.BODY.P216,1,0,118,JESUS,NO
PASSION24.TEXT.PART_III_MARY_SORROWS.BODY.P217,1,0,133,JESUS,NO
PASSION24.TEXT.PART_III_MARY_SORROWS.BODY.P218,1,0,205,JESUS,NO
PASSION24.TEXT.PART_III_MARY_SORROWS.BODY.P219,1,0,42,JESUS,NO
PASSION24.TEXT.PART_III_MARY_SORROWS.BODY.P220,1,0,196,JESUS,NO
PASSION24.TEXT.PART_III_MARY_SORROWS.BODY.P221,1,0,248,JESUS,NO
PASSION24.TEXT.PART_III_MARY_SORROWS.BODY.P222,1,0,79,JESUS,NO
PASSION24.TEXT.PROMISES_BENEFITS.BODY.P004,1,98,291,JESUS,NO
PASSION24.TEXT.PROMISES_BENEFITS.BODY.P005,1,0,132,JESUS,NO
PASSION24.TEXT.PROMISES_BENEFITS.BODY.P006,1,0,301,JESUS,NO
PASSION24.TEXT.PROMISES_BENEFITS.BODY.P007,1,0,12,JESUS,NO
PASSION24.TEXT.PROMISES_BENEFITS.BODY.P008,1,0,28,JESUS,NO
PASSION24.TEXT.PROMISES_BENEFITS.BODY.P009,1,0,298,JESUS,NO
PASSION24.TEXT.PROMISES_BENEFITS.BODY.P010,1,0,111,JESUS,NO
PASSION24.TEXT.PROMISES_BENEFITS.BODY.P011,1,0,19,JESUS,NO
PASSION24.TEXT.PROMISES_BENEFITS.BODY.P012,1,0,4,JESUS,NO
PASSION24.TEXT.PROMISES_BENEFITS.BODY.P013,1,0,95,JESUS,NO
PASSION24.TEXT.PROMISES_BENEFITS.BODY.P015,1,84,261,JESUS,NO
PASSION24.TEXT.PROMISES_BENEFITS.BODY.P016,1,0,112,JESUS,NO
PASSION24.TEXT.PROMISES_BENEFITS.BODY.P019,1,12,301,JESUS,NO
PASSION24.TEXT.PROMISES_BENEFITS.BODY.P020,1,0,6,JESUS,NO
PASSION24.TEXT.PROMISES_BENEFITS.BODY.P021,1,0,3,JESUS,NO
PASSION24.TEXT.PROMISES_BENEFITS.BODY.P022,1,0,29,JESUS,NO
PASSION24.TEXT.PROMISES_BENEFITS.BODY.P023,1,0,200,JESUS,NO
PASSION24.TEXT.PROMISES_BENEFITS.BODY.P024,1,0,53,JESUS,NO
PASSION24.TEXT.PROMISES_BENEFITS.BODY.P028,1,0,71,JESUS,NO
PASSION24.TEXT.PROMISES_BENEFITS.BODY.P029,1,0,119,JESUS,NO
PASSION24.TEXT.PROMISES_BENEFITS.BODY.P030,1,0,147,JESUS,NO
PASSION24.TEXT.PROMISES_BENEFITS.BODY.P031,1,0,172,JESUS,NO
PASSION24.TEXT.PROMISES_BENEFITS.BODY.P032,1,0,211,JESUS,NO
PASSION24.TEXT.PROMISES_BENEFITS.BODY.P035,1,13,120,JESUS,NO
PASSION24.TEXT.PROMISES_BENEFITS.BODY.P036,1,0,126,JESUS,NO
PASSION24.TEXT.PROMISES_BENEFITS.BODY.P037,1,0,147,JESUS,NO
PASSION24.TEXT.PROMISES_BENEFITS.BODY.P038,1,0,152,JESUS,NO
PASSION24.TEXT.PROMISES_BENEFITS.BODY.P039,1,0,122,JESUS,NO
PASSION24.TEXT.PROMISES_BENEFITS.BODY.P040,1,0,281,JESUS,NO
PASSION24.TEXT.PROMISES_BENEFITS.BODY.P042,1,0,119,JESUS,NO
PASSION24.TEXT.PROMISES_BENEFITS.BODY.P043,1,0,147,JESUS,NO
PASSION24.TEXT.PROMISES_BENEFITS.BODY.P044,1,0,263,JESUS,NO
PASSION24.TEXT.PROMISES_BENEFITS.BODY.P045,1,0,120,JESUS,NO
PASSION24.TEXT.PROMISES_BENEFITS.BODY.P047,1,0,4,JESUS,NO
PASSION24.TEXT.PROMISES_BENEFITS.BODY.P048,1,0,103,JESUS,NO
PASSION24.TEXT.PROMISES_BENEFITS.BODY.P049,1,0,107,JESUS,NO
PASSION24.TEXT.PROMISES_BENEFITS.BODY.P053,1,231,308,JESUS,NO
PASSION24.TEXT.PROMISES_BENEFITS.BODY.P055,1,36,391,JESUS,NO
PASSION24.TEXT.PROMISES_BENEFITS.BODY.P057,1,0,20,JESUS,NO
PASSION24.TEXT.PROMISES_BENEFITS.BODY.P058,1,0,170,JESUS,NO
PASSION24.TEXT.PROMISES_BENEFITS.BODY.P059,1,0,176,JESUS,NO
PASSION24.TEXT.PROMISES_BENEFITS.BODY.P060,1,0,79,JESUS,NO
PASSION24.TEXT.PROMISES_BENEFITS.BODY.P075,1,1,139,JESUS,NO
PASSION24.TEXT.PROMISES_BENEFITS.BODY.P076,1,0,152,JESUS,NO
PASSION24.TEXT.PROMISES_BENEFITS.BODY.P077,1,0,120,JESUS,NO
PASSION24.TEXT.PROMISES_BENEFITS.BODY.P078,1,0,103,JESUS,NO
PASSION24.TEXT.PROMISES_BENEFITS.BODY.P079,1,0,361,JESUS,NO
PASSION24.TEXT.PROMISES_BENEFITS.BODY.P080,1,0,97,JESUS,NO
PASSION24.TEXT.PROMISES_BENEFITS.BODY.P081,1,0,96,JESUS,NO
PASSION24.TEXT.PROMISES_BENEFITS.BODY.P082,1,0,202,JESUS,NO
PASSION24.TEXT.PROMISES_BENEFITS.BODY.P086,1,0,223,JESUS,NO
PASSION24.TEXT.PROMISES_BENEFITS.BODY.P087,1,0,91,JESUS,NO
PASSION24.TEXT.PROMISES_BENEFITS.BODY.P088,1,0,234,JESUS,NO
PASSION24.TEXT.PROMISES_BENEFITS.BODY.P089,1,0,91,JESUS,NO
PASSION24.TEXT.PROMISES_BENEFITS.BODY.P091,1,65,166,JESUS,NO
PASSION24.TEXT.PROMISES_BENEFITS.BODY.P092,1,0,132,JESUS,NO
PASSION24.TEXT.PROMISES_BENEFITS.BODY.P093,1,0,30,JESUS,NO
PASSION24.TEXT.PROMISES_BENEFITS.BODY.P094,1,0,34,JESUS,NO
PASSION24.TEXT.PROMISES_BENEFITS.BODY.P095,1,0,444,JESUS,NO
PASSION24.TEXT.PROMISES_BENEFITS.BODY.P096,1,0,77,JESUS,NO
PASSION24.TEXT.PROMISES_BENEFITS.BODY.P097,1,0,194,JESUS,NO
PASSION24.TEXT.PROMISES_BENEFITS.BODY.P097,2,209,411,JESUS,NO
PASSION24.TEXT.PROMISES_BENEFITS.BODY.P098,1,0,61,JESUS,NO
PASSION24.TEXT.PROMISES_BENEFITS.BODY.P101,1,41,118,JESUS,NO
PASSION24.TEXT.PROMISES_BENEFITS.BODY.P103,1,13,368,JESUS,NO
PASSION24.TEXT.PROMISES_BENEFITS.BODY.P105,1,13,244,JESUS,NO
PASSION24.TEXT.PROMISES_BENEFITS.BODY.P106,1,0,150,JESUS,NO
PASSION24.TEXT.PROMISES_BENEFITS.BODY.P107,1,0,133,JESUS,NO
PASSION24.TEXT.PROMISES_BENEFITS.BODY.P108,1,0,423,JESUS,NO
PASSION24.TEXT.PROMISES_BENEFITS.BODY.P109,1,0,74,JESUS,NO
PASSION24.TEXT.PROMISES_BENEFITS.BODY.P110,1,0,181,JESUS,NO
PASSION24.TEXT.PROMISES_BENEFITS.BODY.P111,1,0,216,JESUS,NO
PASSION24.TEXT.PROMISES_BENEFITS.BODY.P114,1,0,115,JESUS,NO
PASSION24.TEXT.PROMISES_BENEFITS.BODY.P115,1,0,150,JESUS,NO
PASSION24.TEXT.PROMISES_BENEFITS.BODY.P117,1,60,77,JESUS,NO
PASSION24.TEXT.PROMISES_BENEFITS.BODY.P121,1,0,152,JESUS,NO
PASSION24.TEXT.PROMISES_BENEFITS.BODY.P122,1,0,190,JESUS,NO
PASSION24.TEXT.PROMISES_BENEFITS.BODY.P123,1,0,231,JESUS,NO
PASSION24.TEXT.PROMISES_BENEFITS.BODY.P124,1,0,140,JESUS,NO
PASSION24.TEXT.PROMISES_BENEFITS.BODY.P125,1,0,76,JESUS,NO
PASSION24.TEXT.PROMISES_BENEFITS.BODY.P126,1,0,133,JESUS,NO
PASSION24.TEXT.PROMISES_BENEFITS.BODY.P129,1,0,308,JESUS,NO
PASSION24.TEXT.PROMISES_BENEFITS.BODY.P130,1,0,198,JESUS,NO
PASSION24.TEXT.PROMISES_BENEFITS.BODY.P131,1,0,156,JESUS,NO
PASSION24.TEXT.PROMISES_BENEFITS.BODY.P132,1,0,205,JESUS,NO
PASSION24.TEXT.PROMISES_BENEFITS.BODY.P133,1,0,104,JESUS,NO
PASSION24.TEXT.PROMISES_BENEFITS.BODY.P134,1,0,76,JESUS,NO
PASSION24.TEXT.PROMISES_BENEFITS.BODY.P139,1,0,262,JESUS,NO
PASSION24.TEXT.PROMISES_BENEFITS.BODY.P140,1,0,126,JESUS,NO
PASSION24.TEXT.PROMISES_BENEFITS.BODY.P141,1,0,127,JESUS,NO
PASSION24.TEXT.PROMISES_BENEFITS.BODY.P143,1,0,111,JESUS,NO
PASSION24.TEXT.PROMISES_BENEFITS.BODY.P144,1,0,139,JESUS,NO
PASSION24.TEXT.PROMISES_BENEFITS.BODY.P148,1,64,317,JESUS,NO
PASSION24.TEXT.PROMISES_BENEFITS.BODY.P149,1,0,137,JESUS,NO
PASSION24.TEXT.PROMISES_BENEFITS.BODY.P150,1,0,193,JESUS,NO
PASSION24.TEXT.PROMISES_BENEFITS.BODY.P151,1,0,311,JESUS,NO
PASSION24.TEXT.PROMISES_BENEFITS.BODY.P152,1,0,110,JESUS,NO
PASSION24.TEXT.PROMISES_BENEFITS.BODY.P153,1,0,209,JESUS,NO
PASSION24.TEXT.PROMISES_BENEFITS.BODY.P154,1,0,187,JESUS,NO
PASSION24.TEXT.PROMISES_BENEFITS.BODY.P158,1,0,330,JESUS,NO
PASSION24.TEXT.PROMISES_BENEFITS.BODY.P164,1,13,232,JESUS,NO
PASSION24.TEXT.PROMISES_BENEFITS.BODY.P165,1,0,121,JESUS,NO
PASSION24.TEXT.PROMISES_BENEFITS.BODY.P166,1,0,129,JESUS,NO
PASSION24.TEXT.PROMISES_BENEFITS.BODY.P168,1,0,100,JESUS,NO
PASSION24.TEXT.PROMISES_BENEFITS.BODY.P170,1,108,350,JESUS,NO
PASSION24.TEXT.PROMISES_BENEFITS.BODY.P171,1,0,251,JESUS,NO
PASSION24.TEXT.PROMISES_BENEFITS.BODY.P174,1,0,144,JESUS,NO
PASSION24.TEXT.PROMISES_BENEFITS.BODY.P175,1,0,32,JESUS,NO
PASSION24.TEXT.PROMISES_BENEFITS.BODY.P176,1,0,290,JESUS,NO
PASSION24.TEXT.PROMISES_BENEFITS.BODY.P177,1,0,94,JESUS,NO
PASSION24.TEXT.PROMISES_BENEFITS.BODY.P179,1,0,213,JESUS,NO
PASSION24.TEXT.PROMISES_BENEFITS.BODY.P180,1,0,117,JESUS,NO
PASSION24.TEXT.PROMISES_BENEFITS.BODY.P181,1,0,32,JESUS,NO
PASSION24.TEXT.PROMISES_BENEFITS.BODY.P182,1,0,54,JESUS,NO
PASSION24.TEXT.PROMISES_BENEFITS.BODY.P183,1,0,172,JESUS,NO
PASSION24.TEXT.RELATED_HOUR_01.BODY.P011,1,0,131,JESUS,NO
PASSION24.TEXT.RELATED_HOUR_01.BODY.P012,1,0,165,JESUS,NO
PASSION24.TEXT.RELATED_HOUR_01.BODY.P013,1,0,113,JESUS,NO
PASSION24.TEXT.RELATED_HOUR_01.BODY.P014,1,17,153,JESUS,NO
PASSION24.TEXT.RELATED_HOUR_01.BODY.P015,1,0,311,JESUS,NO
PASSION24.TEXT.RELATED_HOUR_01.BODY.P016,1,0,89,JESUS,NO
PASSION24.TEXT.RELATED_HOUR_01.BODY.P017,1,0,114,JESUS,NO
PASSION24.TEXT.RELATED_HOUR_01.BODY.P021,1,13,202,JESUS,NO
PASSION24.TEXT.RELATED_HOUR_01.BODY.P022,1,0,126,JESUS,NO
PASSION24.TEXT.RELATED_HOUR_01.BODY.P023,1,0,173,JESUS,NO
PASSION24.TEXT.RELATED_HOUR_01.BODY.P024,1,0,107,JESUS,NO
PASSION24.TEXT.RELATED_HOUR_01.BODY.P025,1,0,71,JESUS,NO
PASSION24.TEXT.RELATED_HOUR_01.BODY.P026,1,0,178,JESUS,NO
PASSION24.TEXT.RELATED_HOUR_01.BODY.P027,1,0,231,JESUS,NO
PASSION24.TEXT.RELATED_HOUR_01.BODY.P028,1,0,248,JESUS,NO
PASSION24.TEXT.RELATED_HOUR_01.BODY.P029,1,0,37,JESUS,NO
PASSION24.TEXT.RELATED_HOUR_01.BODY.P030,1,0,95,JESUS,NO
PASSION24.TEXT.RELATED_HOUR_01.BODY.P031,1,0,266,JESUS,NO
PASSION24.TEXT.RELATED_HOUR_01.BODY.P032,1,0,144,JESUS,NO
PASSION24.TEXT.RELATED_HOUR_01.BODY.P033,1,0,312,JESUS,NO
PASSION24.TEXT.RELATED_HOUR_01.BODY.P034,1,0,234,JESUS,NO
PASSION24.TEXT.RELATED_HOUR_01.BODY.P035,1,0,71,JESUS,NO
PASSION24.TEXT.RELATED_HOUR_01.BODY.P036,1,0,220,JESUS,NO
PASSION24.TEXT.RELATED_HOUR_01.BODY.P040,1,0,193,JESUS,NO
PASSION24.TEXT.RELATED_HOUR_01.BODY.P041,1,0,181,JESUS,NO
PASSION24.TEXT.RELATED_HOUR_01.BODY.P042,1,0,37,JESUS,NO
PASSION24.TEXT.RELATED_HOUR_01.BODY.P043,1,0,232,JESUS,NO
PASSION24.TEXT.RELATED_HOUR_01.BODY.P044,1,0,152,JESUS,NO
PASSION24.TEXT.RELATED_HOUR_01.BODY.P045,1,0,122,JESUS,NO
PASSION24.TEXT.RELATED_HOUR_01.BODY.P046,1,0,226,JESUS,NO
PASSION24.TEXT.RELATED_HOUR_01.BODY.P047,1,0,316,JESUS,NO
PASSION24.TEXT.RELATED_HOUR_01.BODY.P049,1,0,50,JESUS,NO
PASSION24.TEXT.RELATED_HOUR_01.BODY.P050,1,0,19,JESUS,NO
PASSION24.TEXT.RELATED_HOUR_01.BODY.P051,1,0,65,JESUS,NO
PASSION24.TEXT.RELATED_HOUR_01.BODY.P052,1,0,49,JESUS,NO
PASSION24.TEXT.RELATED_HOUR_02.BODY.P008,1,0,109,JESUS,NO
PASSION24.TEXT.RELATED_HOUR_02.BODY.P009,1,0,109,JESUS,NO
PASSION24.TEXT.RELATED_HOUR_02.BODY.P010,1,0,51,JESUS,NO
PASSION24.TEXT.RELATED_HOUR_02.BODY.P011,1,264,347,JESUS,NO
PASSION24.TEXT.RELATED_HOUR_02.BODY.P012,1,0,214,JESUS,NO
PASSION24.TEXT.RELATED_HOUR_02.BODY.P013,1,0,231,JESUS,NO
PASSION24.TEXT.RELATED_HOUR_02.BODY.P014,1,0,206,JESUS,NO
PASSION24.TEXT.RELATED_HOUR_02.BODY.P015,1,0,266,JESUS,NO
PASSION24.TEXT.RELATED_HOUR_02.BODY.P016,1,0,212,JESUS,NO
PASSION24.TEXT.RELATED_HOUR_02.BODY.P017,1,0,122,JESUS,NO
PASSION24.TEXT.RELATED_HOUR_03.BODY.P006,1,0,136,JESUS,NO
PASSION24.TEXT.RELATED_HOUR_03.BODY.P007,1,0,19,JESUS,NO
PASSION24.TEXT.RELATED_HOUR_03.BODY.P008,1,0,26,JESUS,NO
PASSION24.TEXT.RELATED_HOUR_03.BODY.P009,1,0,57,JESUS,NO
PASSION24.TEXT.RELATED_HOUR_03.BODY.P010,1,0,127,JESUS,NO
PASSION24.TEXT.RELATED_HOUR_03.BODY.P011,1,0,123,JESUS,NO
PASSION24.TEXT.RELATED_HOUR_03.BODY.P012,1,0,23,JESUS,NO
PASSION24.TEXT.RELATED_HOUR_03.BODY.P013,1,0,62,JESUS,NO
PASSION24.TEXT.RELATED_HOUR_03.BODY.P014,1,0,189,JESUS,NO
PASSION24.TEXT.RELATED_HOUR_03.BODY.P015,1,0,127,JESUS,NO
PASSION24.TEXT.RELATED_HOUR_03.BODY.P016,1,0,72,JESUS,NO
PASSION24.TEXT.RELATED_HOUR_03.BODY.P017,1,0,81,JESUS,NO
PASSION24.TEXT.RELATED_HOUR_03.BODY.P021,1,0,210,JESUS,NO
PASSION24.TEXT.RELATED_HOUR_03.BODY.P022,1,0,87,JESUS,NO
PASSION24.TEXT.RELATED_HOUR_03.BODY.P023,1,0,68,JESUS,NO
PASSION24.TEXT.RELATED_HOUR_03.BODY.P024,1,0,51,JESUS,NO
PASSION24.TEXT.RELATED_HOUR_03.BODY.P025,1,0,109,JESUS,NO
PASSION24.TEXT.RELATED_HOUR_03.BODY.P026,1,0,77,JESUS,NO
PASSION24.TEXT.RELATED_HOUR_03.BODY.P027,1,0,183,JESUS,NO
PASSION24.TEXT.RELATED_HOUR_03.BODY.P028,1,0,204,JESUS,NO
PASSION24.TEXT.RELATED_HOUR_03.BODY.P029,1,0,39,JESUS,NO
PASSION24.TEXT.RELATED_HOUR_03.BODY.P030,1,0,202,JESUS,NO
PASSION24.TEXT.RELATED_HOUR_03.BODY.P031,1,0,109,JESUS,NO
PASSION24.TEXT.RELATED_HOUR_03.BODY.P032,1,0,100,JESUS,NO
PASSION24.TEXT.RELATED_HOUR_03.BODY.P033,1,0,207,JESUS,NO
PASSION24.TEXT.RELATED_HOUR_04.BODY.P012,1,0,94,JESUS,NO
PASSION24.TEXT.RELATED_HOUR_04.BODY.P013,1,0,79,JESUS,NO
PASSION24.TEXT.RELATED_HOUR_04.BODY.P014,1,0,128,JESUS,NO
PASSION24.TEXT.RELATED_HOUR_04.BODY.P015,1,0,107,JESUS,NO
PASSION24.TEXT.RELATED_HOUR_04.BODY.P016,1,0,98,JESUS,NO
PASSION24.TEXT.RELATED_HOUR_04.BODY.P017,1,0,139,JESUS,NO
PASSION24.TEXT.RELATED_HOUR_04.BODY.P018,1,0,95,JESUS,NO
PASSION24.TEXT.RELATED_HOUR_04.BODY.P019,1,0,292,JESUS,NO
PASSION24.TEXT.RELATED_HOUR_04.BODY.P020,1,0,53,JESUS,NO
PASSION24.TEXT.RELATED_HOUR_04.BODY.P021,1,0,34,JESUS,NO
PASSION24.TEXT.RELATED_HOUR_04.BODY.P022,1,0,10,JESUS,NO
PASSION24.TEXT.RELATED_HOUR_04.BODY.P023,1,0,25,JESUS,NO
PASSION24.TEXT.RELATED_HOUR_04.BODY.P024,1,0,65,JESUS,NO
PASSION24.TEXT.RELATED_HOUR_04.BODY.P025,1,0,96,JESUS,NO
PASSION24.TEXT.RELATED_HOUR_04.BODY.P026,1,0,121,JESUS,NO
PASSION24.TEXT.RELATED_HOUR_04.BODY.P027,1,0,50,JESUS,NO
PASSION24.TEXT.RELATED_HOUR_04.BODY.P028,1,0,90,JESUS,NO
PASSION24.TEXT.RELATED_HOUR_04.BODY.P029,1,0,172,JESUS,NO
PASSION24.TEXT.RELATED_HOUR_04.BODY.P030,1,0,128,JESUS,NO
PASSION24.TEXT.RELATED_HOUR_04.BODY.P031,1,0,93,JESUS,NO
PASSION24.TEXT.RELATED_HOUR_04.BODY.P032,1,0,122,JESUS,NO
PASSION24.TEXT.RELATED_HOUR_04.BODY.P033,1,0,161,JESUS,NO
PASSION24.TEXT.RELATED_HOUR_04.BODY.P037,1,0,99,JESUS,NO
PASSION24.TEXT.RELATED_HOUR_04.BODY.P038,1,0,60,JESUS,NO
PASSION24.TEXT.RELATED_HOUR_04.BODY.P039,1,0,31,JESUS,NO
PASSION24.TEXT.RELATED_HOUR_04.BODY.P040,1,0,247,JESUS,NO
PASSION24.TEXT.RELATED_HOUR_04.BODY.P041,1,0,47,JESUS,NO
PASSION24.TEXT.RELATED_HOUR_04.BODY.P042,1,0,35,JESUS,NO
PASSION24.TEXT.RELATED_HOUR_04.BODY.P043,1,0,206,JESUS,NO
PASSION24.TEXT.RELATED_HOUR_04.BODY.P044,1,0,128,JESUS,NO
PASSION24.TEXT.RELATED_HOUR_04.BODY.P045,1,0,190,JESUS,NO
PASSION24.TEXT.RELATED_HOUR_04.BODY.P046,1,0,26,JESUS,NO
PASSION24.TEXT.RELATED_HOUR_04.BODY.P047,1,0,58,JESUS,NO
PASSION24.TEXT.RELATED_HOUR_04.BODY.P048,1,0,62,JESUS,NO
PASSION24.TEXT.RELATED_HOUR_04.BODY.P049,1,0,191,JESUS,NO
PASSION24.TEXT.RELATED_HOUR_04.BODY.P050,1,0,130,JESUS,NO
PASSION24.TEXT.RELATED_HOUR_04.BODY.P051,1,0,238,JESUS,NO
PASSION24.TEXT.RELATED_HOUR_04.BODY.P052,1,0,159,JESUS,NO
PASSION24.TEXT.RELATED_HOUR_04.BODY.P053,1,0,184,JESUS,NO
PASSION24.TEXT.RELATED_HOUR_04.BODY.P054,1,0,293,JESUS,NO
PASSION24.TEXT.RELATED_HOUR_04.BODY.P056,1,18,182,JESUS,NO
PASSION24.TEXT.RELATED_HOUR_04.BODY.P057,1,0,67,JESUS,NO
PASSION24.TEXT.RELATED_HOUR_04.BODY.P058,1,0,48,JESUS,NO
PASSION24.TEXT.RELATED_HOUR_04.BODY.P059,1,0,114,JESUS,NO
PASSION24.TEXT.RELATED_HOUR_04.BODY.P060,1,0,104,JESUS,NO
PASSION24.TEXT.RELATED_HOUR_04.BODY.P061,1,0,143,JESUS,NO
PASSION24.TEXT.RELATED_HOUR_04.BODY.P062,1,0,57,JESUS,NO
PASSION24.TEXT.RELATED_HOUR_04.BODY.P063,1,0,118,JESUS,NO
PASSION24.TEXT.RELATED_HOUR_04.BODY.P064,1,0,194,JESUS,NO
PASSION24.TEXT.RELATED_HOUR_04.BODY.P065,1,0,176,JESUS,NO
PASSION24.TEXT.RELATED_HOUR_04.BODY.P066,1,0,161,JESUS,NO
PASSION24.TEXT.RELATED_HOUR_04.BODY.P067,1,0,268,JESUS,NO
PASSION24.TEXT.RELATED_HOUR_04.BODY.P068,1,0,107,JESUS,NO
PASSION24.TEXT.RELATED_HOUR_04.BODY.P069,1,0,285,JESUS,NO
PASSION24.TEXT.RELATED_HOUR_04.BODY.P070,1,0,148,JESUS,NO
PASSION24.TEXT.RELATED_HOUR_04.BODY.P071,1,0,141,JESUS,NO
PASSION24.TEXT.RELATED_HOUR_04.BODY.P072,1,0,181,JESUS,NO
PASSION24.TEXT.RELATED_HOUR_04.BODY.P073,1,0,46,JESUS,NO
PASSION24.TEXT.RELATED_HOUR_04.BODY.P074,1,0,136,JESUS,NO
PASSION24.TEXT.RELATED_HOUR_04.BODY.P075,1,0,32,JESUS,NO
PASSION24.TEXT.RELATED_HOUR_04.BODY.P076,1,0,47,JESUS,NO
PASSION24.TEXT.RELATED_HOUR_04.BODY.P077,1,0,76,JESUS,NO
PASSION24.TEXT.RELATED_HOUR_04.BODY.P078,1,0,62,JESUS,NO
PASSION24.TEXT.RELATED_HOUR_04.BODY.P079,1,0,224,JESUS,NO
PASSION24.TEXT.RELATED_HOUR_04.BODY.P080,1,0,135,JESUS,NO
PASSION24.TEXT.RELATED_HOUR_04.BODY.P081,1,0,120,JESUS,NO
PASSION24.TEXT.RELATED_HOUR_04.BODY.P082,1,0,137,JESUS,NO
PASSION24.TEXT.RELATED_HOUR_04.BODY.P083,1,0,74,JESUS,NO
PASSION24.TEXT.RELATED_HOUR_04.BODY.P084,1,0,64,JESUS,NO
PASSION24.TEXT.RELATED_HOUR_04.BODY.P085,1,0,143,JESUS,NO
PASSION24.TEXT.RELATED_HOUR_04.BODY.P086,1,0,70,JESUS,NO
PASSION24.TEXT.RELATED_HOUR_04.BODY.P087,1,0,127,JESUS,NO
PASSION24.TEXT.RELATED_HOUR_04.BODY.P095,1,0,65,JESUS,NO
PASSION24.TEXT.RELATED_HOUR_04.BODY.P096,1,0,153,JESUS,NO
PASSION24.TEXT.RELATED_HOUR_04.BODY.P097,1,0,798,JESUS,NO
PASSION24.TEXT.RELATED_HOUR_04.BODY.P098,1,0,216,JESUS,NO
PASSION24.TEXT.RELATED_HOUR_04.BODY.P099,1,0,61,JESUS,NO
PASSION24.TEXT.RELATED_HOUR_04.BODY.P100,1,0,91,JESUS,NO
PASSION24.TEXT.RELATED_HOUR_04.BODY.P101,1,0,156,JESUS,NO
PASSION24.TEXT.RELATED_HOUR_04.BODY.P102,1,0,440,JESUS,NO
PASSION24.TEXT.RELATED_HOUR_04.BODY.P103,1,0,174,JESUS,NO
PASSION24.TEXT.RELATED_HOUR_04.BODY.P104,1,0,104,JESUS,NO
PASSION24.TEXT.RELATED_HOUR_04.BODY.P105,1,0,195,JESUS,NO
PASSION24.TEXT.RELATED_HOUR_04.BODY.P106,1,0,92,JESUS,NO
PASSION24.TEXT.RELATED_HOUR_04.BODY.P107,1,0,179,JESUS,NO
PASSION24.TEXT.RELATED_HOUR_04.BODY.P108,1,0,82,JESUS,NO
PASSION24.TEXT.RELATED_HOUR_04.BODY.P109,1,0,245,JESUS,NO
PASSION24.TEXT.RELATED_HOUR_04.BODY.P110,1,0,184,JESUS,NO
PASSION24.TEXT.RELATED_HOUR_04.BODY.P113,1,0,241,JESUS,NO
PASSION24.TEXT.RELATED_HOUR_04.BODY.P114,1,0,190,JESUS,NO
PASSION24.TEXT.RELATED_HOUR_04.BODY.P115,1,0,285,JESUS,NO
PASSION24.TEXT.RELATED_HOUR_04.BODY.P116,1,0,70,JESUS,NO
PASSION24.TEXT.RELATED_HOUR_04.BODY.P117,1,0,108,JESUS,NO
PASSION24.TEXT.RELATED_HOUR_04.BODY.P118,1,0,129,JESUS,NO
PASSION24.TEXT.RELATED_HOUR_04.BODY.P119,1,0,109,JESUS,NO
PASSION24.TEXT.RELATED_HOUR_04.BODY.P120,1,0,80,JESUS,NO
PASSION24.TEXT.RELATED_HOUR_04.BODY.P121,1,0,118,JESUS,NO
PASSION24.TEXT.RELATED_HOUR_04.BODY.P125,1,0,310,JESUS,NO
PASSION24.TEXT.RELATED_HOUR_04.BODY.P126,1,0,65,JESUS,NO
PASSION24.TEXT.RELATED_HOUR_04.BODY.P127,1,0,489,JESUS,NO
PASSION24.TEXT.RELATED_HOUR_04.BODY.P128,1,0,169,JESUS,NO
PASSION24.TEXT.RELATED_HOUR_04.BODY.P129,1,0,214,JESUS,NO
PASSION24.TEXT.RELATED_HOUR_04.BODY.P130,1,0,116,JESUS,NO
PASSION24.TEXT.RELATED_HOUR_04.BODY.P131,1,0,30,JESUS,NO
PASSION24.TEXT.RELATED_HOUR_04.BODY.P132,1,0,132,JESUS,NO
PASSION24.TEXT.RELATED_HOUR_04.BODY.P133,1,0,60,JESUS,NO
PASSION24.TEXT.RELATED_HOUR_04.BODY.P134,1,0,161,JESUS,NO
PASSION24.TEXT.RELATED_HOUR_04.BODY.P135,1,0,257,JESUS,NO
PASSION24.TEXT.RELATED_HOUR_04.BODY.P136,1,0,71,JESUS,NO
PASSION24.TEXT.RELATED_HOUR_04.BODY.P137,1,0,44,JESUS,NO
PASSION24.TEXT.RELATED_HOUR_04.BODY.P138,1,0,81,JESUS,NO
PASSION24.TEXT.RELATED_HOUR_04.BODY.P139,1,0,88,JESUS,NO
PASSION24.TEXT.RELATED_HOUR_04.BODY.P140,1,0,304,JESUS,NO
PASSION24.TEXT.RELATED_HOUR_04.BODY.P146,1,13,54,JESUS,NO
PASSION24.TEXT.RELATED_HOUR_04.BODY.P147,1,0,284,JESUS,NO
PASSION24.TEXT.RELATED_HOUR_04.BODY.P148,1,0,88,JESUS,NO
PASSION24.TEXT.RELATED_HOUR_04.BODY.P149,1,0,185,JESUS,NO
PASSION24.TEXT.RELATED_HOUR_04.BODY.P150,1,0,202,JESUS,NO
PASSION24.TEXT.RELATED_HOUR_04.BODY.P151,1,0,150,JESUS,NO
PASSION24.TEXT.RELATED_HOUR_04.BODY.P152,1,0,104,JESUS,NO
PASSION24.TEXT.RELATED_HOUR_04.BODY.P153,1,0,42,JESUS,NO
PASSION24.TEXT.RELATED_HOUR_04.BODY.P154,1,0,180,JESUS,NO
PASSION24.TEXT.RELATED_HOUR_04.BODY.P155,1,0,138,JESUS,NO
PASSION24.TEXT.RELATED_HOUR_04.BODY.P156,1,0,247,JESUS,NO
PASSION24.TEXT.RELATED_HOUR_04.BODY.P157,1,0,88,JESUS,NO
PASSION24.TEXT.RELATED_HOUR_04.BODY.P158,1,0,65,JESUS,NO
PASSION24.TEXT.RELATED_HOUR_04.BODY.P159,1,0,232,JESUS,NO
PASSION24.TEXT.RELATED_HOUR_04.BODY.P160,1,0,121,JESUS,NO
PASSION24.TEXT.RELATED_HOUR_04.BODY.P161,1,0,99,JESUS,NO
PASSION24.TEXT.RELATED_HOUR_04.BODY.P162,1,0,283,JESUS,NO
PASSION24.TEXT.RELATED_HOUR_04.BODY.P166,1,0,209,JESUS,NO
PASSION24.TEXT.RELATED_HOUR_04.BODY.P167,1,0,68,JESUS,NO
PASSION24.TEXT.RELATED_HOUR_04.BODY.P168,1,0,79,JESUS,NO
PASSION24.TEXT.RELATED_HOUR_04.BODY.P170,1,0,143,MARY,NO
PASSION24.TEXT.RELATED_HOUR_04.BODY.P171,1,0,197,MARY,NO
PASSION24.TEXT.RELATED_HOUR_04.BODY.P172,1,0,58,MARY,NO
PASSION24.TEXT.RELATED_HOUR_04.BODY.P173,1,0,69,MARY,NO
PASSION24.TEXT.RELATED_HOUR_04.BODY.P174,1,0,161,MARY,NO
PASSION24.TEXT.RELATED_HOUR_04.BODY.P175,1,0,114,MARY,NO
PASSION24.TEXT.RELATED_HOUR_04.BODY.P176,1,0,186,JESUS,NO
PASSION24.TEXT.RELATED_HOUR_04.BODY.P177,1,0,108,JESUS,NO
PASSION24.TEXT.RELATED_HOUR_04.BODY.P178,1,0,119,JESUS,NO
PASSION24.TEXT.RELATED_HOUR_04.BODY.P179,1,0,76,JESUS,NO
PASSION24.TEXT.RELATED_HOUR_04.BODY.P180,1,0,182,JESUS,NO
PASSION24.TEXT.RELATED_HOUR_04.BODY.P181,1,0,30,JESUS,NO
PASSION24.TEXT.RELATED_HOUR_04.BODY.P182,1,0,120,JESUS,NO
PASSION24.TEXT.RELATED_HOUR_04.BODY.P183,1,0,38,JESUS,NO
PASSION24.TEXT.RELATED_HOUR_04.BODY.P184,1,0,64,JESUS,NO
PASSION24.TEXT.RELATED_HOUR_04.BODY.P185,1,0,163,JESUS,NO
PASSION24.TEXT.RELATED_HOUR_04.BODY.P186,1,0,60,JESUS,NO
PASSION24.TEXT.RELATED_HOUR_04.BODY.P187,1,0,66,JESUS,NO
PASSION24.TEXT.RELATED_HOUR_04.BODY.P188,1,0,147,JESUS,NO
PASSION24.TEXT.RELATED_HOUR_05.BODY.P008,1,0,667,JESUS,NO
PASSION24.TEXT.RELATED_HOUR_05.BODY.P009,1,0,58,JESUS,NO
PASSION24.TEXT.RELATED_HOUR_05.BODY.P010,1,0,52,JESUS,NO
PASSION24.TEXT.RELATED_HOUR_05.BODY.P011,1,0,113,JESUS,NO
PASSION24.TEXT.RELATED_HOUR_05.BODY.P012,1,0,360,JESUS,NO
PASSION24.TEXT.RELATED_HOUR_05.BODY.P013,1,0,72,JESUS,NO
PASSION24.TEXT.RELATED_HOUR_05.BODY.P014,1,0,378,JESUS,NO
PASSION24.TEXT.RELATED_HOUR_05.BODY.P019,1,0,264,JESUS,NO
PASSION24.TEXT.RELATED_HOUR_05.BODY.P020,1,0,169,JESUS,NO
PASSION24.TEXT.RELATED_HOUR_05.BODY.P021,1,0,517,JESUS,NO
PASSION24.TEXT.RELATED_HOUR_05.BODY.P022,1,0,128,JESUS,NO
PASSION24.TEXT.RELATED_HOUR_05.BODY.P023,1,0,198,JESUS,NO
PASSION24.TEXT.RELATED_HOUR_05.BODY.P024,1,0,468,JESUS,NO
PASSION24.TEXT.RELATED_HOUR_05.BODY.P025,1,0,201,JESUS,NO
PASSION24.TEXT.RELATED_HOUR_05.BODY.P026,1,0,66,JESUS,NO
PASSION24.TEXT.RELATED_HOUR_05.BODY.P027,1,0,140,JESUS,NO
PASSION24.TEXT.RELATED_HOUR_05.BODY.P030,1,0,1007,JESUS,NO
PASSION24.TEXT.RELATED_HOUR_05.BODY.P031,1,0,169,JESUS,NO
PASSION24.TEXT.RELATED_HOUR_05.BODY.P032,1,0,371,JESUS,NO
PASSION24.TEXT.RELATED_HOUR_05.BODY.P033,1,0,534,JESUS,NO
PASSION24.TEXT.RELATED_HOUR_05.BODY.P034,1,0,15,JESUS,NO
PASSION24.TEXT.RELATED_HOUR_05.BODY.P035,1,0,68,JESUS,NO
PASSION24.TEXT.RELATED_HOUR_05.BODY.P036,1,0,224,JESUS,NO
PASSION24.TEXT.RELATED_HOUR_05.BODY.P037,1,0,102,JESUS,NO
PASSION24.TEXT.RELATED_HOUR_05.BODY.P038,1,0,299,JESUS,NO
PASSION24.TEXT.RELATED_HOUR_05.BODY.P039,1,0,391,JESUS,NO
PASSION24.TEXT.RELATED_HOUR_05.BODY.P040,1,0,265,JESUS,NO
PASSION24.TEXT.RELATED_HOUR_06.BODY.P007,1,0,172,JESUS,NO
PASSION24.TEXT.RELATED_HOUR_06.BODY.P008,1,0,118,JESUS,NO
PASSION24.TEXT.RELATED_HOUR_06.BODY.P009,1,0,183,JESUS,NO
PASSION24.TEXT.RELATED_HOUR_06.BODY.P010,1,0,225,JESUS,NO
PASSION24.TEXT.RELATED_HOUR_06.BODY.P011,1,0,69,JESUS,NO
PASSION24.TEXT.RELATED_HOUR_06.BODY.P012,1,0,134,JESUS,NO
PASSION24.TEXT.RELATED_HOUR_06.BODY.P013,1,0,521,JESUS,NO
PASSION24.TEXT.RELATED_HOUR_06.BODY.P017,1,0,105,JESUS,NO
PASSION24.TEXT.RELATED_HOUR_06.BODY.P023,1,0,489,JESUS,NO
PASSION24.TEXT.RELATED_HOUR_06.BODY.P024,1,0,163,JESUS,NO
PASSION24.TEXT.RELATED_HOUR_06.BODY.P025,1,0,73,JESUS,NO
PASSION24.TEXT.RELATED_HOUR_06.BODY.P026,1,0,136,JESUS,NO
PASSION24.TEXT.RELATED_HOUR_06.BODY.P027,1,0,41,JESUS,NO
PASSION24.TEXT.RELATED_HOUR_06.BODY.P028,1,0,186,JESUS,NO
PASSION24.TEXT.RELATED_HOUR_06.BODY.P029,1,0,55,JESUS,NO
PASSION24.TEXT.RELATED_HOUR_06.BODY.P030,1,0,88,JESUS,NO
PASSION24.TEXT.RELATED_HOUR_06.BODY.P031,1,0,39,JESUS,NO
PASSION24.TEXT.RELATED_HOUR_06.BODY.P032,1,0,210,JESUS,NO
PASSION24.TEXT.RELATED_HOUR_06.BODY.P033,1,0,110,JESUS,NO
PASSION24.TEXT.RELATED_HOUR_06.BODY.P036,1,0,120,JESUS,NO
PASSION24.TEXT.RELATED_HOUR_06.BODY.P037,1,0,89,JESUS,NO
PASSION24.TEXT.RELATED_HOUR_06.BODY.P038,1,0,123,JESUS,NO
PASSION24.TEXT.RELATED_HOUR_06.BODY.P039,1,0,225,JESUS,NO
PASSION24.TEXT.RELATED_HOUR_06.BODY.P040,1,0,123,JESUS,NO
PASSION24.TEXT.RELATED_HOUR_06.BODY.P041,1,0,263,JESUS,NO
PASSION24.TEXT.RELATED_HOUR_06.BODY.P042,1,0,49,JESUS,NO
PASSION24.TEXT.RELATED_HOUR_06.BODY.P043,1,0,48,JESUS,NO
PASSION24.TEXT.RELATED_HOUR_06.BODY.P044,1,0,74,JESUS,NO
PASSION24.TEXT.RELATED_HOUR_06.BODY.P045,1,0,47,JESUS,NO
PASSION24.TEXT.RELATED_HOUR_06.BODY.P046,1,0,136,JESUS,NO
PASSION24.TEXT.RELATED_HOUR_06.BODY.P047,1,0,197,JESUS,NO
PASSION24.TEXT.RELATED_HOUR_06.BODY.P048,1,0,50,JESUS,NO
PASSION24.TEXT.RELATED_HOUR_06.BODY.P049,1,0,379,JESUS,NO
PASSION24.TEXT.RELATED_HOUR_06.BODY.P050,1,0,230,JESUS,NO
PASSION24.TEXT.RELATED_HOUR_06.BODY.P051,1,0,318,JESUS,NO
PASSION24.TEXT.RELATED_HOUR_06.BODY.P052,1,0,110,JESUS,NO
PASSION24.TEXT.RELATED_HOUR_06.BODY.P053,1,0,121,JESUS,NO
PASSION24.TEXT.RELATED_HOUR_06.BODY.P054,1,0,216,JESUS,NO
PASSION24.TEXT.RELATED_HOUR_06.BODY.P055,1,0,173,JESUS,NO
PASSION24.TEXT.RELATED_HOUR_06.BODY.P056,1,0,382,JESUS,NO
PASSION24.TEXT.RELATED_HOUR_06.BODY.P057,1,0,54,JESUS,NO
PASSION24.TEXT.RELATED_HOUR_06.BODY.P058,1,0,48,JESUS,NO
PASSION24.TEXT.RELATED_HOUR_06.BODY.P059,1,0,190,JESUS,NO
PASSION24.TEXT.RELATED_HOUR_06.BODY.P060,1,0,73,JESUS,NO
PASSION24.TEXT.RELATED_HOUR_06.BODY.P061,1,0,36,JESUS,NO
PASSION24.TEXT.RELATED_HOUR_06.BODY.P062,1,0,259,JESUS,NO
PASSION24.TEXT.RELATED_HOUR_06.BODY.P063,1,0,268,JESUS,NO
PASSION24.TEXT.RELATED_HOUR_06.BODY.P064,1,0,188,JESUS,NO
PASSION24.TEXT.RELATED_HOUR_06.BODY.P065,1,0,147,JESUS,NO
PASSION24.TEXT.RELATED_HOUR_06.BODY.P066,1,0,86,JESUS,NO
PASSION24.TEXT.RELATED_HOUR_06.BODY.P067,1,0,219,JESUS,NO
PASSION24.TEXT.RELATED_HOUR_06.BODY.P068,1,0,311,JESUS,NO
PASSION24.TEXT.RELATED_HOUR_06.BODY.P069,1,0,100,JESUS,NO
PASSION24.TEXT.RELATED_HOUR_06.BODY.P070,1,0,164,JESUS,NO
PASSION24.TEXT.RELATED_HOUR_06.BODY.P071,1,0,183,JESUS,NO
PASSION24.TEXT.RELATED_HOUR_07.BODY.P008,1,0,200,JESUS,NO
PASSION24.TEXT.RELATED_HOUR_07.BODY.P009,1,0,201,JESUS,NO
PASSION24.TEXT.RELATED_HOUR_07.BODY.P010,1,0,144,JESUS,NO
PASSION24.TEXT.RELATED_HOUR_07.BODY.P011,1,0,118,JESUS,NO
PASSION24.TEXT.RELATED_HOUR_07.BODY.P012,1,0,94,JESUS,NO
PASSION24.TEXT.RELATED_HOUR_07.BODY.P013,1,0,121,JESUS,NO
PASSION24.TEXT.RELATED_HOUR_07.BODY.P014,1,0,84,JESUS,NO
PASSION24.TEXT.RELATED_HOUR_07.BODY.P015,1,0,25,JESUS,NO
PASSION24.TEXT.RELATED_HOUR_07.BODY.P016,1,0,146,JESUS,NO
PASSION24.TEXT.RELATED_HOUR_07.BODY.P017,1,0,46,JESUS,NO
PASSION24.TEXT.RELATED_HOUR_07.BODY.P018,1,0,58,JESUS,NO
PASSION24.TEXT.RELATED_HOUR_07.BODY.P019,1,0,34,JESUS,NO
PASSION24.TEXT.RELATED_HOUR_07.BODY.P020,1,0,146,JESUS,NO
PASSION24.TEXT.RELATED_HOUR_07.BODY.P021,1,0,189,JESUS,NO
PASSION24.TEXT.RELATED_HOUR_07.BODY.P022,1,0,226,JESUS,NO
PASSION24.TEXT.RELATED_HOUR_07.BODY.P023,1,0,57,JESUS,NO
PASSION24.TEXT.RELATED_HOUR_07.BODY.P024,1,0,69,JESUS,NO
PASSION24.TEXT.RELATED_HOUR_07.BODY.P025,1,0,224,JESUS,NO
PASSION24.TEXT.RELATED_HOUR_07.BODY.P026,1,0,150,JESUS,NO
PASSION24.TEXT.RELATED_HOUR_07.BODY.P027,1,0,110,JESUS,NO
PASSION24.TEXT.RELATED_HOUR_07.BODY.P028,1,0,387,JESUS,NO
PASSION24.TEXT.RELATED_HOUR_07.BODY.P029,1,0,88,JESUS,NO
PASSION24.TEXT.RELATED_HOUR_07.BODY.P030,1,0,68,JESUS,NO
PASSION24.TEXT.RELATED_HOUR_07.BODY.P031,1,0,51,JESUS,NO
PASSION24.TEXT.RELATED_HOUR_07.BODY.P032,1,0,119,JESUS,NO
PASSION24.TEXT.RELATED_HOUR_07.BODY.P033,1,0,103,JESUS,NO
PASSION24.TEXT.RELATED_HOUR_07.BODY.P034,1,0,96,JESUS,NO
PASSION24.TEXT.RELATED_HOUR_07.BODY.P035,1,0,150,JESUS,NO
PASSION24.TEXT.RELATED_HOUR_07.BODY.P036,1,0,42,JESUS,NO
PASSION24.TEXT.RELATED_HOUR_07.BODY.P039,1,0,547,JESUS,NO
PASSION24.TEXT.RELATED_HOUR_07.BODY.P040,1,0,69,JESUS,NO
PASSION24.TEXT.RELATED_HOUR_07.BODY.P041,1,0,114,JESUS,NO
PASSION24.TEXT.RELATED_HOUR_07.BODY.P042,1,0,221,JESUS,NO
PASSION24.TEXT.RELATED_HOUR_07.BODY.P043,1,0,255,JESUS,NO
PASSION24.TEXT.RELATED_HOUR_07.BODY.P044,1,0,87,JESUS,NO
PASSION24.TEXT.RELATED_HOUR_07.BODY.P045,1,0,207,JESUS,NO
PASSION24.TEXT.RELATED_HOUR_07.BODY.P046,1,0,60,JESUS,NO
PASSION24.TEXT.RELATED_HOUR_07.BODY.P047,1,0,297,JESUS,NO
PASSION24.TEXT.RELATED_HOUR_07.BODY.P050,1,0,73,JESUS,NO
PASSION24.TEXT.RELATED_HOUR_07.BODY.P051,1,0,88,JESUS,NO
PASSION24.TEXT.RELATED_HOUR_07.BODY.P052,1,0,156,JESUS,NO
PASSION24.TEXT.RELATED_HOUR_07.BODY.P053,1,0,73,JESUS,NO
PASSION24.TEXT.RELATED_HOUR_07.BODY.P054,1,0,68,JESUS,NO
PASSION24.TEXT.RELATED_HOUR_07.BODY.P055,1,0,312,JESUS,NO
PASSION24.TEXT.RELATED_HOUR_07.BODY.P056,1,0,99,JESUS,NO
PASSION24.TEXT.RELATED_HOUR_07.BODY.P057,1,0,57,JESUS,NO
PASSION24.TEXT.RELATED_HOUR_07.BODY.P058,1,0,84,JESUS,NO
PASSION24.TEXT.RELATED_HOUR_07.BODY.P059,1,0,118,JESUS,NO
PASSION24.TEXT.RELATED_HOUR_07.BODY.P060,1,0,94,JESUS,NO
PASSION24.TEXT.RELATED_HOUR_07.BODY.P061,1,0,78,JESUS,NO
PASSION24.TEXT.RELATED_HOUR_07.BODY.P062,1,0,376,JESUS,NO
PASSION24.TEXT.RELATED_HOUR_07.BODY.P063,1,0,473,JESUS,NO
PASSION24.TEXT.RELATED_HOUR_07.BODY.P064,1,0,99,JESUS,NO
PASSION24.TEXT.RELATED_HOUR_07.BODY.P065,1,0,162,JESUS,NO
PASSION24.TEXT.RELATED_HOUR_08.BODY.P008,1,0,341,JESUS,NO
PASSION24.TEXT.RELATED_HOUR_08.BODY.P009,1,0,47,JESUS,NO
PASSION24.TEXT.RELATED_HOUR_08.BODY.P010,1,0,189,JESUS,NO
PASSION24.TEXT.RELATED_HOUR_08.BODY.P011,1,0,91,JESUS,NO
PASSION24.TEXT.RELATED_HOUR_08.BODY.P012,1,0,93,JESUS,NO
PASSION24.TEXT.RELATED_HOUR_08.BODY.P013,1,0,78,JESUS,NO
PASSION24.TEXT.RELATED_HOUR_08.BODY.P014,1,0,46,JESUS,NO
PASSION24.TEXT.RELATED_HOUR_08.BODY.P015,1,0,41,JESUS,NO
PASSION24.TEXT.RELATED_HOUR_08.BODY.P016,1,0,109,JESUS,NO
PASSION24.TEXT.RELATED_HOUR_08.BODY.P017,1,0,94,JESUS,NO
PASSION24.TEXT.RELATED_HOUR_08.BODY.P018,1,0,265,JESUS,NO
PASSION24.TEXT.RELATED_HOUR_08.BODY.P019,1,0,117,JESUS,NO
PASSION24.TEXT.RELATED_HOUR_08.BODY.P020,1,0,118,JESUS,NO
PASSION24.TEXT.RELATED_HOUR_08.BODY.P021,1,0,122,JESUS,NO
PASSION24.TEXT.RELATED_HOUR_08.BODY.P028,1,0,157,JESUS,NO
PASSION24.TEXT.RELATED_HOUR_08.BODY.P029,1,0,41,JESUS,NO
PASSION24.TEXT.RELATED_HOUR_08.BODY.P030,1,0,47,JESUS,NO
PASSION24.TEXT.RELATED_HOUR_08.BODY.P031,1,0,48,JESUS,NO
PASSION24.TEXT.RELATED_HOUR_08.BODY.P032,1,0,173,JESUS,NO
PASSION24.TEXT.RELATED_HOUR_08.BODY.P033,1,0,56,JESUS,NO
PASSION24.TEXT.RELATED_HOUR_08.BODY.P034,1,0,233,JESUS,NO
PASSION24.TEXT.RELATED_HOUR_08.BODY.P035,1,0,202,JESUS,NO
PASSION24.TEXT.RELATED_HOUR_08.BODY.P036,1,0,256,JESUS,NO
PASSION24.TEXT.RELATED_HOUR_08.BODY.P037,1,0,15,JESUS,NO
PASSION24.TEXT.RELATED_HOUR_08.BODY.P038,1,0,64,JESUS,NO
PASSION24.TEXT.RELATED_HOUR_08.BODY.P039,1,0,228,JESUS,NO
PASSION24.TEXT.RELATED_HOUR_08.BODY.P040,1,0,100,JESUS,NO
PASSION24.TEXT.RELATED_HOUR_08.BODY.P041,1,0,127,JESUS,NO
PASSION24.TEXT.RELATED_HOUR_08.BODY.P042,1,0,83,JESUS,NO
PASSION24.TEXT.RELATED_HOUR_08.BODY.P047,1,0,194,JESUS,NO
PASSION24.TEXT.RELATED_HOUR_08.BODY.P048,1,0,51,JESUS,NO
PASSION24.TEXT.RELATED_HOUR_08.BODY.P049,1,0,168,JESUS,NO
PASSION24.TEXT.RELATED_HOUR_08.BODY.P050,1,0,169,JESUS,NO
PASSION24.TEXT.RELATED_HOUR_08.BODY.P051,1,0,76,JESUS,NO
PASSION24.TEXT.RELATED_HOUR_09.BODY.P006,1,13,139,JESUS,NO
PASSION24.TEXT.RELATED_HOUR_09.BODY.P007,1,0,175,JESUS,NO
PASSION24.TEXT.RELATED_HOUR_09.BODY.P008,1,0,47,JESUS,NO
PASSION24.TEXT.RELATED_HOUR_09.BODY.P009,1,0,50,JESUS,NO
PASSION24.TEXT.RELATED_HOUR_09.BODY.P010,1,0,169,JESUS,NO
PASSION24.TEXT.RELATED_HOUR_09.BODY.P011,1,0,148,JESUS,NO
PASSION24.TEXT.RELATED_HOUR_09.BODY.P012,1,0,44,JESUS,NO
PASSION24.TEXT.RELATED_HOUR_09.BODY.P013,1,0,117,JESUS,NO
PASSION24.TEXT.RELATED_HOUR_09.BODY.P014,1,0,85,JESUS,NO
PASSION24.TEXT.RELATED_HOUR_09.BODY.P015,1,0,89,JESUS,NO
PASSION24.TEXT.RELATED_HOUR_09.BODY.P016,1,0,108,JESUS,NO
PASSION24.TEXT.RELATED_HOUR_09.BODY.P017,1,0,139,JESUS,NO
PASSION24.TEXT.RELATED_HOUR_09.BODY.P019,1,13,231,JESUS,NO
PASSION24.TEXT.RELATED_HOUR_09.BODY.P020,1,0,245,JESUS,NO
PASSION24.TEXT.RELATED_HOUR_09.BODY.P021,1,0,147,JESUS,NO
PASSION24.TEXT.RELATED_HOUR_10.BODY.P006,1,283,432,JESUS,NO
PASSION24.TEXT.RELATED_HOUR_10.BODY.P007,1,0,97,JESUS,NO
PASSION24.TEXT.RELATED_HOUR_10.BODY.P008,1,0,124,JESUS,NO
PASSION24.TEXT.RELATED_HOUR_10.BODY.P009,1,0,267,JESUS,NO
PASSION24.TEXT.RELATED_HOUR_10.BODY.P009,2,294,566,JESUS,NO
PASSION24.TEXT.RELATED_HOUR_11.BODY.P009,1,0,264,JESUS,NO
PASSION24.TEXT.RELATED_HOUR_11.BODY.P010,1,0,97,JESUS,NO
PASSION24.TEXT.RELATED_HOUR_11.BODY.P011,1,0,75,JESUS,NO
PASSION24.TEXT.RELATED_HOUR_11.BODY.P012,1,0,215,JESUS,NO
PASSION24.TEXT.RELATED_HOUR_11.BODY.P013,1,0,167,JESUS,NO
PASSION24.TEXT.RELATED_HOUR_11.BODY.P014,1,0,88,JESUS,NO
PASSION24.TEXT.RELATED_HOUR_11.BODY.P015,1,0,199,JESUS,NO
PASSION24.TEXT.RELATED_HOUR_11.BODY.P021,1,0,261,JESUS,NO
PASSION24.TEXT.RELATED_HOUR_11.BODY.P022,1,0,214,JESUS,NO
PASSION24.TEXT.RELATED_HOUR_11.BODY.P023,1,0,144,JESUS,NO
PASSION24.TEXT.RELATED_HOUR_11.BODY.P024,1,0,223,JESUS,NO
PASSION24.TEXT.RELATED_HOUR_11.BODY.P026,1,29,167,JESUS,NO
PASSION24.TEXT.RELATED_HOUR_11.BODY.P027,1,0,87,JESUS,NO
PASSION24.TEXT.RELATED_HOUR_11.BODY.P028,1,0,128,JESUS,NO
PASSION24.TEXT.RELATED_HOUR_11.BODY.P029,1,0,77,JESUS,NO
PASSION24.TEXT.RELATED_HOUR_11.BODY.P030,1,0,254,JESUS,NO
PASSION24.TEXT.RELATED_HOUR_11.BODY.P031,1,0,89,JESUS,NO
PASSION24.TEXT.RELATED_HOUR_11.BODY.P032,1,0,80,JESUS,NO
PASSION24.TEXT.RELATED_HOUR_11.BODY.P033,1,0,97,JESUS,NO
PASSION24.TEXT.RELATED_HOUR_11.BODY.P034,1,0,137,JESUS,NO
PASSION24.TEXT.RELATED_HOUR_11.BODY.P035,1,0,234,JESUS,NO
PASSION24.TEXT.RELATED_HOUR_11.BODY.P036,1,0,98,JESUS,NO
PASSION24.TEXT.RELATED_HOUR_11.BODY.P039,1,0,227,JESUS,NO
PASSION24.TEXT.RELATED_HOUR_11.BODY.P040,1,0,265,JESUS,NO
PASSION24.TEXT.RELATED_HOUR_11.BODY.P041,1,0,265,JESUS,NO
PASSION24.TEXT.RELATED_HOUR_11.BODY.P042,1,0,163,JESUS,NO
PASSION24.TEXT.RELATED_HOUR_11.BODY.P043,1,0,64,JESUS,NO
PASSION24.TEXT.RELATED_HOUR_11.BODY.P044,1,0,62,JESUS,NO
PASSION24.TEXT.RELATED_HOUR_11.BODY.P047,1,27,215,JESUS,NO
PASSION24.TEXT.RELATED_HOUR_11.BODY.P049,1,61,186,JESUS,NO
PASSION24.TEXT.RELATED_HOUR_11.BODY.P063,1,0,145,JESUS,NO
PASSION24.TEXT.RELATED_HOUR_11.BODY.P064,1,0,139,JESUS,NO
PASSION24.TEXT.RELATED_HOUR_11.BODY.P065,1,0,110,JESUS,NO
PASSION24.TEXT.RELATED_HOUR_11.BODY.P067,1,39,134,JESUS,NO
PASSION24.TEXT.RELATED_HOUR_11.BODY.P068,1,0,200,JESUS,NO
PASSION24.TEXT.RELATED_HOUR_11.BODY.P069,1,0,277,JESUS,NO
PASSION24.TEXT.RELATED_HOUR_11.BODY.P072,1,0,156,JESUS,NO
PASSION24.TEXT.RELATED_HOUR_11.BODY.P073,1,0,135,JESUS,NO
PASSION24.TEXT.RELATED_HOUR_11.BODY.P074,1,0,88,JESUS,NO
PASSION24.TEXT.RELATED_HOUR_12.BODY.P006,1,163,331,JESUS,NO
PASSION24.TEXT.RELATED_HOUR_12.BODY.P007,1,0,170,JESUS,NO
PASSION24.TEXT.RELATED_HOUR_12.BODY.P008,1,0,213,JESUS,NO
PASSION24.TEXT.RELATED_HOUR_12.BODY.P009,1,0,196,JESUS,NO
PASSION24.TEXT.RELATED_HOUR_12.BODY.P015,1,0,180,JESUS,NO
PASSION24.TEXT.RELATED_HOUR_12.BODY.P016,1,0,238,JESUS,NO
PASSION24.TEXT.RELATED_HOUR_12.BODY.P017,1,0,238,JESUS,NO
PASSION24.TEXT.RELATED_HOUR_12.BODY.P018,1,0,100,JESUS,NO
PASSION24.TEXT.RELATED_HOUR_12.BODY.P019,1,0,97,JESUS,NO
PASSION24.TEXT.RELATED_HOUR_12.BODY.P020,1,0,187,JESUS,NO
PASSION24.TEXT.RELATED_HOUR_13.BODY.P009,1,13,275,JESUS,NO
PASSION24.TEXT.RELATED_HOUR_13.BODY.P010,1,0,123,JESUS,NO
PASSION24.TEXT.RELATED_HOUR_13.BODY.P011,1,0,259,JESUS,NO
PASSION24.TEXT.RELATED_HOUR_13.BODY.P012,1,0,138,JESUS,NO
PASSION24.TEXT.RELATED_HOUR_13.BODY.P013,1,0,161,JESUS,NO
PASSION24.TEXT.RELATED_HOUR_13.BODY.P020,1,0,85,JESUS,NO
PASSION24.TEXT.RELATED_HOUR_13.BODY.P021,1,0,92,JESUS,NO
PASSION24.TEXT.RELATED_HOUR_13.BODY.P022,1,0,56,JESUS,NO
PASSION24.TEXT.RELATED_HOUR_13.BODY.P023,1,0,74,JESUS,NO
PASSION24.TEXT.RELATED_HOUR_13.BODY.P024,1,0,123,JESUS,NO
PASSION24.TEXT.RELATED_HOUR_13.BODY.P025,1,0,199,JESUS,NO
PASSION24.TEXT.RELATED_HOUR_13.BODY.P026,1,0,48,JESUS,NO
PASSION24.TEXT.RELATED_HOUR_13.BODY.P027,1,0,110,JESUS,NO
PASSION24.TEXT.RELATED_HOUR_13.BODY.P028,1,0,97,JESUS,NO
PASSION24.TEXT.RELATED_HOUR_13.BODY.P029,1,0,135,JESUS,NO
PASSION24.TEXT.RELATED_HOUR_13.BODY.P030,1,0,99,JESUS,NO
PASSION24.TEXT.RELATED_HOUR_13.BODY.P031,1,0,278,JESUS,NO
PASSION24.TEXT.RELATED_HOUR_13.BODY.P032,1,0,97,JESUS,NO
PASSION24.TEXT.RELATED_HOUR_13.BODY.P033,1,0,86,JESUS,NO
PASSION24.TEXT.RELATED_HOUR_13.BODY.P034,1,0,394,JESUS,NO
PASSION24.TEXT.RELATED_HOUR_13.BODY.P035,1,0,423,JESUS,NO
PASSION24.TEXT.RELATED_HOUR_13.BODY.P036,1,0,222,JESUS,NO
PASSION24.TEXT.RELATED_HOUR_13.BODY.P037,1,0,194,JESUS,NO
PASSION24.TEXT.RELATED_HOUR_13.BODY.P038,1,0,103,JESUS,NO
PASSION24.TEXT.RELATED_HOUR_13.BODY.P039,1,0,421,JESUS,NO
PASSION24.TEXT.RELATED_HOUR_13.BODY.P042,1,0,236,JESUS,NO
PASSION24.TEXT.RELATED_HOUR_13.BODY.P043,1,0,385,JESUS,NO
PASSION24.TEXT.RELATED_HOUR_13.BODY.P053,1,35,92,JESUS,NO
PASSION24.TEXT.RELATED_HOUR_13.BODY.P054,1,0,108,JESUS,NO
PASSION24.TEXT.RELATED_HOUR_13.BODY.P055,1,0,130,JESUS,NO
PASSION24.TEXT.RELATED_HOUR_13.BODY.P056,1,0,128,JESUS,NO
PASSION24.TEXT.RELATED_HOUR_13.BODY.P056,2,132,134,JESUS,NO
PASSION24.TEXT.RELATED_HOUR_13.BODY.P057,1,0,75,JESUS,NO
PASSION24.TEXT.RELATED_HOUR_13.BODY.P058,1,0,87,JESUS,NO
PASSION24.TEXT.RELATED_HOUR_13.BODY.P059,1,0,44,JESUS,NO
PASSION24.TEXT.RELATED_HOUR_13.BODY.P060,1,0,71,JESUS,NO
PASSION24.TEXT.RELATED_HOUR_13.BODY.P061,1,0,144,JESUS,NO
PASSION24.TEXT.RELATED_HOUR_13.BODY.P062,1,0,30,JESUS,NO
PASSION24.TEXT.RELATED_HOUR_13.BODY.P063,1,0,160,JESUS,NO
PASSION24.TEXT.RELATED_HOUR_13.BODY.P064,1,0,170,JESUS,NO
PASSION24.TEXT.RELATED_HOUR_13.BODY.P065,1,0,172,JESUS,NO
PASSION24.TEXT.RELATED_HOUR_13.BODY.P066,1,0,160,JESUS,NO
PASSION24.TEXT.RELATED_HOUR_13.BODY.P067,1,0,206,JESUS,NO
PASSION24.TEXT.RELATED_HOUR_13.BODY.P068,1,0,71,JESUS,NO
PASSION24.TEXT.RELATED_HOUR_13.BODY.P069,1,0,49,JESUS,NO
PASSION24.TEXT.RELATED_HOUR_13.BODY.P070,1,0,53,JESUS,NO
PASSION24.TEXT.RELATED_HOUR_13.BODY.P071,1,0,65,JESUS,NO
PASSION24.TEXT.RELATED_HOUR_13.BODY.P072,1,0,176,JESUS,NO
PASSION24.TEXT.RELATED_HOUR_13.BODY.P073,1,0,134,JESUS,NO
PASSION24.TEXT.RELATED_HOUR_13.BODY.P074,1,0,187,JESUS,NO
PASSION24.TEXT.RELATED_HOUR_13.BODY.P075,1,0,97,JESUS,NO
PASSION24.TEXT.RELATED_HOUR_13.BODY.P076,1,0,72,JESUS,NO
PASSION24.TEXT.RELATED_HOUR_13.BODY.P077,1,0,137,JESUS,NO
PASSION24.TEXT.RELATED_HOUR_13.BODY.P078,1,0,54,JESUS,NO
PASSION24.TEXT.RELATED_HOUR_13.BODY.P079,1,0,20,JESUS,NO
PASSION24.TEXT.RELATED_HOUR_13.BODY.P080,1,0,76,JESUS,NO
PASSION24.TEXT.RELATED_HOUR_13.BODY.P081,1,0,75,JESUS,NO
PASSION24.TEXT.RELATED_HOUR_13.BODY.P082,1,0,49,JESUS,NO
PASSION24.TEXT.RELATED_HOUR_13.BODY.P083,1,0,50,JESUS,NO
PASSION24.TEXT.RELATED_HOUR_13.BODY.P084,1,0,73,JESUS,NO
PASSION24.TEXT.RELATED_HOUR_13.BODY.P085,1,0,120,JESUS,NO
PASSION24.TEXT.RELATED_HOUR_13.BODY.P086,1,0,55,JESUS,NO
PASSION24.TEXT.RELATED_HOUR_13.BODY.P087,1,0,138,JESUS,NO
PASSION24.TEXT.RELATED_HOUR_13.BODY.P088,1,0,85,JESUS,NO
PASSION24.TEXT.RELATED_HOUR_13.BODY.P089,1,0,95,JESUS,NO
PASSION24.TEXT.RELATED_HOUR_13.BODY.P090,1,0,55,JESUS,NO
PASSION24.TEXT.RELATED_HOUR_13.BODY.P091,1,0,74,JESUS,NO
PASSION24.TEXT.RELATED_HOUR_13.BODY.P092,1,0,41,JESUS,NO
PASSION24.TEXT.RELATED_HOUR_13.BODY.P093,1,0,63,JESUS,NO
PASSION24.TEXT.RELATED_HOUR_13.BODY.P094,1,0,123,JESUS,NO
PASSION24.TEXT.RELATED_HOUR_13.BODY.P101,1,0,84,JESUS,NO
PASSION24.TEXT.RELATED_HOUR_13.BODY.P102,1,0,56,JESUS,NO
PASSION24.TEXT.RELATED_HOUR_13.BODY.P103,1,0,40,JESUS,NO
PASSION24.TEXT.RELATED_HOUR_13.BODY.P104,1,0,92,JESUS,NO
PASSION24.TEXT.RELATED_HOUR_13.BODY.P105,1,0,37,JESUS,NO
PASSION24.TEXT.RELATED_HOUR_13.BODY.P106,1,0,19,JESUS,NO
PASSION24.TEXT.RELATED_HOUR_13.BODY.P107,1,0,46,JESUS,NO
PASSION24.TEXT.RELATED_HOUR_13.BODY.P108,1,0,291,JESUS,NO
PASSION24.TEXT.RELATED_HOUR_13.BODY.P109,1,0,26,JESUS,NO
PASSION24.TEXT.RELATED_HOUR_13.BODY.P110,1,0,52,JESUS,NO
PASSION24.TEXT.RELATED_HOUR_13.BODY.P111,1,0,44,JESUS,NO
PASSION24.TEXT.RELATED_HOUR_13.BODY.P112,1,0,90,JESUS,NO
PASSION24.TEXT.RELATED_HOUR_13.BODY.P113,1,0,114,JESUS,NO
PASSION24.TEXT.RELATED_HOUR_13.BODY.P114,1,0,67,JESUS,NO
PASSION24.TEXT.RELATED_HOUR_13.BODY.P115,1,0,89,JESUS,NO
PASSION24.TEXT.RELATED_HOUR_13.BODY.P116,1,0,157,JESUS,NO
PASSION24.TEXT.RELATED_HOUR_13.BODY.P117,1,0,76,JESUS,NO
PASSION24.TEXT.RELATED_HOUR_13.BODY.P120,1,111,212,JESUS,NO
PASSION24.TEXT.RELATED_HOUR_13.BODY.P121,1,0,21,JESUS,NO
PASSION24.TEXT.RELATED_HOUR_13.BODY.P122,1,0,71,JESUS,NO
PASSION24.TEXT.RELATED_HOUR_13.BODY.P123,1,0,222,JESUS,NO
PASSION24.TEXT.RELATED_HOUR_13.BODY.P124,1,0,169,JESUS,NO
PASSION24.TEXT.RELATED_HOUR_13.BODY.P125,1,0,72,JESUS,NO
PASSION24.TEXT.RELATED_HOUR_13.BODY.P126,1,0,27,JESUS,NO
PASSION24.TEXT.RELATED_HOUR_13.BODY.P127,1,0,49,JESUS,NO
PASSION24.TEXT.RELATED_HOUR_13.BODY.P128,1,0,155,JESUS,NO
PASSION24.TEXT.RELATED_HOUR_13.BODY.P129,1,0,113,JESUS,NO
PASSION24.TEXT.RELATED_HOUR_13.BODY.P130,1,0,38,JESUS,NO
PASSION24.TEXT.RELATED_HOUR_13.BODY.P131,1,0,55,JESUS,NO
PASSION24.TEXT.RELATED_HOUR_13.BODY.P132,1,0,119,JESUS,NO
PASSION24.TEXT.RELATED_HOUR_13.BODY.P133,1,0,143,JESUS,NO
PASSION24.TEXT.RELATED_HOUR_13.BODY.P134,1,0,184,JESUS,NO
PASSION24.TEXT.RELATED_HOUR_13.BODY.P135,1,0,85,JESUS,NO
PASSION24.TEXT.RELATED_HOUR_13.BODY.P136,1,0,76,JESUS,NO
PASSION24.TEXT.RELATED_HOUR_13.BODY.P137,1,0,89,JESUS,NO
PASSION24.TEXT.RELATED_HOUR_13.BODY.P138,1,0,37,JESUS,NO
PASSION24.TEXT.RELATED_HOUR_13.BODY.P138,2,63,196,JESUS,NO
PASSION24.TEXT.RELATED_HOUR_13.BODY.P141,1,0,311,JESUS,NO
PASSION24.TEXT.RELATED_HOUR_13.BODY.P142,1,0,320,JESUS,NO
PASSION24.TEXT.RELATED_HOUR_13.BODY.P143,1,0,306,JESUS,NO
PASSION24.TEXT.RELATED_HOUR_13.BODY.P144,1,0,240,JESUS,NO
PASSION24.TEXT.RELATED_HOUR_13.BODY.P145,1,0,80,JESUS,NO
PASSION24.TEXT.RELATED_HOUR_13.BODY.P146,1,0,97,JESUS,NO
PASSION24.TEXT.RELATED_HOUR_13.BODY.P147,1,0,95,JESUS,NO
PASSION24.TEXT.RELATED_HOUR_13.BODY.P148,1,0,93,JESUS,NO
PASSION24.TEXT.RELATED_HOUR_13.BODY.P149,1,0,86,JESUS,NO
PASSION24.TEXT.RELATED_HOUR_13.BODY.P150,1,0,177,JESUS,NO
PASSION24.TEXT.RELATED_HOUR_13.BODY.P151,1,0,76,JESUS,NO
PASSION24.TEXT.RELATED_HOUR_13.BODY.P152,1,0,125,JESUS,NO
PASSION24.TEXT.RELATED_HOUR_13.BODY.P153,1,0,26,JESUS,NO
PASSION24.TEXT.RELATED_HOUR_13.BODY.P154,1,0,64,JESUS,NO
PASSION24.TEXT.RELATED_HOUR_13.BODY.P155,1,0,37,JESUS,NO
PASSION24.TEXT.RELATED_HOUR_13.BODY.P156,1,0,107,JESUS,NO
PASSION24.TEXT.RELATED_HOUR_13.BODY.P157,1,0,58,JESUS,NO
PASSION24.TEXT.RELATED_HOUR_13.BODY.P158,1,0,135,JESUS,NO
PASSION24.TEXT.RELATED_HOUR_13.BODY.P162,1,26,125,JESUS,NO
PASSION24.TEXT.RELATED_HOUR_13.BODY.P163,1,0,59,JESUS,NO
PASSION24.TEXT.RELATED_HOUR_13.BODY.P164,1,0,150,JESUS,NO
PASSION24.TEXT.RELATED_HOUR_13.BODY.P165,1,0,119,JESUS,NO
PASSION24.TEXT.RELATED_HOUR_13.BODY.P166,1,0,55,JESUS,NO
PASSION24.TEXT.RELATED_HOUR_13.BODY.P167,1,0,129,JESUS,NO
PASSION24.TEXT.RELATED_HOUR_13.BODY.P168,1,0,120,JESUS,NO
PASSION24.TEXT.RELATED_HOUR_13.BODY.P169,1,0,179,JESUS,NO
PASSION24.TEXT.RELATED_HOUR_13.BODY.P170,1,0,107,JESUS,NO
PASSION24.TEXT.RELATED_HOUR_13.BODY.P171,1,0,124,JESUS,NO
PASSION24.TEXT.RELATED_HOUR_13.BODY.P172,1,0,57,JESUS,NO
PASSION24.TEXT.RELATED_HOUR_14.BODY.P006,1,0,61,JESUS,NO
PASSION24.TEXT.RELATED_HOUR_14.BODY.P007,1,0,67,JESUS,NO
PASSION24.TEXT.RELATED_HOUR_14.BODY.P008,1,0,124,JESUS,NO
PASSION24.TEXT.RELATED_HOUR_14.BODY.P009,1,0,132,JESUS,NO
PASSION24.TEXT.RELATED_HOUR_14.BODY.P010,1,0,255,JESUS,NO
PASSION24.TEXT.RELATED_HOUR_14.BODY.P011,1,0,166,JESUS,NO
PASSION24.TEXT.RELATED_HOUR_14.BODY.P012,1,0,53,JESUS,NO
PASSION24.TEXT.RELATED_HOUR_14.BODY.P013,1,0,23,JESUS,NO
PASSION24.TEXT.RELATED_HOUR_14.BODY.P014,1,0,367,JESUS,NO
PASSION24.TEXT.RELATED_HOUR_14.BODY.P015,1,0,32,JESUS,NO
PASSION24.TEXT.RELATED_HOUR_14.BODY.P016,1,0,61,JESUS,NO
PASSION24.TEXT.RELATED_HOUR_14.BODY.P017,1,0,331,JESUS,NO
PASSION24.TEXT.RELATED_HOUR_14.BODY.P018,1,0,37,JESUS,NO
PASSION24.TEXT.RELATED_HOUR_14.BODY.P019,1,0,65,JESUS,NO
PASSION24.TEXT.RELATED_HOUR_14.BODY.P021,1,0,66,JESUS,NO
PASSION24.TEXT.RELATED_HOUR_14.BODY.P022,1,0,187,JESUS,NO
PASSION24.TEXT.RELATED_HOUR_14.BODY.P023,1,0,44,JESUS,NO
PASSION24.TEXT.RELATED_HOUR_14.BODY.P024,1,0,152,JESUS,NO
PASSION24.TEXT.RELATED_HOUR_14.BODY.P025,1,0,230,JESUS,NO
PASSION24.TEXT.RELATED_HOUR_14.BODY.P026,1,0,142,JESUS,NO
PASSION24.TEXT.RELATED_HOUR_14.BODY.P027,1,0,302,JESUS,NO
PASSION24.TEXT.RELATED_HOUR_14.BODY.P028,1,0,107,JESUS,NO
PASSION24.TEXT.RELATED_HOUR_14.BODY.P029,1,0,98,JESUS,NO
PASSION24.TEXT.RELATED_HOUR_14.BODY.P030,1,0,34,JESUS,NO
PASSION24.TEXT.RELATED_HOUR_14.BODY.P031,1,0,134,JESUS,NO
PASSION24.TEXT.RELATED_HOUR_15.BODY.P018,1,0,305,JESUS,NO
PASSION24.TEXT.RELATED_HOUR_15.BODY.P019,1,0,125,JESUS,NO
PASSION24.TEXT.RELATED_HOUR_15.BODY.P020,1,0,120,JESUS,NO
PASSION24.TEXT.RELATED_HOUR_15.BODY.P021,1,0,365,JESUS,NO
PASSION24.TEXT.RELATED_HOUR_15.BODY.P022,1,0,141,JESUS,NO
PASSION24.TEXT.RELATED_HOUR_15.BODY.P023,1,0,118,JESUS,NO
PASSION24.TEXT.RELATED_HOUR_15.BODY.P025,1,0,311,JESUS,NO
PASSION24.TEXT.RELATED_HOUR_15.BODY.P026,1,0,129,JESUS,NO
PASSION24.TEXT.RELATED_HOUR_15.BODY.P027,1,0,203,JESUS,NO
PASSION24.TEXT.RELATED_HOUR_15.BODY.P028,1,0,148,JESUS,NO
PASSION24.TEXT.RELATED_HOUR_15.BODY.P029,1,0,132,JESUS,NO
PASSION24.TEXT.RELATED_HOUR_15.BODY.P030,1,0,136,JESUS,NO
PASSION24.TEXT.RELATED_HOUR_15.BODY.P031,1,0,56,JESUS,NO
PASSION24.TEXT.RELATED_HOUR_15.BODY.P032,1,0,252,JESUS,NO
PASSION24.TEXT.RELATED_HOUR_15.BODY.P033,1,0,85,JESUS,NO
PASSION24.TEXT.RELATED_HOUR_15.BODY.P034,1,0,287,JESUS,NO
PASSION24.TEXT.RELATED_HOUR_15.BODY.P035,1,0,119,JESUS,NO
PASSION24.TEXT.RELATED_HOUR_15.BODY.P036,1,0,259,JESUS,NO
PASSION24.TEXT.RELATED_HOUR_15.BODY.P040,1,0,161,JESUS,NO
PASSION24.TEXT.RELATED_HOUR_15.BODY.P041,1,0,192,JESUS,NO
PASSION24.TEXT.RELATED_HOUR_15.BODY.P042,1,0,54,JESUS,NO
PASSION24.TEXT.RELATED_HOUR_15.BODY.P043,1,0,28,JESUS,NO
PASSION24.TEXT.RELATED_HOUR_15.BODY.P044,1,0,351,JESUS,NO
PASSION24.TEXT.RELATED_HOUR_15.BODY.P045,1,0,19,JESUS,NO
PASSION24.TEXT.RELATED_HOUR_15.BODY.P046,1,0,43,JESUS,NO
PASSION24.TEXT.RELATED_HOUR_15.BODY.P047,1,0,55,JESUS,NO
PASSION24.TEXT.RELATED_HOUR_15.BODY.P048,1,0,79,JESUS,NO
PASSION24.TEXT.RELATED_HOUR_15.BODY.P049,1,0,188,JESUS,NO
PASSION24.TEXT.RELATED_HOUR_15.BODY.P050,1,0,171,JESUS,NO
PASSION24.TEXT.RELATED_HOUR_15.BODY.P051,1,0,220,JESUS,NO
PASSION24.TEXT.RELATED_HOUR_15.BODY.P052,1,0,619,JESUS,NO
PASSION24.TEXT.RELATED_HOUR_15.BODY.P056,1,0,72,JESUS,NO
PASSION24.TEXT.RELATED_HOUR_15.BODY.P057,1,0,275,JESUS,NO
PASSION24.TEXT.RELATED_HOUR_15.BODY.P058,1,0,57,JESUS,NO
PASSION24.TEXT.RELATED_HOUR_15.BODY.P059,1,0,247,JESUS,NO
PASSION24.TEXT.RELATED_HOUR_15.BODY.P060,1,0,304,JESUS,NO
PASSION24.TEXT.RELATED_HOUR_15.BODY.P061,1,0,62,JESUS,NO
PASSION24.TEXT.RELATED_HOUR_15.BODY.P062,1,0,683,JESUS,NO
PASSION24.TEXT.RELATED_HOUR_15.BODY.P063,1,0,104,JESUS,NO
PASSION24.TEXT.RELATED_HOUR_15.BODY.P064,1,0,139,JESUS,NO
PASSION24.TEXT.RELATED_HOUR_15.BODY.P065,1,0,60,JESUS,NO
PASSION24.TEXT.RELATED_HOUR_15.BODY.P066,1,0,65,JESUS,NO
PASSION24.TEXT.RELATED_HOUR_15.BODY.P067,1,0,364,JESUS,NO
PASSION24.TEXT.RELATED_HOUR_15.BODY.P068,1,0,93,JESUS,NO
PASSION24.TEXT.RELATED_HOUR_15.BODY.P069,1,0,89,JESUS,NO
PASSION24.TEXT.RELATED_HOUR_15.BODY.P070,1,0,34,JESUS,NO
PASSION24.TEXT.RELATED_HOUR_15.BODY.P071,1,0,55,JESUS,NO
PASSION24.TEXT.RELATED_HOUR_15.BODY.P072,1,0,278,JESUS,NO
PASSION24.TEXT.RELATED_HOUR_15.BODY.P076,1,0,128,JESUS,NO
PASSION24.TEXT.RELATED_HOUR_15.BODY.P077,1,0,885,JESUS,NO
PASSION24.TEXT.RELATED_HOUR_15.BODY.P078,1,0,118,JESUS,NO
PASSION24.TEXT.RELATED_HOUR_15.BODY.P079,1,0,108,JESUS,NO
PASSION24.TEXT.RELATED_HOUR_15.BODY.P080,1,0,146,JESUS,NO
PASSION24.TEXT.RELATED_HOUR_15.BODY.P081,1,0,120,JESUS,NO
PASSION24.TEXT.RELATED_HOUR_15.BODY.P082,1,0,293,JESUS,NO
PASSION24.TEXT.RELATED_HOUR_15.BODY.P083,1,0,119,JESUS,NO
PASSION24.TEXT.RELATED_HOUR_15.BODY.P084,1,0,40,JESUS,NO
PASSION24.TEXT.RELATED_HOUR_15.BODY.P085,1,0,37,JESUS,NO
PASSION24.TEXT.RELATED_HOUR_15.BODY.P086,1,0,118,JESUS,NO
PASSION24.TEXT.RELATED_HOUR_15.BODY.P087,1,0,31,JESUS,NO
PASSION24.TEXT.RELATED_HOUR_15.BODY.P088,1,0,48,JESUS,NO
PASSION24.TEXT.RELATED_HOUR_15.BODY.P089,1,0,52,JESUS,NO
PASSION24.TEXT.RELATED_HOUR_15.BODY.P090,1,0,92,JESUS,NO
PASSION24.TEXT.RELATED_HOUR_15.BODY.P091,1,0,200,JESUS,NO
PASSION24.TEXT.RELATED_HOUR_15.BODY.P092,1,0,89,JESUS,NO
PASSION24.TEXT.RELATED_HOUR_15.BODY.P093,1,0,125,JESUS,NO
PASSION24.TEXT.RELATED_HOUR_15.BODY.P094,1,0,122,JESUS,NO
PASSION24.TEXT.RELATED_HOUR_15.BODY.P095,1,0,113,JESUS,NO
PASSION24.TEXT.RELATED_HOUR_15.BODY.P096,1,0,224,JESUS,NO
PASSION24.TEXT.RELATED_HOUR_15.BODY.P097,1,0,83,JESUS,NO
PASSION24.TEXT.RELATED_HOUR_15.BODY.P098,1,0,61,JESUS,NO
PASSION24.TEXT.RELATED_HOUR_15.BODY.P099,1,0,113,JESUS,NO
PASSION24.TEXT.RELATED_HOUR_15.BODY.P100,1,0,73,JESUS,NO
PASSION24.TEXT.RELATED_HOUR_15.BODY.P104,1,0,95,JESUS,NO
PASSION24.TEXT.RELATED_HOUR_15.BODY.P105,1,0,455,JESUS,NO
PASSION24.TEXT.RELATED_HOUR_15.BODY.P106,1,0,83,JESUS,NO
PASSION24.TEXT.RELATED_HOUR_15.BODY.P107,1,0,89,JESUS,NO
PASSION24.TEXT.RELATED_HOUR_15.BODY.P108,1,0,420,JESUS,NO
PASSION24.TEXT.RELATED_HOUR_15.BODY.P109,1,0,425,JESUS,NO
PASSION24.TEXT.RELATED_HOUR_15.BODY.P110,1,0,181,JESUS,NO
PASSION24.TEXT.RELATED_HOUR_15.BODY.P111,1,0,77,JESUS,NO
PASSION24.TEXT.RELATED_HOUR_15.BODY.P112,1,0,291,JESUS,NO
PASSION24.TEXT.RELATED_HOUR_15.BODY.P113,1,0,130,JESUS,NO
PASSION24.TEXT.RELATED_HOUR_15.BODY.P117,1,0,140,JESUS,NO
PASSION24.TEXT.RELATED_HOUR_15.BODY.P118,1,0,207,JESUS,NO
PASSION24.TEXT.RELATED_HOUR_15.BODY.P119,1,0,129,JESUS,NO
PASSION24.TEXT.RELATED_HOUR_15.BODY.P120,1,0,230,JESUS,NO
PASSION24.TEXT.RELATED_HOUR_15.BODY.P121,1,0,350,JESUS,NO
PASSION24.TEXT.RELATED_HOUR_15.BODY.P122,1,0,97,JESUS,NO
PASSION24.TEXT.RELATED_HOUR_15.BODY.P123,1,0,61,JESUS,NO
PASSION24.TEXT.RELATED_HOUR_15.BODY.P124,1,0,591,JESUS,NO
PASSION24.TEXT.RELATED_HOUR_15.BODY.P125,1,0,562,JESUS,NO
PASSION24.TEXT.RELATED_HOUR_15.BODY.P126,1,0,672,JESUS,NO
PASSION24.TEXT.RELATED_HOUR_15.BODY.P127,1,0,95,JESUS,NO
PASSION24.TEXT.RELATED_HOUR_15.BODY.P128,1,0,192,JESUS,NO
PASSION24.TEXT.RELATED_HOUR_15.BODY.P129,1,0,234,JESUS,NO
PASSION24.TEXT.RELATED_HOUR_15.BODY.P130,1,0,299,JESUS,NO
PASSION24.TEXT.RELATED_HOUR_15.BODY.P131,1,0,161,JESUS,NO
PASSION24.TEXT.RELATED_HOUR_15.BODY.P134,1,0,93,JESUS,NO
PASSION24.TEXT.RELATED_HOUR_15.BODY.P151,1,0,186,JESUS,NO
PASSION24.TEXT.RELATED_HOUR_15.BODY.P152,1,0,97,JESUS,NO
PASSION24.TEXT.RELATED_HOUR_15.BODY.P153,1,0,147,JESUS,NO
PASSION24.TEXT.RELATED_HOUR_15.BODY.P154,1,0,119,JESUS,NO
PASSION24.TEXT.RELATED_HOUR_15.BODY.P155,1,0,130,JESUS,NO
PASSION24.TEXT.RELATED_HOUR_15.BODY.P156,1,0,46,JESUS,NO
PASSION24.TEXT.RELATED_HOUR_15.BODY.P157,1,0,72,JESUS,NO
PASSION24.TEXT.RELATED_HOUR_15.BODY.P161,1,0,114,JESUS,NO
PASSION24.TEXT.RELATED_HOUR_15.BODY.P162,1,0,43,JESUS,NO
PASSION24.TEXT.RELATED_HOUR_15.BODY.P163,1,0,204,JESUS,NO
PASSION24.TEXT.RELATED_HOUR_15.BODY.P164,1,0,145,JESUS,NO
PASSION24.TEXT.RELATED_HOUR_15.BODY.P165,1,0,132,JESUS,NO
PASSION24.TEXT.RELATED_HOUR_15.BODY.P166,1,0,57,JESUS,NO
PASSION24.TEXT.RELATED_HOUR_15.BODY.P167,1,0,81,JESUS,NO
PASSION24.TEXT.RELATED_HOUR_15.BODY.P168,1,0,153,JESUS,NO
PASSION24.TEXT.RELATED_HOUR_15.BODY.P169,1,0,105,JESUS,NO
PASSION24.TEXT.RELATED_HOUR_15.BODY.P170,1,0,78,JESUS,NO
PASSION24.TEXT.RELATED_HOUR_15.BODY.P171,1,0,251,JESUS,NO
PASSION24.TEXT.RELATED_HOUR_15.BODY.P172,1,0,219,JESUS,NO
PASSION24.TEXT.RELATED_HOUR_15.BODY.P173,1,0,63,JESUS,NO
PASSION24.TEXT.RELATED_HOUR_15.BODY.P174,1,0,33,JESUS,NO
PASSION24.TEXT.RELATED_HOUR_15.BODY.P180,1,12,197,JESUS,NO
PASSION24.TEXT.RELATED_HOUR_15.BODY.P181,1,0,106,JESUS,NO
PASSION24.TEXT.RELATED_HOUR_15.BODY.P182,1,0,41,JESUS,NO
PASSION24.TEXT.RELATED_HOUR_15.BODY.P183,1,0,67,JESUS,NO
PASSION24.TEXT.RELATED_HOUR_15.BODY.P184,1,0,68,JESUS,NO
PASSION24.TEXT.RELATED_HOUR_15.BODY.P185,1,0,73,JESUS,NO
PASSION24.TEXT.RELATED_HOUR_15.BODY.P186,1,0,102,JESUS,NO
PASSION24.TEXT.RELATED_HOUR_15.BODY.P187,1,0,85,JESUS,NO
PASSION24.TEXT.RELATED_HOUR_15.BODY.P188,1,0,50,JESUS,NO
PASSION24.TEXT.RELATED_HOUR_15.BODY.P189,1,0,32,JESUS,NO
PASSION24.TEXT.RELATED_HOUR_15.BODY.P190,1,0,123,JESUS,NO
PASSION24.TEXT.RELATED_HOUR_15.BODY.P191,1,0,115,JESUS,NO
PASSION24.TEXT.RELATED_HOUR_15.BODY.P192,1,0,68,JESUS,NO
PASSION24.TEXT.RELATED_HOUR_15.BODY.P193,1,0,159,JESUS,NO
PASSION24.TEXT.RELATED_HOUR_15.BODY.P194,1,0,171,JESUS,NO
PASSION24.TEXT.RELATED_HOUR_16.BODY.P012,1,0,551,JESUS,NO
PASSION24.TEXT.RELATED_HOUR_16.BODY.P013,1,0,293,JESUS,NO
PASSION24.TEXT.RELATED_HOUR_16.BODY.P014,1,0,337,JESUS,NO
PASSION24.TEXT.RELATED_HOUR_16.BODY.P015,1,0,53,JESUS,NO
PASSION24.TEXT.RELATED_HOUR_16.BODY.P016,1,0,352,JESUS,NO
PASSION24.TEXT.RELATED_HOUR_16.BODY.P017,1,0,210,JESUS,NO
PASSION24.TEXT.RELATED_HOUR_16.BODY.P020,1,0,153,JESUS,NO
PASSION24.TEXT.RELATED_HOUR_16.BODY.P021,1,0,154,JESUS,NO
PASSION24.TEXT.RELATED_HOUR_16.BODY.P022,1,0,471,JESUS,NO
PASSION24.TEXT.RELATED_HOUR_16.BODY.P023,1,0,87,JESUS,NO
PASSION24.TEXT.RELATED_HOUR_16.BODY.P024,1,0,112,JESUS,NO
PASSION24.TEXT.RELATED_HOUR_16.BODY.P025,1,0,189,JESUS,NO
PASSION24.TEXT.RELATED_HOUR_16.BODY.P034,1,0,85,JESUS,NO
PASSION24.TEXT.RELATED_HOUR_16.BODY.P035,1,0,48,JESUS,NO
PASSION24.TEXT.RELATED_HOUR_16.BODY.P036,1,0,137,JESUS,NO
PASSION24.TEXT.RELATED_HOUR_16.BODY.P037,1,0,25,JESUS,NO
PASSION24.TEXT.RELATED_HOUR_16.BODY.P038,1,0,152,JESUS,NO
PASSION24.TEXT.RELATED_HOUR_16.BODY.P039,1,0,116,JESUS,NO
PASSION24.TEXT.RELATED_HOUR_16.BODY.P040,1,0,41,JESUS,NO
PASSION24.TEXT.RELATED_HOUR_16.BODY.P041,1,0,75,JESUS,NO
PASSION24.TEXT.RELATED_HOUR_16.BODY.P042,1,0,292,JESUS,NO
PASSION24.TEXT.RELATED_HOUR_16.BODY.P043,1,0,88,JESUS,NO
PASSION24.TEXT.RELATED_HOUR_16.BODY.P044,1,0,138,JESUS,NO
PASSION24.TEXT.RELATED_HOUR_16.BODY.P045,1,0,330,JESUS,NO
PASSION24.TEXT.RELATED_HOUR_16.BODY.P046,1,0,168,JESUS,NO
PASSION24.TEXT.RELATED_HOUR_16.BODY.P047,1,0,139,JESUS,NO
PASSION24.TEXT.RELATED_HOUR_16.BODY.P052,1,0,42,JESUS,NO
PASSION24.TEXT.RELATED_HOUR_16.BODY.P053,1,0,113,JESUS,NO
PASSION24.TEXT.RELATED_HOUR_16.BODY.P054,1,0,50,JESUS,NO
PASSION24.TEXT.RELATED_HOUR_16.BODY.P055,1,0,125,JESUS,NO
PASSION24.TEXT.RELATED_HOUR_16.BODY.P056,1,0,263,JESUS,NO
PASSION24.TEXT.RELATED_HOUR_16.BODY.P057,1,0,215,JESUS,NO
PASSION24.TEXT.RELATED_HOUR_16.BODY.P058,1,0,22,JESUS,NO
PASSION24.TEXT.RELATED_HOUR_16.BODY.P059,1,0,150,JESUS,NO
PASSION24.TEXT.RELATED_HOUR_16.BODY.P062,1,0,268,JESUS,NO
PASSION24.TEXT.RELATED_HOUR_16.BODY.P063,1,0,198,JESUS,NO
PASSION24.TEXT.RELATED_HOUR_16.BODY.P064,1,0,65,JESUS,NO
PASSION24.TEXT.RELATED_HOUR_16.BODY.P065,1,0,47,JESUS,NO
PASSION24.TEXT.RELATED_HOUR_16.BODY.P066,1,0,158,JESUS,NO
PASSION24.TEXT.RELATED_HOUR_16.BODY.P067,1,0,451,JESUS,NO
PASSION24.TEXT.RELATED_HOUR_16.BODY.P068,1,0,243,JESUS,NO
PASSION24.TEXT.RELATED_HOUR_16.BODY.P069,1,0,193,JESUS,NO
PASSION24.TEXT.RELATED_HOUR_16.BODY.P070,1,0,291,JESUS,NO
PASSION24.TEXT.RELATED_HOUR_16.BODY.P071,1,0,858,JESUS,NO
PASSION24.TEXT.RELATED_HOUR_16.BODY.P072,1,0,119,JESUS,NO
PASSION24.TEXT.RELATED_HOUR_16.BODY.P073,1,0,154,JESUS,NO
PASSION24.TEXT.RELATED_HOUR_16.BODY.P074,1,0,187,JESUS,NO
PASSION24.TEXT.RELATED_HOUR_16.BODY.P075,1,0,251,JESUS,NO
PASSION24.TEXT.RELATED_HOUR_16.BODY.P079,1,0,341,JESUS,NO
PASSION24.TEXT.RELATED_HOUR_16.BODY.P080,1,0,533,JESUS,NO
PASSION24.TEXT.RELATED_HOUR_16.BODY.P081,1,0,62,JESUS,NO
PASSION24.TEXT.RELATED_HOUR_16.BODY.P082,1,0,320,JESUS,NO
PASSION24.TEXT.RELATED_HOUR_16.BODY.P088,1,0,68,JESUS,NO
PASSION24.TEXT.RELATED_HOUR_16.BODY.P089,1,0,124,JESUS,NO
PASSION24.TEXT.RELATED_HOUR_16.BODY.P090,1,0,177,JESUS,NO
PASSION24.TEXT.RELATED_HOUR_16.BODY.P094,1,0,358,JESUS,NO
PASSION24.TEXT.RELATED_HOUR_16.BODY.P095,1,0,143,JESUS,NO
PASSION24.TEXT.RELATED_HOUR_16.BODY.P096,1,0,248,JESUS,NO
PASSION24.TEXT.RELATED_HOUR_16.BODY.P098,1,18,423,JESUS,NO
PASSION24.TEXT.RELATED_HOUR_17.BODY.P013,1,0,133,JESUS,NO
PASSION24.TEXT.RELATED_HOUR_17.BODY.P014,1,0,116,JESUS,NO
PASSION24.TEXT.RELATED_HOUR_17.BODY.P015,1,0,78,JESUS,NO
PASSION24.TEXT.RELATED_HOUR_17.BODY.P016,1,0,31,JESUS,NO
PASSION24.TEXT.RELATED_HOUR_17.BODY.P017,1,0,210,JESUS,NO
PASSION24.TEXT.RELATED_HOUR_17.BODY.P018,1,0,67,JESUS,NO
PASSION24.TEXT.RELATED_HOUR_17.BODY.P019,1,0,54,JESUS,NO
PASSION24.TEXT.RELATED_HOUR_17.BODY.P020,1,0,236,JESUS,NO
PASSION24.TEXT.RELATED_HOUR_17.BODY.P021,1,0,88,JESUS,NO
PASSION24.TEXT.RELATED_HOUR_17.BODY.P022,1,0,206,JESUS,NO
PASSION24.TEXT.RELATED_HOUR_17.BODY.P023,1,0,215,JESUS,NO
PASSION24.TEXT.RELATED_HOUR_17.BODY.P024,1,0,107,JESUS,NO
PASSION24.TEXT.RELATED_HOUR_17.BODY.P025,1,0,191,JESUS,NO
PASSION24.TEXT.RELATED_HOUR_17.BODY.P026,1,0,115,JESUS,NO
PASSION24.TEXT.RELATED_HOUR_17.BODY.P031,1,149,469,JESUS,NO
PASSION24.TEXT.RELATED_HOUR_17.BODY.P032,1,0,101,JESUS,NO
PASSION24.TEXT.RELATED_HOUR_17.BODY.P033,1,198,330,JESUS,NO
PASSION24.TEXT.RELATED_HOUR_17.BODY.P034,1,0,315,JESUS,NO
PASSION24.TEXT.RELATED_HOUR_17.BODY.P037,1,13,79,JESUS,NO
PASSION24.TEXT.RELATED_HOUR_17.BODY.P038,1,0,93,JESUS,NO
PASSION24.TEXT.RELATED_HOUR_17.BODY.P039,1,0,132,JESUS,NO
PASSION24.TEXT.RELATED_HOUR_17.BODY.P040,1,0,424,JESUS,NO
PASSION24.TEXT.RELATED_HOUR_17.BODY.P041,1,0,78,JESUS,NO
PASSION24.TEXT.RELATED_HOUR_17.BODY.P042,1,0,63,JESUS,NO
PASSION24.TEXT.RELATED_HOUR_17.BODY.P043,1,0,103,JESUS,NO
PASSION24.TEXT.RELATED_HOUR_17.BODY.P044,1,0,451,JESUS,NO
PASSION24.TEXT.RELATED_HOUR_17.BODY.P045,1,0,355,JESUS,NO
PASSION24.TEXT.RELATED_HOUR_17.BODY.P048,1,0,63,JESUS,NO
PASSION24.TEXT.RELATED_HOUR_17.BODY.P050,1,13,50,JESUS,NO
PASSION24.TEXT.RELATED_HOUR_17.BODY.P051,1,78,89,JESUS,NO
PASSION24.TEXT.RELATED_HOUR_17.BODY.P054,1,191,202,JESUS,NO
PASSION24.TEXT.RELATED_HOUR_17.BODY.P056,1,57,104,JESUS,NO
PASSION24.TEXT.RELATED_HOUR_17.BODY.P057,1,0,94,JESUS,NO
PASSION24.TEXT.RELATED_HOUR_17.BODY.P058,1,38,49,JESUS,NO
PASSION24.TEXT.RELATED_HOUR_17.BODY.P059,1,192,417,JESUS,NO
PASSION24.TEXT.RELATED_HOUR_17.BODY.P067,1,0,127,JESUS,NO
PASSION24.TEXT.RELATED_HOUR_17.BODY.P068,1,0,173,JESUS,NO
PASSION24.TEXT.RELATED_HOUR_17.BODY.P069,1,0,75,JESUS,NO
PASSION24.TEXT.RELATED_HOUR_17.BODY.P070,1,0,41,JESUS,NO
PASSION24.TEXT.RELATED_HOUR_17.BODY.P071,1,0,53,JESUS,NO
PASSION24.TEXT.RELATED_HOUR_17.BODY.P072,1,0,64,JESUS,NO
PASSION24.TEXT.RELATED_HOUR_17.BODY.P073,1,0,66,JESUS,NO
PASSION24.TEXT.RELATED_HOUR_17.BODY.P074,1,0,58,JESUS,NO
PASSION24.TEXT.RELATED_HOUR_17.BODY.P075,1,0,197,JESUS,NO
PASSION24.TEXT.RELATED_HOUR_17.BODY.P076,1,0,354,JESUS,NO
PASSION24.TEXT.RELATED_HOUR_17.BODY.P077,1,0,97,JESUS,NO
PASSION24.TEXT.RELATED_HOUR_17.BODY.P078,1,0,86,JESUS,NO
PASSION24.TEXT.RELATED_HOUR_17.BODY.P079,1,0,154,JESUS,NO
PASSION24.TEXT.RELATED_HOUR_17.BODY.P080,1,0,167,JESUS,NO
PASSION24.TEXT.RELATED_HOUR_17.BODY.P081,1,0,144,JESUS,NO
PASSION24.TEXT.RELATED_HOUR_17.BODY.P082,1,0,60,JESUS,NO
PASSION24.TEXT.RELATED_HOUR_17.BODY.P083,1,0,54,JESUS,NO
PASSION24.TEXT.RELATED_HOUR_17.BODY.P084,1,0,103,JESUS,NO
PASSION24.TEXT.RELATED_HOUR_17.BODY.P085,1,0,152,JESUS,NO
PASSION24.TEXT.RELATED_HOUR_17.BODY.P086,1,0,54,JESUS,NO
PASSION24.TEXT.RELATED_HOUR_17.BODY.P087,1,0,106,JESUS,NO
PASSION24.TEXT.RELATED_HOUR_17.BODY.P088,1,0,103,JESUS,NO
PASSION24.TEXT.RELATED_HOUR_17.BODY.P089,1,0,154,JESUS,NO
PASSION24.TEXT.RELATED_HOUR_17.BODY.P090,1,0,97,JESUS,NO
PASSION24.TEXT.RELATED_HOUR_17.BODY.P091,1,0,106,JESUS,NO
PASSION24.TEXT.RELATED_HOUR_17.BODY.P098,1,0,128,JESUS,NO
PASSION24.TEXT.RELATED_HOUR_17.BODY.P099,1,0,116,JESUS,NO
PASSION24.TEXT.RELATED_HOUR_17.BODY.P100,1,0,28,JESUS,NO
PASSION24.TEXT.RELATED_HOUR_17.BODY.P101,1,0,149,JESUS,NO
PASSION24.TEXT.RELATED_HOUR_17.BODY.P102,1,0,56,JESUS,NO
PASSION24.TEXT.RELATED_HOUR_17.BODY.P103,1,0,65,JESUS,NO
PASSION24.TEXT.RELATED_HOUR_17.BODY.P104,1,0,32,JESUS,NO
PASSION24.TEXT.RELATED_HOUR_17.BODY.P105,1,0,21,JESUS,NO
PASSION24.TEXT.RELATED_HOUR_17.BODY.P106,1,0,80,JESUS,NO
PASSION24.TEXT.RELATED_HOUR_17.BODY.P107,1,0,117,JESUS,NO
PASSION24.TEXT.RELATED_HOUR_17.BODY.P108,1,0,70,JESUS,NO
PASSION24.TEXT.RELATED_HOUR_17.BODY.P109,1,0,186,JESUS,NO
PASSION24.TEXT.RELATED_HOUR_17.BODY.P110,1,0,127,JESUS,NO
PASSION24.TEXT.RELATED_HOUR_17.BODY.P111,1,0,182,JESUS,NO
PASSION24.TEXT.RELATED_HOUR_17.BODY.P112,1,0,120,JESUS,NO
PASSION24.TEXT.RELATED_HOUR_17.BODY.P113,1,0,124,JESUS,NO
PASSION24.TEXT.RELATED_HOUR_17.BODY.P114,1,0,210,JESUS,NO
PASSION24.TEXT.RELATED_HOUR_17.BODY.P115,1,0,54,JESUS,NO
PASSION24.TEXT.RELATED_HOUR_17.BODY.P116,1,0,61,JESUS,NO
PASSION24.TEXT.RELATED_HOUR_17.BODY.P117,1,0,59,JESUS,NO
PASSION24.TEXT.RELATED_HOUR_17.BODY.P118,1,0,60,JESUS,NO
PASSION24.TEXT.RELATED_HOUR_17.BODY.P119,1,0,161,JESUS,NO
PASSION24.TEXT.RELATED_HOUR_17.BODY.P120,1,0,76,JESUS,NO
PASSION24.TEXT.RELATED_HOUR_17.BODY.P121,1,0,34,JESUS,NO
PASSION24.TEXT.RELATED_HOUR_17.BODY.P122,1,0,53,JESUS,NO
PASSION24.TEXT.RELATED_HOUR_17.BODY.P123,1,0,62,JESUS,NO
PASSION24.TEXT.RELATED_HOUR_17.BODY.P124,1,0,125,JESUS,NO
PASSION24.TEXT.RELATED_HOUR_17.BODY.P125,1,0,82,JESUS,NO
PASSION24.TEXT.RELATED_HOUR_17.BODY.P126,1,0,22,JESUS,NO
PASSION24.TEXT.RELATED_HOUR_17.BODY.P127,1,0,143,JESUS,NO
PASSION24.TEXT.RELATED_HOUR_17.BODY.P128,1,0,131,JESUS,NO
PASSION24.TEXT.RELATED_HOUR_17.BODY.P129,1,0,57,JESUS,NO
PASSION24.TEXT.RELATED_HOUR_17.BODY.P130,1,0,66,JESUS,NO
PASSION24.TEXT.RELATED_HOUR_17.BODY.P131,1,0,65,JESUS,NO
PASSION24.TEXT.RELATED_HOUR_17.BODY.P132,1,0,188,JESUS,NO
PASSION24.TEXT.RELATED_HOUR_17.BODY.P133,1,0,64,JESUS,NO
PASSION24.TEXT.RELATED_HOUR_17.BODY.P134,1,0,95,JESUS,NO
PASSION24.TEXT.RELATED_HOUR_17.BODY.P135,1,0,83,JESUS,NO
PASSION24.TEXT.RELATED_HOUR_17.BODY.P136,1,0,93,JESUS,NO
PASSION24.TEXT.RELATED_HOUR_17.BODY.P137,1,0,99,JESUS,NO
PASSION24.TEXT.RELATED_HOUR_17.BODY.P138,1,0,20,JESUS,NO
PASSION24.TEXT.RELATED_HOUR_17.BODY.P139,1,0,69,JESUS,NO
PASSION24.TEXT.RELATED_HOUR_17.BODY.P141,1,0,56,JESUS,NO
PASSION24.TEXT.RELATED_HOUR_17.BODY.P149,1,0,74,JESUS,NO
PASSION24.TEXT.RELATED_HOUR_17.BODY.P150,1,0,39,JESUS,NO
PASSION24.TEXT.RELATED_HOUR_17.BODY.P151,1,0,33,JESUS,NO
PASSION24.TEXT.RELATED_HOUR_17.BODY.P152,1,0,140,JESUS,NO
PASSION24.TEXT.RELATED_HOUR_17.BODY.P153,1,0,141,JESUS,NO
PASSION24.TEXT.RELATED_HOUR_17.BODY.P154,1,0,42,JESUS,NO
PASSION24.TEXT.RELATED_HOUR_17.BODY.P155,1,0,70,JESUS,NO
PASSION24.TEXT.RELATED_HOUR_17.BODY.P156,1,0,65,JESUS,NO
PASSION24.TEXT.RELATED_HOUR_17.BODY.P157,1,0,97,JESUS,NO
PASSION24.TEXT.RELATED_HOUR_17.BODY.P158,1,0,120,JESUS,NO
PASSION24.TEXT.RELATED_HOUR_17.BODY.P159,1,0,163,JESUS,NO
PASSION24.TEXT.RELATED_HOUR_17.BODY.P160,1,0,67,JESUS,NO
PASSION24.TEXT.RELATED_HOUR_17.BODY.P161,1,0,130,JESUS,NO
PASSION24.TEXT.RELATED_HOUR_17.BODY.P162,1,0,208,JESUS,NO
PASSION24.TEXT.RELATED_HOUR_17.BODY.P163,1,0,90,JESUS,NO
PASSION24.TEXT.RELATED_HOUR_17.BODY.P164,1,0,136,JESUS,NO
PASSION24.TEXT.RELATED_HOUR_17.BODY.P165,1,0,21,JESUS,NO
PASSION24.TEXT.RELATED_HOUR_17.BODY.P166,1,0,58,JESUS,NO
PASSION24.TEXT.RELATED_HOUR_17.BODY.P167,1,0,28,JESUS,NO
PASSION24.TEXT.RELATED_HOUR_17.BODY.P168,1,0,112,JESUS,NO
PASSION24.TEXT.RELATED_HOUR_17.BODY.P169,1,0,111,JESUS,NO
PASSION24.TEXT.RELATED_HOUR_17.BODY.P170,1,0,86,JESUS,NO
PASSION24.TEXT.RELATED_HOUR_17.BODY.P171,1,0,88,JESUS,NO
PASSION24.TEXT.RELATED_HOUR_17.BODY.P178,1,0,118,JESUS,NO
PASSION24.TEXT.RELATED_HOUR_17.BODY.P179,1,0,48,JESUS,NO
PASSION24.TEXT.RELATED_HOUR_17.BODY.P180,1,0,58,JESUS,NO
PASSION24.TEXT.RELATED_HOUR_17.BODY.P181,1,0,150,JESUS,NO
PASSION24.TEXT.RELATED_HOUR_17.BODY.P182,1,0,104,JESUS,NO
PASSION24.TEXT.RELATED_HOUR_17.BODY.P183,1,0,138,JESUS,NO
PASSION24.TEXT.RELATED_HOUR_17.BODY.P184,1,0,84,JESUS,NO
PASSION24.TEXT.RELATED_HOUR_17.BODY.P185,1,0,132,JESUS,NO
PASSION24.TEXT.RELATED_HOUR_17.BODY.P186,1,0,33,JESUS,NO
PASSION24.TEXT.RELATED_HOUR_17.BODY.P187,1,0,40,JESUS,NO
PASSION24.TEXT.RELATED_HOUR_17.BODY.P188,1,0,97,JESUS,NO
PASSION24.TEXT.RELATED_HOUR_17.BODY.P190,1,0,157,JESUS,NO
PASSION24.TEXT.RELATED_HOUR_17.BODY.P191,1,0,64,JESUS,NO
PASSION24.TEXT.RELATED_HOUR_17.BODY.P193,1,0,72,JESUS,NO
PASSION24.TEXT.RELATED_HOUR_17.BODY.P194,1,0,73,JESUS,NO
PASSION24.TEXT.RELATED_HOUR_17.BODY.P195,1,0,88,JESUS,NO
PASSION24.TEXT.RELATED_HOUR_17.BODY.P196,1,0,53,JESUS,NO
PASSION24.TEXT.RELATED_HOUR_17.BODY.P197,1,0,36,JESUS,NO
PASSION24.TEXT.RELATED_HOUR_17.BODY.P198,1,0,214,JESUS,NO
PASSION24.TEXT.RELATED_HOUR_17.BODY.P199,1,0,151,JESUS,NO
PASSION24.TEXT.RELATED_HOUR_17.BODY.P200,1,0,32,JESUS,NO
PASSION24.TEXT.RELATED_HOUR_17.BODY.P201,1,0,82,JESUS,NO
PASSION24.TEXT.RELATED_HOUR_17.BODY.P202,1,0,57,JESUS,NO
PASSION24.TEXT.RELATED_HOUR_17.BODY.P203,1,0,242,JESUS,NO
PASSION24.TEXT.RELATED_HOUR_17.BODY.P204,1,0,84,JESUS,NO
PASSION24.TEXT.RELATED_HOUR_17.BODY.P205,1,0,119,JESUS,NO
PASSION24.TEXT.RELATED_HOUR_17.BODY.P206,1,0,49,JESUS,NO
PASSION24.TEXT.RELATED_HOUR_17.BODY.P207,1,0,48,JESUS,NO
PASSION24.TEXT.RELATED_HOUR_17.BODY.P208,1,0,62,JESUS,NO
PASSION24.TEXT.RELATED_HOUR_17.BODY.P209,1,0,90,JESUS,NO
PASSION24.TEXT.RELATED_HOUR_17.BODY.P210,1,0,228,JESUS,NO
PASSION24.TEXT.RELATED_HOUR_17.BODY.P211,1,0,91,JESUS,NO
PASSION24.TEXT.RELATED_HOUR_17.BODY.P212,1,0,142,JESUS,NO
PASSION24.TEXT.RELATED_HOUR_17.BODY.P213,1,0,224,JESUS,NO
PASSION24.TEXT.RELATED_HOUR_17.BODY.P214,1,0,126,JESUS,NO
PASSION24.TEXT.RELATED_HOUR_17.BODY.P215,1,0,183,JESUS,NO
PASSION24.TEXT.RELATED_HOUR_17.BODY.P216,1,0,215,JESUS,NO
PASSION24.TEXT.RELATED_HOUR_17.BODY.P217,1,0,132,JESUS,NO
PASSION24.TEXT.RELATED_HOUR_17.BODY.P218,1,0,157,JESUS,NO
PASSION24.TEXT.RELATED_HOUR_17.BODY.P219,1,0,80,JESUS,NO
PASSION24.TEXT.RELATED_HOUR_17.BODY.P220,1,0,94,JESUS,NO
PASSION24.TEXT.RELATED_HOUR_17.BODY.P221,1,0,171,JESUS,NO
PASSION24.TEXT.RELATED_HOUR_17.BODY.P222,1,0,45,JESUS,NO
PASSION24.TEXT.RELATED_HOUR_17.BODY.P223,1,0,194,JESUS,NO
PASSION24.TEXT.RELATED_HOUR_17.BODY.P224,1,0,54,JESUS,NO
PASSION24.TEXT.RELATED_HOUR_17.BODY.P225,1,0,83,JESUS,NO
PASSION24.TEXT.RELATED_HOUR_17.BODY.P226,1,0,12,JESUS,NO
PASSION24.TEXT.RELATED_HOUR_18.BODY.P012,1,16,153,JESUS,NO
PASSION24.TEXT.RELATED_HOUR_18.BODY.P013,1,0,163,JESUS,NO
PASSION24.TEXT.RELATED_HOUR_18.BODY.P014,1,0,133,JESUS,NO
PASSION24.TEXT.RELATED_HOUR_18.BODY.P015,1,0,219,JESUS,NO
PASSION24.TEXT.RELATED_HOUR_18.BODY.P016,1,0,127,JESUS,NO
PASSION24.TEXT.RELATED_HOUR_18.BODY.P017,1,0,53,JESUS,NO
PASSION24.TEXT.RELATED_HOUR_18.BODY.P018,1,0,92,JESUS,NO
PASSION24.TEXT.RELATED_HOUR_18.BODY.P019,1,0,88,JESUS,NO
PASSION24.TEXT.RELATED_HOUR_18.BODY.P023,1,0,123,JESUS,NO
PASSION24.TEXT.RELATED_HOUR_18.BODY.P024,1,0,457,JESUS,NO
PASSION24.TEXT.RELATED_HOUR_18.BODY.P025,1,0,130,JESUS,NO
PASSION24.TEXT.RELATED_HOUR_18.BODY.P026,1,0,43,JESUS,NO
PASSION24.TEXT.RELATED_HOUR_18.BODY.P027,1,0,61,JESUS,NO
PASSION24.TEXT.RELATED_HOUR_18.BODY.P028,1,0,158,JESUS,NO
PASSION24.TEXT.RELATED_HOUR_18.BODY.P029,1,0,142,JESUS,NO
PASSION24.TEXT.RELATED_HOUR_18.BODY.P030,1,0,189,JESUS,NO
PASSION24.TEXT.RELATED_HOUR_18.BODY.P031,1,0,120,JESUS,NO
PASSION24.TEXT.RELATED_HOUR_18.BODY.P032,1,0,187,JESUS,NO
PASSION24.TEXT.RELATED_HOUR_18.BODY.P033,1,0,139,JESUS,NO
PASSION24.TEXT.RELATED_HOUR_18.BODY.P034,1,0,206,JESUS,NO
PASSION24.TEXT.RELATED_HOUR_18.BODY.P035,1,0,104,JESUS,NO
PASSION24.TEXT.RELATED_HOUR_18.BODY.P037,1,242,430,JESUS,NO
PASSION24.TEXT.RELATED_HOUR_18.BODY.P038,1,0,90,JESUS,NO
PASSION24.TEXT.RELATED_HOUR_18.BODY.P039,1,0,132,JESUS,NO
PASSION24.TEXT.RELATED_HOUR_18.BODY.P040,1,0,97,JESUS,NO
PASSION24.TEXT.RELATED_HOUR_18.BODY.P041,1,0,277,JESUS,NO
PASSION24.TEXT.RELATED_HOUR_18.BODY.P047,1,0,283,JESUS,NO
PASSION24.TEXT.RELATED_HOUR_18.BODY.P049,1,0,240,JESUS,NO
PASSION24.TEXT.RELATED_HOUR_18.BODY.P062,1,16,158,JESUS,NO
PASSION24.TEXT.RELATED_HOUR_18.BODY.P069,1,40,182,JESUS,NO
PASSION24.TEXT.RELATED_HOUR_18.BODY.P070,1,0,189,JESUS,NO
PASSION24.TEXT.RELATED_HOUR_18.BODY.P071,1,0,329,JESUS,NO
PASSION24.TEXT.RELATED_HOUR_18.BODY.P072,1,0,273,JESUS,NO
PASSION24.TEXT.RELATED_HOUR_18.BODY.P073,1,13,221,JESUS,NO
PASSION24.TEXT.RELATED_HOUR_18.BODY.P074,1,0,93,JESUS,NO
PASSION24.TEXT.RELATED_HOUR_18.BODY.P075,1,0,65,JESUS,NO
PASSION24.TEXT.RELATED_HOUR_18.BODY.P080,1,16,155,JESUS,NO
PASSION24.TEXT.RELATED_HOUR_18.BODY.P081,1,0,112,JESUS,NO
PASSION24.TEXT.RELATED_HOUR_18.BODY.P083,1,0,91,JESUS,NO
PASSION24.TEXT.RELATED_HOUR_18.BODY.P084,1,0,105,JESUS,NO
PASSION24.TEXT.RELATED_HOUR_18.BODY.P085,1,0,210,JESUS,NO
PASSION24.TEXT.RELATED_HOUR_18.BODY.P086,1,0,150,JESUS,NO
PASSION24.TEXT.RELATED_HOUR_18.BODY.P088,1,0,67,JESUS,NO
PASSION24.TEXT.RELATED_HOUR_18.BODY.P089,1,0,245,JESUS,NO
PASSION24.TEXT.RELATED_HOUR_18.BODY.P090,1,0,47,JESUS,NO
PASSION24.TEXT.RELATED_HOUR_18.BODY.P091,1,0,159,JESUS,NO
PASSION24.TEXT.RELATED_HOUR_18.BODY.P092,1,0,38,JESUS,NO
PASSION24.TEXT.RELATED_HOUR_18.BODY.P093,1,0,94,JESUS,NO
PASSION24.TEXT.RELATED_HOUR_18.BODY.P094,1,0,47,JESUS,NO
PASSION24.TEXT.RELATED_HOUR_19.BODY.P009,1,0,299,JESUS,NO
PASSION24.TEXT.RELATED_HOUR_19.BODY.P010,1,0,147,JESUS,NO
PASSION24.TEXT.RELATED_HOUR_19.BODY.P011,1,0,74,JESUS,NO
PASSION24.TEXT.RELATED_HOUR_19.BODY.P012,1,0,157,JESUS,NO
PASSION24.TEXT.RELATED_HOUR_19.BODY.P013,1,0,77,JESUS,NO
PASSION24.TEXT.RELATED_HOUR_19.BODY.P014,1,0,140,JESUS,NO
PASSION24.TEXT.RELATED_HOUR_19.BODY.P015,1,0,214,JESUS,NO
PASSION24.TEXT.RELATED_HOUR_19.BODY.P016,1,0,153,JESUS,NO
PASSION24.TEXT.RELATED_HOUR_19.BODY.P017,1,0,175,JESUS,NO
PASSION24.TEXT.RELATED_HOUR_19.BODY.P021,1,0,38,JESUS,NO
PASSION24.TEXT.RELATED_HOUR_19.BODY.P022,1,0,90,JESUS,NO
PASSION24.TEXT.RELATED_HOUR_19.BODY.P023,1,0,157,JESUS,NO
PASSION24.TEXT.RELATED_HOUR_19.BODY.P024,1,0,117,JESUS,NO
PASSION24.TEXT.RELATED_HOUR_19.BODY.P025,1,0,166,JESUS,NO
PASSION24.TEXT.RELATED_HOUR_19.BODY.P026,1,0,134,JESUS,NO
PASSION24.TEXT.RELATED_HOUR_19.BODY.P027,1,0,94,JESUS,NO
PASSION24.TEXT.RELATED_HOUR_19.BODY.P028,1,0,187,JESUS,NO
PASSION24.TEXT.RELATED_HOUR_19.BODY.P029,1,0,116,JESUS,NO
PASSION24.TEXT.RELATED_HOUR_19.BODY.P030,1,0,132,JESUS,NO
PASSION24.TEXT.RELATED_HOUR_19.BODY.P031,1,0,106,JESUS,NO
PASSION24.TEXT.RELATED_HOUR_19.BODY.P032,1,0,131,JESUS,NO
PASSION24.TEXT.RELATED_HOUR_19.BODY.P033,1,0,103,JESUS,NO
PASSION24.TEXT.RELATED_HOUR_19.BODY.P041,1,0,138,JESUS,NO
PASSION24.TEXT.RELATED_HOUR_19.BODY.P042,1,0,521,JESUS,NO
PASSION24.TEXT.RELATED_HOUR_19.BODY.P043,1,0,584,JESUS,NO
PASSION24.TEXT.RELATED_HOUR_19.BODY.P044,1,0,79,JESUS,NO
PASSION24.TEXT.RELATED_HOUR_19.BODY.P045,1,0,111,JESUS,NO
PASSION24.TEXT.RELATED_HOUR_19.BODY.P046,1,0,425,JESUS,NO
PASSION24.TEXT.RELATED_HOUR_19.BODY.P047,1,0,61,JESUS,NO
PASSION24.TEXT.RELATED_HOUR_19.BODY.P048,1,0,335,JESUS,NO
PASSION24.TEXT.RELATED_HOUR_19.BODY.P049,1,0,290,JESUS,NO
PASSION24.TEXT.RELATED_HOUR_19.BODY.P050,1,0,116,JESUS,NO
PASSION24.TEXT.RELATED_HOUR_19.BODY.P051,1,0,46,JESUS,NO
PASSION24.TEXT.RELATED_HOUR_19.BODY.P052,1,0,68,JESUS,NO
PASSION24.TEXT.RELATED_HOUR_19.BODY.P053,1,0,428,JESUS,NO
PASSION24.TEXT.RELATED_HOUR_19.BODY.P054,1,0,69,JESUS,NO
PASSION24.TEXT.RELATED_HOUR_19.BODY.P055,1,0,135,JESUS,NO
PASSION24.TEXT.RELATED_HOUR_19.BODY.P056,1,0,50,JESUS,NO
PASSION24.TEXT.RELATED_HOUR_19.BODY.P059,1,0,50,JESUS,NO
PASSION24.TEXT.RELATED_HOUR_19.BODY.P060,1,0,201,JESUS,NO
PASSION24.TEXT.RELATED_HOUR_19.BODY.P066,1,0,170,JESUS,NO
PASSION24.TEXT.RELATED_HOUR_19.BODY.P067,1,0,150,JESUS,NO
PASSION24.TEXT.RELATED_HOUR_19.BODY.P071,1,0,136,JESUS,NO
PASSION24.TEXT.RELATED_HOUR_19.BODY.P072,1,0,132,JESUS,NO
PASSION24.TEXT.RELATED_HOUR_19.BODY.P073,1,0,287,JESUS,NO
PASSION24.TEXT.RELATED_HOUR_19.BODY.P074,1,0,316,JESUS,NO
PASSION24.TEXT.RELATED_HOUR_19.BODY.P077,1,0,57,JESUS,NO
PASSION24.TEXT.RELATED_HOUR_19.BODY.P078,1,0,323,JESUS,NO
PASSION24.TEXT.RELATED_HOUR_19.BODY.P079,1,0,692,JESUS,NO
PASSION24.TEXT.RELATED_HOUR_19.BODY.P080,1,0,337,JESUS,NO
PASSION24.TEXT.RELATED_HOUR_20.BODY.P008,1,0,319,JESUS,NO
PASSION24.TEXT.RELATED_HOUR_20.BODY.P009,1,0,163,JESUS,NO
PASSION24.TEXT.RELATED_HOUR_20.BODY.P010,1,0,30,JESUS,NO
PASSION24.TEXT.RELATED_HOUR_20.BODY.P011,1,0,322,JESUS,NO
PASSION24.TEXT.RELATED_HOUR_20.BODY.P012,1,0,80,JESUS,NO
PASSION24.TEXT.RELATED_HOUR_20.BODY.P013,1,0,318,JESUS,NO
PASSION24.TEXT.RELATED_HOUR_20.BODY.P014,1,0,400,JESUS,NO
PASSION24.TEXT.RELATED_HOUR_20.BODY.P015,1,0,104,JESUS,NO
PASSION24.TEXT.RELATED_HOUR_20.BODY.P017,1,0,191,JESUS,NO
PASSION24.TEXT.RELATED_HOUR_20.BODY.P018,1,0,131,JESUS,NO
PASSION24.TEXT.RELATED_HOUR_20.BODY.P021,1,0,49,JESUS,NO
PASSION24.TEXT.RELATED_HOUR_20.BODY.P023,1,0,107,JESUS,NO
PASSION24.TEXT.RELATED_HOUR_20.BODY.P024,1,0,312,JESUS,NO
PASSION24.TEXT.RELATED_HOUR_20.BODY.P025,1,0,102,JESUS,NO
PASSION24.TEXT.RELATED_HOUR_20.BODY.P026,1,0,67,JESUS,NO
PASSION24.TEXT.RELATED_HOUR_20.BODY.P027,1,0,46,JESUS,NO
PASSION24.TEXT.RELATED_HOUR_20.BODY.P028,1,0,412,JESUS,NO
PASSION24.TEXT.RELATED_HOUR_20.BODY.P031,1,0,319,JESUS,NO
PASSION24.TEXT.RELATED_HOUR_20.BODY.P032,1,0,396,JESUS,NO
PASSION24.TEXT.RELATED_HOUR_21.BODY.P013,1,27,52,JESUS,NO
PASSION24.TEXT.RELATED_HOUR_21.BODY.P021,1,0,55,JESUS,NO
PASSION24.TEXT.RELATED_HOUR_21.BODY.P030,1,0,101,JESUS,NO
PASSION24.TEXT.RELATED_HOUR_21.BODY.P031,1,0,64,JESUS,NO
PASSION24.TEXT.RELATED_HOUR_21.BODY.P032,1,0,38,JESUS,NO
PASSION24.TEXT.RELATED_HOUR_21.BODY.P033,1,0,52,JESUS,NO
PASSION24.TEXT.RELATED_HOUR_21.BODY.P034,1,0,103,JESUS,NO
PASSION24.TEXT.RELATED_HOUR_21.BODY.P035,1,0,150,JESUS,NO
PASSION24.TEXT.RELATED_HOUR_21.BODY.P036,1,0,89,JESUS,NO
PASSION24.TEXT.RELATED_HOUR_21.BODY.P037,1,0,193,JESUS,NO
PASSION24.TEXT.RELATED_HOUR_21.BODY.P038,1,0,155,JESUS,NO
PASSION24.TEXT.RELATED_HOUR_21.BODY.P039,1,0,75,JESUS,NO
PASSION24.TEXT.RELATED_HOUR_21.BODY.P040,1,0,96,JESUS,NO
PASSION24.TEXT.RELATED_HOUR_21.BODY.P041,1,0,153,JESUS,NO
PASSION24.TEXT.RELATED_HOUR_21.BODY.P042,1,0,120,JESUS,NO
PASSION24.TEXT.RELATED_HOUR_21.BODY.P043,1,0,223,JESUS,NO
PASSION24.TEXT.RELATED_HOUR_21.BODY.P044,1,0,42,JESUS,NO
PASSION24.TEXT.RELATED_HOUR_21.BODY.P045,1,0,92,JESUS,NO
PASSION24.TEXT.RELATED_HOUR_21.BODY.P046,1,0,50,JESUS,NO
PASSION24.TEXT.RELATED_HOUR_21.BODY.P049,1,13,67,JESUS,NO
PASSION24.TEXT.RELATED_HOUR_21.BODY.P050,1,0,221,JESUS,NO
PASSION24.TEXT.RELATED_HOUR_21.BODY.P056,1,13,97,JESUS,NO
PASSION24.TEXT.RELATED_HOUR_21.BODY.P057,1,13,259,JESUS,NO
PASSION24.TEXT.RELATED_HOUR_21.BODY.P059,1,26,93,JESUS,YES
PASSION24.TEXT.RELATED_HOUR_21.BODY.P083,1,0,128,MARY,NO
PASSION24.TEXT.RELATED_HOUR_21.BODY.P084,1,0,414,MARY,NO
PASSION24.TEXT.RELATED_HOUR_21.BODY.P085,1,0,53,MARY,NO
PASSION24.TEXT.RELATED_HOUR_21.BODY.P089,1,0,299,JESUS,NO
PASSION24.TEXT.RELATED_HOUR_21.BODY.P090,1,0,281,JESUS,NO
PASSION24.TEXT.RELATED_HOUR_21.BODY.P093,1,54,292,JESUS,NO
PASSION24.TEXT.RELATED_HOUR_21.BODY.P094,1,0,267,JESUS,NO
PASSION24.TEXT.RELATED_HOUR_21.BODY.P095,1,0,105,JESUS,NO
PASSION24.TEXT.RELATED_HOUR_21.BODY.P096,1,0,74,JESUS,NO
PASSION24.TEXT.RELATED_HOUR_21.BODY.P103,1,0,70,JESUS,NO
PASSION24.TEXT.RELATED_HOUR_21.BODY.P104,1,0,85,JESUS,NO
PASSION24.TEXT.RELATED_HOUR_21.BODY.P105,1,0,60,JESUS,NO
PASSION24.TEXT.RELATED_HOUR_21.BODY.P106,1,0,167,JESUS,NO
PASSION24.TEXT.RELATED_HOUR_21.BODY.P107,1,0,54,JESUS,NO
PASSION24.TEXT.RELATED_HOUR_21.BODY.P108,1,0,1130,JESUS,NO
PASSION24.TEXT.RELATED_HOUR_21.BODY.P114,1,0,137,JESUS,NO
PASSION24.TEXT.RELATED_HOUR_21.BODY.P115,1,0,170,JESUS,NO
PASSION24.TEXT.RELATED_HOUR_21.BODY.P116,1,0,452,JESUS,NO
PASSION24.TEXT.RELATED_HOUR_21.BODY.P117,1,0,628,JESUS,NO
PASSION24.TEXT.RELATED_HOUR_21.BODY.P118,1,0,58,JESUS,NO
PASSION24.TEXT.RELATED_HOUR_21.BODY.P119,1,0,535,JESUS,NO
PASSION24.TEXT.RELATED_HOUR_21.BODY.P120,1,0,123,JESUS,NO
PASSION24.TEXT.RELATED_HOUR_21.BODY.P121,1,0,198,JESUS,NO
PASSION24.TEXT.RELATED_HOUR_21.BODY.P122,1,0,349,JESUS,NO
PASSION24.TEXT.RELATED_HOUR_21.BODY.P123,1,0,224,JESUS,NO
PASSION24.TEXT.RELATED_HOUR_21.BODY.P128,1,0,114,JESUS,NO
PASSION24.TEXT.RELATED_HOUR_21.BODY.P129,1,0,164,JESUS,NO
PASSION24.TEXT.RELATED_HOUR_21.BODY.P130,1,0,375,JESUS,NO
PASSION24.TEXT.RELATED_HOUR_21.BODY.P131,1,0,128,JESUS,NO
PASSION24.TEXT.RELATED_HOUR_21.BODY.P132,1,0,152,JESUS,NO
PASSION24.TEXT.RELATED_HOUR_21.BODY.P133,1,0,191,JESUS,NO
PASSION24.TEXT.RELATED_HOUR_21.BODY.P134,1,0,206,JESUS,NO
PASSION24.TEXT.RELATED_HOUR_21.BODY.P135,1,0,137,JESUS,NO
PASSION24.TEXT.RELATED_HOUR_21.BODY.P136,1,0,137,JESUS,NO
PASSION24.TEXT.RELATED_HOUR_21.BODY.P137,1,0,219,JESUS,NO
PASSION24.TEXT.RELATED_HOUR_21.BODY.P139,1,0,95,JESUS,NO
PASSION24.TEXT.RELATED_HOUR_21.BODY.P140,1,0,177,JESUS,NO
PASSION24.TEXT.RELATED_HOUR_21.BODY.P141,1,0,264,JESUS,NO
PASSION24.TEXT.RELATED_HOUR_21.BODY.P142,1,0,148,JESUS,NO
PASSION24.TEXT.RELATED_HOUR_21.BODY.P143,1,0,234,JESUS,NO
PASSION24.TEXT.RELATED_HOUR_21.BODY.P144,1,0,160,JESUS,NO
PASSION24.TEXT.RELATED_HOUR_21.BODY.P145,1,0,288,JESUS,NO
PASSION24.TEXT.RELATED_HOUR_21.BODY.P146,1,0,306,JESUS,NO
PASSION24.TEXT.RELATED_HOUR_21.BODY.P147,1,0,164,JESUS,NO
PASSION24.TEXT.RELATED_HOUR_21.BODY.P148,1,0,206,JESUS,NO
PASSION24.TEXT.RELATED_HOUR_21.BODY.P149,1,0,93,JESUS,NO
PASSION24.TEXT.RELATED_HOUR_21.BODY.P150,1,0,148,JESUS,NO
PASSION24.TEXT.RELATED_HOUR_21.BODY.P151,1,0,233,JESUS,NO
PASSION24.TEXT.RELATED_HOUR_21.BODY.P153,1,0,203,JESUS,NO
PASSION24.TEXT.RELATED_HOUR_21.BODY.P154,1,0,289,JESUS,NO
PASSION24.TEXT.RELATED_HOUR_21.BODY.P155,1,0,138,JESUS,NO
PASSION24.TEXT.RELATED_HOUR_21.BODY.P156,1,0,307,JESUS,NO
PASSION24.TEXT.RELATED_HOUR_21.BODY.P157,1,0,249,JESUS,NO
PASSION24.TEXT.RELATED_HOUR_21.BODY.P158,1,0,183,JESUS,NO
PASSION24.TEXT.RELATED_HOUR_21.BODY.P159,1,0,142,JESUS,NO
PASSION24.TEXT.RELATED_HOUR_21.BODY.P160,1,0,219,JESUS,NO
PASSION24.TEXT.RELATED_HOUR_21.BODY.P161,1,0,239,JESUS,NO
PASSION24.TEXT.RELATED_HOUR_21.BODY.P162,1,0,229,JESUS,NO
PASSION24.TEXT.RELATED_HOUR_21.BODY.P163,1,0,355,JESUS,NO
PASSION24.TEXT.RELATED_HOUR_21.BODY.P164,1,0,163,JESUS,NO
PASSION24.TEXT.RELATED_HOUR_21.BODY.P165,1,0,358,JESUS,NO
PASSION24.TEXT.RELATED_HOUR_21.BODY.P166,1,0,352,JESUS,NO
PASSION24.TEXT.RELATED_HOUR_21.BODY.P167,1,0,56,JESUS,NO
PASSION24.TEXT.RELATED_HOUR_21.BODY.P168,1,0,285,JESUS,NO
PASSION24.TEXT.RELATED_HOUR_21.BODY.P169,1,17,170,JESUS,NO
PASSION24.TEXT.RELATED_HOUR_21.BODY.P170,1,0,232,JESUS,NO
PASSION24.TEXT.RELATED_HOUR_21.BODY.P171,1,0,151,JESUS,NO
PASSION24.TEXT.RELATED_HOUR_21.BODY.P172,1,0,208,JESUS,NO
PASSION24.TEXT.RELATED_HOUR_21.BODY.P173,1,0,345,JESUS,NO
PASSION24.TEXT.RELATED_HOUR_21.BODY.P174,1,0,126,JESUS,NO
PASSION24.TEXT.RELATED_HOUR_21.BODY.P175,1,0,143,JESUS,NO
PASSION24.TEXT.RELATED_HOUR_21.BODY.P176,1,0,212,JESUS,NO
PASSION24.TEXT.RELATED_HOUR_21.BODY.P177,1,0,198,JESUS,NO
PASSION24.TEXT.RELATED_HOUR_21.BODY.P178,1,0,191,JESUS,NO
PASSION24.TEXT.RELATED_HOUR_21.BODY.P179,1,0,34,JESUS,NO
PASSION24.TEXT.RELATED_HOUR_22.BODY.P009,1,136,344,JESUS,NO
PASSION24.TEXT.RELATED_HOUR_22.BODY.P010,1,0,277,JESUS,NO
PASSION24.TEXT.RELATED_HOUR_22.BODY.P011,1,0,139,JESUS,NO
PASSION24.TEXT.RELATED_HOUR_22.BODY.P012,1,0,191,JESUS,NO
PASSION24.TEXT.RELATED_HOUR_22.BODY.P013,1,0,197,JESUS,NO
PASSION24.TEXT.RELATED_HOUR_22.BODY.P016,1,0,120,JESUS,NO
PASSION24.TEXT.RELATED_HOUR_22.BODY.P017,1,0,121,JESUS,NO
PASSION24.TEXT.RELATED_HOUR_22.BODY.P018,1,0,90,JESUS,NO
PASSION24.TEXT.RELATED_HOUR_22.BODY.P019,1,0,196,JESUS,NO
PASSION24.TEXT.RELATED_HOUR_22.BODY.P020,1,0,46,JESUS,NO
PASSION24.TEXT.RELATED_HOUR_22.BODY.P021,1,0,196,JESUS,NO
PASSION24.TEXT.RELATED_HOUR_22.BODY.P022,1,0,193,JESUS,NO
PASSION24.TEXT.RELATED_HOUR_22.BODY.P026,1,0,164,JESUS,NO
PASSION24.TEXT.RELATED_HOUR_22.BODY.P027,1,0,92,JESUS,NO
PASSION24.TEXT.RELATED_HOUR_22.BODY.P028,1,0,171,JESUS,NO
PASSION24.TEXT.RELATED_HOUR_22.BODY.P029,1,0,160,JESUS,NO
PASSION24.TEXT.RELATED_HOUR_22.BODY.P030,1,0,217,JESUS,NO
PASSION24.TEXT.RELATED_HOUR_22.BODY.P031,1,0,177,JESUS,NO
PASSION24.TEXT.RELATED_HOUR_22.BODY.P032,1,0,177,JESUS,NO
PASSION24.TEXT.RELATED_HOUR_22.BODY.P033,1,0,212,JESUS,NO
PASSION24.TEXT.RELATED_HOUR_22.BODY.P034,1,0,77,JESUS,NO
PASSION24.TEXT.RELATED_HOUR_22.BODY.P036,1,50,276,JESUS,NO
PASSION24.TEXT.RELATED_HOUR_22.BODY.P037,1,0,75,JESUS,NO
PASSION24.TEXT.RELATED_HOUR_22.BODY.P040,1,0,217,JESUS,NO
PASSION24.TEXT.RELATED_HOUR_22.BODY.P041,1,0,87,JESUS,NO
PASSION24.TEXT.RELATED_HOUR_22.BODY.P042,1,0,209,JESUS,NO
PASSION24.TEXT.RELATED_HOUR_22.BODY.P043,1,0,52,JESUS,NO
PASSION24.TEXT.RELATED_HOUR_22.BODY.P044,1,0,104,JESUS,NO
PASSION24.TEXT.RELATED_HOUR_22.BODY.P045,1,0,252,JESUS,NO
PASSION24.TEXT.RELATED_HOUR_22.BODY.P046,1,0,138,JESUS,NO
PASSION24.TEXT.RELATED_HOUR_22.BODY.P047,1,0,303,JESUS,NO
PASSION24.TEXT.RELATED_HOUR_22.BODY.P048,1,0,185,JESUS,NO
PASSION24.TEXT.RELATED_HOUR_22.BODY.P049,1,0,108,JESUS,NO
PASSION24.TEXT.RELATED_HOUR_22.BODY.P050,1,0,181,JESUS,NO
PASSION24.TEXT.RELATED_HOUR_22.BODY.P054,1,13,76,JESUS,NO
PASSION24.TEXT.RELATED_HOUR_22.BODY.P055,1,0,87,JESUS,NO
PASSION24.TEXT.RELATED_HOUR_22.BODY.P056,1,0,70,JESUS,NO
PASSION24.TEXT.RELATED_HOUR_22.BODY.P057,1,0,106,JESUS,NO
PASSION24.TEXT.RELATED_HOUR_22.BODY.P062,1,0,174,JESUS,NO
PASSION24.TEXT.RELATED_HOUR_22.BODY.P063,1,0,345,JESUS,NO
PASSION24.TEXT.RELATED_HOUR_22.BODY.P064,1,0,213,JESUS,NO
PASSION24.TEXT.RELATED_HOUR_22.BODY.P065,1,0,82,JESUS,NO
PASSION24.TEXT.RELATED_HOUR_22.BODY.P066,1,0,67,JESUS,NO
PASSION24.TEXT.RELATED_HOUR_22.BODY.P067,1,0,65,JESUS,NO
PASSION24.TEXT.RELATED_HOUR_22.BODY.P068,1,0,126,JESUS,NO
PASSION24.TEXT.RELATED_HOUR_22.BODY.P069,1,0,49,JESUS,NO
PASSION24.TEXT.RELATED_HOUR_22.BODY.P070,1,0,111,JESUS,NO
PASSION24.TEXT.RELATED_HOUR_22.BODY.P071,1,0,389,JESUS,NO
PASSION24.TEXT.RELATED_HOUR_22.BODY.P072,1,0,55,JESUS,NO
PASSION24.TEXT.RELATED_HOUR_22.BODY.P073,1,0,289,JESUS,NO
PASSION24.TEXT.RELATED_HOUR_22.BODY.P074,1,0,59,JESUS,NO
PASSION24.TEXT.RELATED_HOUR_22.BODY.P075,1,0,183,JESUS,NO
PASSION24.TEXT.RELATED_HOUR_22.BODY.P076,1,0,153,JESUS,NO
PASSION24.TEXT.RELATED_HOUR_22.BODY.P077,1,0,25,JESUS,NO
PASSION24.TEXT.RELATED_HOUR_22.BODY.P078,1,0,274,JESUS,NO
PASSION24.TEXT.RELATED_HOUR_22.BODY.P079,1,0,210,JESUS,NO
PASSION24.TEXT.RELATED_HOUR_22.BODY.P080,1,0,106,JESUS,NO
PASSION24.TEXT.RELATED_HOUR_22.BODY.P081,1,0,210,JESUS,NO
PASSION24.TEXT.RELATED_HOUR_22.BODY.P082,1,0,136,JESUS,NO
PASSION24.TEXT.RELATED_HOUR_22.BODY.P083,1,0,210,JESUS,NO
PASSION24.TEXT.RELATED_HOUR_22.BODY.P084,1,0,117,JESUS,NO
PASSION24.TEXT.RELATED_HOUR_22.BODY.P085,1,0,318,JESUS,NO
PASSION24.TEXT.RELATED_HOUR_22.BODY.P088,1,32,338,JESUS,NO
PASSION24.TEXT.RELATED_HOUR_22.BODY.P089,1,0,208,JESUS,NO
PASSION24.TEXT.RELATED_HOUR_22.BODY.P090,1,0,215,JESUS,NO
PASSION24.TEXT.RELATED_HOUR_22.BODY.P091,1,0,161,JESUS,NO
PASSION24.TEXT.RELATED_HOUR_22.BODY.P092,1,0,128,JESUS,NO
PASSION24.TEXT.RELATED_HOUR_22.BODY.P093,1,0,179,JESUS,NO
PASSION24.TEXT.RELATED_HOUR_22.BODY.P094,1,0,111,JESUS,NO
PASSION24.TEXT.RELATED_HOUR_22.BODY.P095,1,0,62,JESUS,NO
PASSION24.TEXT.RELATED_HOUR_22.BODY.P095,2,134,302,JESUS,NO
PASSION24.TEXT.RELATED_HOUR_22.BODY.P096,1,97,240,JESUS,NO
PASSION24.TEXT.RELATED_HOUR_22.BODY.P097,1,0,219,JESUS,NO
PASSION24.TEXT.RELATED_HOUR_22.BODY.P098,1,0,113,JESUS,NO
PASSION24.TEXT.RELATED_HOUR_23.BODY.P008,1,0,126,JESUS,NO
PASSION24.TEXT.RELATED_HOUR_23.BODY.P009,1,0,60,JESUS,NO
PASSION24.TEXT.RELATED_HOUR_23.BODY.P010,1,0,221,JESUS,NO
PASSION24.TEXT.RELATED_HOUR_23.BODY.P011,1,0,96,JESUS,NO
PASSION24.TEXT.RELATED_HOUR_23.BODY.P012,1,0,77,JESUS,NO
PASSION24.TEXT.RELATED_HOUR_23.BODY.P013,1,0,139,JESUS,NO
PASSION24.TEXT.RELATED_HOUR_23.BODY.P014,1,0,197,JESUS,NO
PASSION24.TEXT.RELATED_HOUR_23.BODY.P015,1,0,62,JESUS,NO
PASSION24.TEXT.RELATED_HOUR_23.BODY.P016,1,0,267,JESUS,NO
PASSION24.TEXT.RELATED_HOUR_23.BODY.P017,1,0,108,JESUS,NO
PASSION24.TEXT.RELATED_HOUR_23.BODY.P018,1,0,147,JESUS,NO
PASSION24.TEXT.RELATED_HOUR_23.BODY.P019,1,0,95,JESUS,NO
PASSION24.TEXT.RELATED_HOUR_23.BODY.P020,1,0,147,JESUS,NO
PASSION24.TEXT.RELATED_HOUR_23.BODY.P021,1,0,185,JESUS,NO
PASSION24.TEXT.RELATED_HOUR_23.BODY.P022,1,0,101,JESUS,NO
PASSION24.TEXT.RELATED_HOUR_23.BODY.P023,1,0,328,JESUS,NO
PASSION24.TEXT.RELATED_HOUR_23.BODY.P024,1,0,63,JESUS,NO
PASSION24.TEXT.RELATED_HOUR_23.BODY.P025,1,0,102,JESUS,NO
PASSION24.TEXT.RELATED_HOUR_23.BODY.P026,1,0,231,JESUS,NO
PASSION24.TEXT.RELATED_HOUR_23.BODY.P027,1,0,64,JESUS,NO
PASSION24.TEXT.RELATED_HOUR_23.BODY.P028,1,0,254,JESUS,NO
PASSION24.TEXT.RELATED_HOUR_23.BODY.P029,1,0,116,JESUS,NO
PASSION24.TEXT.RELATED_HOUR_23.BODY.P030,1,0,133,JESUS,NO
PASSION24.TEXT.RELATED_HOUR_23.BODY.P034,1,0,96,JESUS,NO
PASSION24.TEXT.RELATED_HOUR_23.BODY.P035,1,0,63,JESUS,NO
PASSION24.TEXT.RELATED_HOUR_23.BODY.P036,1,0,82,JESUS,NO
PASSION24.TEXT.RELATED_HOUR_23.BODY.P037,1,0,143,JESUS,NO
PASSION24.TEXT.RELATED_HOUR_23.BODY.P038,1,0,297,JESUS,NO
PASSION24.TEXT.RELATED_HOUR_23.BODY.P039,1,0,270,JESUS,NO
PASSION24.TEXT.RELATED_HOUR_23.BODY.P040,1,0,322,JESUS,NO
PASSION24.TEXT.RELATED_HOUR_23.BODY.P041,1,0,130,JESUS,NO
PASSION24.TEXT.RELATED_HOUR_23.BODY.P042,1,0,104,JESUS,NO
PASSION24.TEXT.RELATED_HOUR_23.BODY.P043,1,0,210,JESUS,NO
PASSION24.TEXT.RELATED_HOUR_23.BODY.P044,1,0,208,JESUS,NO
PASSION24.TEXT.RELATED_HOUR_23.BODY.P050,1,0,201,JESUS,NO
PASSION24.TEXT.RELATED_HOUR_23.BODY.P051,1,0,109,JESUS,NO
PASSION24.TEXT.RELATED_HOUR_23.BODY.P052,1,0,175,JESUS,NO
PASSION24.TEXT.RELATED_HOUR_23.BODY.P053,1,0,91,JESUS,NO
PASSION24.TEXT.RELATED_HOUR_23.BODY.P054,1,0,130,JESUS,NO
PASSION24.TEXT.RELATED_HOUR_23.BODY.P055,1,0,59,JESUS,NO
PASSION24.TEXT.RELATED_HOUR_23.BODY.P056,1,0,115,JESUS,NO
PASSION24.TEXT.RELATED_HOUR_23.BODY.P057,1,0,132,JESUS,NO
PASSION24.TEXT.RELATED_HOUR_23.BODY.P058,1,0,141,JESUS,NO
PASSION24.TEXT.RELATED_HOUR_23.BODY.P059,1,0,141,JESUS,NO
PASSION24.TEXT.RELATED_HOUR_23.BODY.P060,1,0,56,JESUS,NO
PASSION24.TEXT.RELATED_HOUR_23.BODY.P061,1,0,191,JESUS,NO
PASSION24.TEXT.RELATED_HOUR_23.BODY.P062,1,0,47,JESUS,NO
PASSION24.TEXT.RELATED_HOUR_23.BODY.P063,1,0,55,JESUS,NO
PASSION24.TEXT.RELATED_HOUR_23.BODY.P064,1,0,90,JESUS,NO
PASSION24.TEXT.RELATED_HOUR_23.BODY.P065,1,0,139,JESUS,NO
PASSION24.TEXT.RELATED_HOUR_23.BODY.P066,1,0,70,JESUS,NO
PASSION24.TEXT.RELATED_HOUR_23.BODY.P067,1,0,52,JESUS,NO
PASSION24.TEXT.RELATED_HOUR_23.BODY.P068,1,0,51,JESUS,NO
PASSION24.TEXT.RELATED_HOUR_23.BODY.P069,1,0,97,JESUS,NO
PASSION24.TEXT.RELATED_HOUR_23.BODY.P070,1,0,123,JESUS,NO
PASSION24.TEXT.RELATED_HOUR_23.BODY.P071,1,0,60,JESUS,NO
PASSION24.TEXT.RELATED_HOUR_23.BODY.P072,1,0,91,JESUS,NO
PASSION24.TEXT.RELATED_HOUR_23.BODY.P073,1,0,162,JESUS,NO
PASSION24.TEXT.RELATED_HOUR_23.BODY.P074,1,0,99,JESUS,NO
PASSION24.TEXT.RELATED_HOUR_23.BODY.P075,1,0,63,JESUS,NO
PASSION24.TEXT.RELATED_HOUR_23.BODY.P076,1,0,52,JESUS,NO
PASSION24.TEXT.RELATED_HOUR_23.BODY.P077,1,0,61,JESUS,NO
PASSION24.TEXT.RELATED_HOUR_23.BODY.P078,1,0,122,JESUS,NO
PASSION24.TEXT.RELATED_HOUR_23.BODY.P079,1,0,62,JESUS,NO
PASSION24.TEXT.RELATED_HOUR_23.BODY.P080,1,0,69,JESUS,NO
PASSION24.TEXT.RELATED_HOUR_23.BODY.P081,1,0,54,JESUS,NO
PASSION24.TEXT.RELATED_HOUR_23.BODY.P082,1,0,68,JESUS,NO
PASSION24.TEXT.RELATED_HOUR_23.BODY.P083,1,0,134,JESUS,NO
PASSION24.TEXT.RELATED_HOUR_23.BODY.P084,1,0,84,JESUS,NO
PASSION24.TEXT.RELATED_HOUR_23.BODY.P085,1,0,113,JESUS,NO
PASSION24.TEXT.RELATED_HOUR_23.BODY.P086,1,0,90,JESUS,NO
PASSION24.TEXT.RELATED_HOUR_23.BODY.P087,1,0,72,JESUS,NO
PASSION24.TEXT.RELATED_HOUR_23.BODY.P088,1,0,95,JESUS,NO
PASSION24.TEXT.RELATED_HOUR_23.BODY.P089,1,0,59,JESUS,NO
PASSION24.TEXT.RELATED_HOUR_24.BODY.P008,1,41,118,JESUS,NO
PASSION24.TEXT.RELATED_HOUR_24.BODY.P010,1,13,368,JESUS,NO
PASSION24.TEXT.RELATED_HOUR_24.BODY.P011,1,13,244,JESUS,NO
PASSION24.TEXT.RELATED_HOUR_24.BODY.P012,1,0,150,JESUS,NO
PASSION24.TEXT.RELATED_HOUR_24.BODY.P013,1,0,133,JESUS,NO
PASSION24.TEXT.RELATED_HOUR_24.BODY.P014,1,0,423,JESUS,NO
PASSION24.TEXT.RELATED_HOUR_24.BODY.P015,1,0,74,JESUS,NO
PASSION24.TEXT.RELATED_HOUR_24.BODY.P016,1,0,181,JESUS,NO
PASSION24.TEXT.RELATED_HOUR_24.BODY.P017,1,0,216,JESUS,NO
PASSION24.TEXT.RELATED_HOUR_24.BODY.P020,1,0,115,JESUS,NO
PASSION24.TEXT.RELATED_HOUR_24.BODY.P021,1,0,150,JESUS,NO
PASSION24.TEXT.RELATED_HOUR_24.BODY.P022,1,201,218,JESUS,NO
PASSION24.TEXT.RELATED_HOUR_24.BODY.P031,1,0,70,JESUS,NO
PASSION24.TEXT.RELATED_HOUR_24.BODY.P032,1,0,64,JESUS,NO
PASSION24.TEXT.RELATED_HOUR_24.BODY.P033,1,0,46,JESUS,NO
PASSION24.TEXT.RELATED_HOUR_24.BODY.P034,1,0,52,JESUS,NO
PASSION24.TEXT.RELATED_HOUR_24.BODY.P035,1,0,204,JESUS,NO
PASSION24.TEXT.RELATED_HOUR_24.BODY.P036,1,0,109,JESUS,NO
PASSION24.TEXT.RELATED_HOUR_24.BODY.P037,1,0,169,JESUS,NO
PASSION24.TEXT.RELATED_HOUR_24.BODY.P038,1,0,52,JESUS,NO
PASSION24.TEXT.RELATED_HOUR_24.BODY.P039,1,0,138,JESUS,NO
PASSION24.TEXT.RELATED_HOUR_24.BODY.P040,1,0,176,JESUS,NO
PASSION24.TEXT.RELATED_HOUR_24.BODY.P041,1,0,38,JESUS,NO
PASSION24.TEXT.RELATED_HOUR_24.BODY.P042,1,0,41,JESUS,NO
PASSION24.TEXT.RELATED_HOUR_24.BODY.P043,1,0,100,JESUS,NO
PASSION24.TEXT.RELATED_HOUR_24.BODY.P044,1,0,99,JESUS,NO
PASSION24.TEXT.RELATED_HOUR_24.BODY.P045,1,0,74,JESUS,NO
PASSION24.TEXT.RELATED_HOUR_24.BODY.P054,1,0,94,JESUS,NO
PASSION24.TEXT.RELATED_HOUR_24.BODY.P057,1,0,332,JESUS,NO
PASSION24.TEXT.RELATED_HOUR_24.BODY.P058,1,0,124,JESUS,NO
PASSION24.TEXT.RELATED_HOUR_24.BODY.P059,1,0,291,JESUS,NO
PASSION24.TEXT.RELATED_HOUR_24.BODY.P060,1,0,580,JESUS,NO
PASSION24.TEXT.RELATED_HOUR_24.BODY.P061,1,0,262,JESUS,NO
PASSION24.TEXT.RELATED_HOUR_24.BODY.P062,1,0,349,JESUS,NO
PASSION24.TEXT.RELATED_HOUR_24.BODY.P063,1,0,61,JESUS,NO
PASSION24.TEXT.RELATED_HOUR_24.BODY.P064,1,0,119,JESUS,NO
PASSION24.TEXT.RELATED_HOUR_24.BODY.P065,1,0,184,JESUS,NO
PASSION24.TEXT.RELATED_HOUR_24.BODY.P066,1,0,166,JESUS,NO
PASSION24.TEXT.RELATED_HOUR_24.BODY.P067,1,0,173,JESUS,NO
PASSION24.TEXT.RELATED_HOUR_24.BODY.P068,1,0,348,JESUS,NO
PASSION24.TEXT.RELATED_HOUR_24.BODY.P069,1,0,1608,JESUS,NO
PASSION24.TEXT.RELATED_HOUR_24.BODY.P070,1,0,150,JESUS,NO
PASSION24.TEXT.RELATED_HOUR_24.BODY.P071,1,0,92,JESUS,NO
PASSION24.TEXT.RELATED_HOUR_24.BODY.P072,1,0,70,JESUS,NO
PASSION24.TEXT.RELATED_HOUR_24.BODY.P073,1,0,38,JESUS,NO
PASSION24.TEXT.RELATED_HOUR_24.BODY.P074,1,0,77,JESUS,NO
PASSION24.TEXT.RELATED_HOUR_24.BODY.P075,1,0,63,JESUS,NO
PASSION24.TEXT.RELATED_HOUR_24.BODY.P076,1,0,45,JESUS,NO
PASSION24.TEXT.RELATED_HOUR_24.BODY.P077,1,0,70,JESUS,NO
PASSION24.TEXT.RELATED_HOUR_24.BODY.P078,1,0,266,JESUS,NO
PASSION24.TEXT.RELATED_HOUR_24.BODY.P079,1,0,113,JESUS,NO
PASSION24.TEXT.RELATED_HOUR_24.BODY.P080,1,0,241,JESUS,NO
PASSION24.TEXT.RELATED_HOUR_24.BODY.P081,1,0,81,JESUS,NO
PASSION24.TEXT.RELATED_HOUR_24.BODY.P082,1,0,96,JESUS,NO
PASSION24.TEXT.RELATED_HOUR_24.BODY.P083,1,0,160,JESUS,NO
PASSION24.TEXT.RELATED_HOUR_24.BODY.P084,1,0,506,JESUS,NO
PASSION24.TEXT.RELATED_HOUR_24.BODY.P085,1,0,180,JESUS,NO
PASSION24.TEXT.RELATED_HOUR_24.BODY.P086,1,0,635,JESUS,NO
PASSION24.TEXT.RELATED_HOUR_24.BODY.P087,1,0,259,JESUS,NO
PASSION24.TEXT.RELATED_HOUR_24.BODY.P088,1,0,202,JESUS,NO
PASSION24.TEXT.RELATED_HOUR_24.BODY.P089,1,0,57,JESUS,NO
PASSION24.TEXT.SHARED_T09_1910_07_04_AGONY_CROSS_LAST_BREATH.BODY.P003,1,13,193,JESUS,NO
PASSION24.TEXT.SHARED_T09_1910_07_04_AGONY_CROSS_LAST_BREATH.BODY.P004,1,0,262,JESUS,NO
PASSION24.TEXT.SHARED_T09_1910_07_04_AGONY_CROSS_LAST_BREATH.BODY.P005,1,0,359,JESUS,NO
PASSION24.TEXT.SHARED_T09_1910_07_04_AGONY_CROSS_LAST_BREATH.BODY.P006,1,0,36,JESUS,NO
PASSION24.TEXT.SHARED_T09_1910_07_04_AGONY_CROSS_LAST_BREATH.BODY.P007,1,0,155,JESUS,NO
PASSION24.TEXT.SHARED_T09_1910_07_04_AGONY_CROSS_LAST_BREATH.BODY.P008,1,0,149,JESUS,NO
PASSION24.TEXT.SHARED_T09_1910_07_04_AGONY_CROSS_LAST_BREATH.BODY.P009,1,0,101,JESUS,NO
PASSION24.TEXT.SHARED_T09_1910_07_04_AGONY_CROSS_LAST_BREATH.BODY.P010,1,0,110,JESUS,NO
PASSION24.TEXT.SHARED_T09_1910_07_04_AGONY_CROSS_LAST_BREATH.BODY.P011,1,0,306,JESUS,NO
PASSION24.TEXT.SHARED_T09_1910_07_04_AGONY_CROSS_LAST_BREATH.BODY.P012,1,0,238,JESUS,NO
PASSION24.TEXT.SHARED_T09_1910_07_04_AGONY_CROSS_LAST_BREATH.BODY.P013,1,0,132,JESUS,NO
PASSION24.TEXT.SHARED_T09_1910_07_04_AGONY_CROSS_LAST_BREATH.BODY.P014,1,0,292,JESUS,NO
PASSION24.TEXT.SHARED_T09_1910_07_04_AGONY_CROSS_LAST_BREATH.BODY.P015,1,0,123,JESUS,NO
PASSION24.TEXT.SHARED_T09_1910_07_04_AGONY_CROSS_LAST_BREATH.BODY.P016,1,0,214,JESUS,NO
PASSION24.TEXT.SHARED_T09_1910_07_04_AGONY_CROSS_LAST_BREATH.BODY.P017,1,0,163,JESUS,NO
PASSION24.TEXT.SHARED_T09_1910_07_04_AGONY_CROSS_LAST_BREATH.BODY.P018,1,0,89,JESUS,NO
PASSION24.TEXT.SHARED_T09_1910_07_04_AGONY_CROSS_LAST_BREATH.BODY.P019,1,0,467,JESUS,NO
