sequence,target_id,offset,char,depth,role,paired_target,paired_offset
PASSION24.HOUR.01:med,PASSION24.HOUR.01.P008,85,«,1,QUOTED_FORMULA_OR_TITLE_KEEP,PASSION24.HOUR.01.P008,109
PASSION24.HOUR.01:med,PASSION24.HOUR.01.P008,109,»,1,QUOTED_FORMULA_OR_TITLE_KEEP,PASSION24.HOUR.01.P008,85
PASSION24.HOUR.01:med,PASSION24.HOUR.01.P009,147,«,1,NARRATIVE_QUOTE_KEEP,PASSION24.HOUR.01.P009,161
PASSION24.HOUR.01:med,PASSION24.HOUR.01.P009,161,»,1,NARRATIVE_QUOTE_KEEP,PASSION24.HOUR.01.P009,147
PASSION24.HOUR.01:med,PASSION24.HOUR.01.P010,194,«,1,NARRATIVE_QUOTE_KEEP,PASSION24.HOUR.01.P010,208
PASSION24.HOUR.01:med,PASSION24.HOUR.01.P010,208,»,1,NARRATIVE_QUOTE_KEEP,PASSION24.HOUR.01.P010,194
PASSION24.HOUR.01:med,PASSION24.HOUR.01.P011,321,«,1,NARRATIVE_QUOTE_KEEP,PASSION24.HOUR.01.P011,335
PASSION24.HOUR.01:med,PASSION24.HOUR.01.P011,335,»,1,NARRATIVE_QUOTE_KEEP,PASSION24.HOUR.01.P011,321
PASSION24.HOUR.01:med,PASSION24.HOUR.01.P014,92,«,1,OUTER_DIVINE_OPEN_WRAPPER_HIDE,PASSION24.HOUR.01.P014,118
PASSION24.HOUR.01:med,PASSION24.HOUR.01.P014,118,»,1,OUTER_DIVINE_CLOSE_WRAPPER_HIDE,PASSION24.HOUR.01.P014,92
PASSION24.HOUR.01:med,PASSION24.HOUR.01.P018,145,«,1,NARRATIVE_QUOTE_KEEP,PASSION24.HOUR.01.P018,159
PASSION24.HOUR.01:med,PASSION24.HOUR.01.P018,159,»,1,NARRATIVE_QUOTE_KEEP,PASSION24.HOUR.01.P018,145
PASSION24.HOUR.01:ref,PASSION24.HOUR.01.REF.P009,312,«,1,NARRATIVE_QUOTE_KEEP,PASSION24.HOUR.01.REF.P009,326
PASSION24.HOUR.01:ref,PASSION24.HOUR.01.REF.P009,326,»,1,NARRATIVE_QUOTE_KEEP,PASSION24.HOUR.01.REF.P009,312
PASSION24.HOUR.02:med,PASSION24.HOUR.02.P009,0,«,1,OUTER_DIVINE_OPEN_WRAPPER_HIDE,PASSION24.HOUR.02.P009,93
PASSION24.HOUR.02:med,PASSION24.HOUR.02.P009,93,»,1,OUTER_DIVINE_CLOSE_WRAPPER_HIDE,PASSION24.HOUR.02.P009,0
PASSION24.HOUR.02:med,PASSION24.HOUR.02.P012,262,«,1,OUTER_DIVINE_OPEN_WRAPPER_HIDE,PASSION24.HOUR.02.P012,390
PASSION24.HOUR.02:med,PASSION24.HOUR.02.P012,390,»,1,OUTER_DIVINE_CLOSE_WRAPPER_HIDE,PASSION24.HOUR.02.P012,262
PASSION24.HOUR.02:med,PASSION24.HOUR.02.P014,0,«,1,OUTER_DIVINE_OPEN_WRAPPER_HIDE,PASSION24.HOUR.02.P014,202
PASSION24.HOUR.02:med,PASSION24.HOUR.02.P014,202,»,1,OUTER_DIVINE_CLOSE_WRAPPER_HIDE,PASSION24.HOUR.02.P014,0
PASSION24.HOUR.02:med,PASSION24.HOUR.02.P015,13,«,1,OUTER_DIVINE_OPEN_WRAPPER_HIDE,PASSION24.HOUR.02.P015,146
PASSION24.HOUR.02:med,PASSION24.HOUR.02.P015,146,»,1,OUTER_DIVINE_CLOSE_WRAPPER_HIDE,PASSION24.HOUR.02.P015,13
PASSION24.HOUR.03:med,PASSION24.HOUR.03.P003,0,«,1,OUTER_DIVINE_OPEN_WRAPPER_HIDE,PASSION24.HOUR.03.P003,102
PASSION24.HOUR.03:med,PASSION24.HOUR.03.P003,102,»,1,OUTER_DIVINE_CLOSE_WRAPPER_HIDE,PASSION24.HOUR.03.P003,0
PASSION24.HOUR.03:ref,PASSION24.HOUR.03.REF.P009,315,«,1,NARRATIVE_QUOTE_KEEP,PASSION24.HOUR.03.REF.P009,327
PASSION24.HOUR.03:ref,PASSION24.HOUR.03.REF.P009,327,»,1,NARRATIVE_QUOTE_KEEP,PASSION24.HOUR.03.REF.P009,315
PASSION24.HOUR.03:ref,PASSION24.HOUR.03.REF.P010,79,«,1,NARRATIVE_QUOTE_KEEP,PASSION24.HOUR.03.REF.P010,91
PASSION24.HOUR.03:ref,PASSION24.HOUR.03.REF.P010,91,»,1,NARRATIVE_QUOTE_KEEP,PASSION24.HOUR.03.REF.P010,79
PASSION24.HOUR.03:ref,PASSION24.HOUR.03.REF.P011,37,«,1,NARRATIVE_QUOTE_KEEP,PASSION24.HOUR.03.REF.P011,49
PASSION24.HOUR.03:ref,PASSION24.HOUR.03.REF.P011,49,»,1,NARRATIVE_QUOTE_KEEP,PASSION24.HOUR.03.REF.P011,37
PASSION24.HOUR.03:ref,PASSION24.HOUR.03.REF.P012,55,«,1,NARRATIVE_QUOTE_KEEP,PASSION24.HOUR.03.REF.P012,67
PASSION24.HOUR.03:ref,PASSION24.HOUR.03.REF.P012,67,»,1,NARRATIVE_QUOTE_KEEP,PASSION24.HOUR.03.REF.P012,55
PASSION24.HOUR.03:ref,PASSION24.HOUR.03.REF.P013,70,«,1,NARRATIVE_QUOTE_KEEP,PASSION24.HOUR.03.REF.P013,82
PASSION24.HOUR.03:ref,PASSION24.HOUR.03.REF.P013,82,»,1,NARRATIVE_QUOTE_KEEP,PASSION24.HOUR.03.REF.P013,70
PASSION24.HOUR.04:med,PASSION24.HOUR.04.P003,58,«,1,NARRATIVE_QUOTE_KEEP,PASSION24.HOUR.04.P003,89
PASSION24.HOUR.04:med,PASSION24.HOUR.04.P003,89,»,1,NARRATIVE_QUOTE_KEEP,PASSION24.HOUR.04.P003,58
PASSION24.HOUR.04:med,PASSION24.HOUR.04.P005,0,«,1,OUTER_DIVINE_OPEN_WRAPPER_HIDE,PASSION24.HOUR.04.P010,142
PASSION24.HOUR.04:med,PASSION24.HOUR.04.P010,142,»,1,OUTER_DIVINE_CLOSE_WRAPPER_HIDE,PASSION24.HOUR.04.P005,0
PASSION24.HOUR.04:med,PASSION24.HOUR.04.P020,0,«,1,OUTER_DIVINE_OPEN_WRAPPER_HIDE,PASSION24.HOUR.04.P021,190
PASSION24.HOUR.04:med,PASSION24.HOUR.04.P021,190,»,1,OUTER_DIVINE_CLOSE_WRAPPER_HIDE,PASSION24.HOUR.04.P020,0
PASSION24.HOUR.04:med,PASSION24.HOUR.04.P028,0,«,1,NARRATIVE_QUOTE_KEEP,PASSION24.HOUR.04.P028,238
PASSION24.HOUR.04:med,PASSION24.HOUR.04.P028,238,»,1,NARRATIVE_QUOTE_KEEP,PASSION24.HOUR.04.P028,0
PASSION24.HOUR.04:med,PASSION24.HOUR.04.P029,0,«,1,OUTER_DIVINE_OPEN_WRAPPER_HIDE,PASSION24.HOUR.04.P034,112
PASSION24.HOUR.04:med,PASSION24.HOUR.04.P034,112,»,1,OUTER_DIVINE_CLOSE_WRAPPER_HIDE,PASSION24.HOUR.04.P029,0
PASSION24.HOUR.04:med,PASSION24.HOUR.04.P062,19,«,1,OUTER_DIVINE_OPEN_WRAPPER_HIDE,PASSION24.HOUR.04.P065,92
PASSION24.HOUR.04:med,PASSION24.HOUR.04.P065,92,»,1,OUTER_DIVINE_CLOSE_WRAPPER_HIDE,PASSION24.HOUR.04.P062,19
PASSION24.HOUR.05:med,PASSION24.HOUR.05.P002,29,«,1,NARRATIVE_QUOTE_KEEP,PASSION24.HOUR.05.P002,189
PASSION24.HOUR.05:med,PASSION24.HOUR.05.P002,189,»,1,NARRATIVE_QUOTE_KEEP,PASSION24.HOUR.05.P002,29
PASSION24.HOUR.05:med,PASSION24.HOUR.05.P005,59,«,1,NARRATIVE_QUOTE_KEEP,PASSION24.HOUR.05.P005,223
PASSION24.HOUR.05:med,PASSION24.HOUR.05.P005,223,»,1,NARRATIVE_QUOTE_KEEP,PASSION24.HOUR.05.P005,59
PASSION24.HOUR.05:med,PASSION24.HOUR.05.P008,134,«,1,NARRATIVE_QUOTE_KEEP,PASSION24.HOUR.05.P008,151
PASSION24.HOUR.05:med,PASSION24.HOUR.05.P008,151,»,1,NARRATIVE_QUOTE_KEEP,PASSION24.HOUR.05.P008,134
PASSION24.HOUR.05:med,PASSION24.HOUR.05.P009,58,«,1,OUTER_DIVINE_OPEN_WRAPPER_HIDE,PASSION24.HOUR.05.P012,132
PASSION24.HOUR.05:med,PASSION24.HOUR.05.P012,132,»,1,OUTER_DIVINE_CLOSE_WRAPPER_HIDE,PASSION24.HOUR.05.P009,58
PASSION24.HOUR.05:med,PASSION24.HOUR.05.P013,0,«,1,NARRATIVE_QUOTE_KEEP,PASSION24.HOUR.05.P013,109
PASSION24.HOUR.05:med,PASSION24.HOUR.05.P013,109,»,1,NARRATIVE_QUOTE_KEEP,PASSION24.HOUR.05.P013,0
PASSION24.HOUR.05:med,PASSION24.HOUR.05.P015,0,«,1,NARRATIVE_QUOTE_KEEP,PASSION24.HOUR.05.P015,114
PASSION24.HOUR.05:med,PASSION24.HOUR.05.P015,114,»,1,NARRATIVE_QUOTE_KEEP,PASSION24.HOUR.05.P015,0
PASSION24.HOUR.05:med,PASSION24.HOUR.05.P024,25,«,1,NARRATIVE_QUOTE_KEEP,PASSION24.HOUR.05.P024,146
PASSION24.HOUR.05:med,PASSION24.HOUR.05.P024,146,»,1,NARRATIVE_QUOTE_KEEP,PASSION24.HOUR.05.P024,25
PASSION24.HOUR.05:med,PASSION24.HOUR.05.P025,0,«,1,OUTER_DIVINE_OPEN_WRAPPER_HIDE,PASSION24.HOUR.05.P028,482
PASSION24.HOUR.05:med,PASSION24.HOUR.05.P028,482,»,1,OUTER_DIVINE_CLOSE_WRAPPER_HIDE,PASSION24.HOUR.05.P025,0
PASSION24.HOUR.05:ref,PASSION24.HOUR.05.REF.P004,50,«,1,NARRATIVE_QUOTE_KEEP,PASSION24.HOUR.05.REF.P004,232
PASSION24.HOUR.05:ref,PASSION24.HOUR.05.REF.P004,232,»,1,NARRATIVE_QUOTE_KEEP,PASSION24.HOUR.05.REF.P004,50
PASSION24.HOUR.05:ref,PASSION24.HOUR.05.REF.P005,0,«,1,OUTER_DIVINE_OPEN_WRAPPER_HIDE,PASSION24.HOUR.05.REF.P005,141
PASSION24.HOUR.05:ref,PASSION24.HOUR.05.REF.P005,141,»,1,OUTER_DIVINE_CLOSE_WRAPPER_HIDE,PASSION24.HOUR.05.REF.P005,0
PASSION24.HOUR.05:ref,PASSION24.HOUR.05.REF.P005,252,«,1,NARRATIVE_QUOTE_KEEP,PASSION24.HOUR.05.REF.P005,351
PASSION24.HOUR.05:ref,PASSION24.HOUR.05.REF.P005,351,»,1,NARRATIVE_QUOTE_KEEP,PASSION24.HOUR.05.REF.P005,252
PASSION24.HOUR.06:med,PASSION24.HOUR.06.P012,0,«,1,OUTER_DIVINE_OPEN_WRAPPER_HIDE,PASSION24.HOUR.06.P012,105
PASSION24.HOUR.06:med,PASSION24.HOUR.06.P012,105,»,1,OUTER_DIVINE_CLOSE_WRAPPER_HIDE,PASSION24.HOUR.06.P012,0
PASSION24.HOUR.06:med,PASSION24.HOUR.06.P012,280,«,1,NARRATIVE_QUOTE_KEEP,PASSION24.HOUR.06.P012,300
PASSION24.HOUR.06:med,PASSION24.HOUR.06.P012,300,»,1,NARRATIVE_QUOTE_KEEP,PASSION24.HOUR.06.P012,280
PASSION24.HOUR.06:med,PASSION24.HOUR.06.P014,0,«,1,OUTER_DIVINE_OPEN_WRAPPER_HIDE,PASSION24.HOUR.06.P014,141
PASSION24.HOUR.06:med,PASSION24.HOUR.06.P014,141,»,1,OUTER_DIVINE_CLOSE_WRAPPER_HIDE,PASSION24.HOUR.06.P014,0
PASSION24.HOUR.06:ref,PASSION24.HOUR.06.REF.P004,337,«,1,NARRATIVE_QUOTE_KEEP,PASSION24.HOUR.06.REF.P004,404
PASSION24.HOUR.06:ref,PASSION24.HOUR.06.REF.P004,404,»,1,NARRATIVE_QUOTE_KEEP,PASSION24.HOUR.06.REF.P004,337
PASSION24.HOUR.07:med,PASSION24.HOUR.07.P007,0,«,1,OUTER_DIVINE_OPEN_WRAPPER_HIDE,PASSION24.HOUR.07.P007,164
PASSION24.HOUR.07:med,PASSION24.HOUR.07.P007,164,»,1,OUTER_DIVINE_CLOSE_WRAPPER_HIDE,PASSION24.HOUR.07.P007,0
PASSION24.HOUR.07:med,PASSION24.HOUR.07.P013,0,«,1,OUTER_DIVINE_OPEN_WRAPPER_HIDE,PASSION24.HOUR.07.P015,146
PASSION24.HOUR.07:med,PASSION24.HOUR.07.P015,146,»,1,OUTER_DIVINE_CLOSE_WRAPPER_HIDE,PASSION24.HOUR.07.P013,0
PASSION24.HOUR.07:med,PASSION24.HOUR.07.P016,0,«,1,OUTER_DIVINE_OPEN_WRAPPER_HIDE,PASSION24.HOUR.07.P019,220
PASSION24.HOUR.07:med,PASSION24.HOUR.07.P019,220,»,1,OUTER_DIVINE_CLOSE_WRAPPER_HIDE,PASSION24.HOUR.07.P016,0
PASSION24.HOUR.07:med,PASSION24.HOUR.07.P028,0,«,1,OUTER_DIVINE_OPEN_WRAPPER_HIDE,PASSION24.HOUR.07.P030,21
PASSION24.HOUR.07:med,PASSION24.HOUR.07.P030,21,»,1,OUTER_DIVINE_CLOSE_WRAPPER_HIDE,PASSION24.HOUR.07.P028,0
PASSION24.HOUR.07:med,PASSION24.HOUR.07.P117,0,«,1,OUTER_DIVINE_OPEN_WRAPPER_HIDE,PASSION24.HOUR.07.P117,227
PASSION24.HOUR.07:med,PASSION24.HOUR.07.P117,227,»,1,OUTER_DIVINE_CLOSE_WRAPPER_HIDE,PASSION24.HOUR.07.P117,0
PASSION24.HOUR.07:med,PASSION24.HOUR.07.P117,537,«,1,NARRATIVE_QUOTE_KEEP,PASSION24.HOUR.07.P117,559
PASSION24.HOUR.07:med,PASSION24.HOUR.07.P117,559,»,1,NARRATIVE_QUOTE_KEEP,PASSION24.HOUR.07.P117,537
PASSION24.HOUR.07:med,PASSION24.HOUR.07.P118,266,«,1,NARRATIVE_QUOTE_KEEP,PASSION24.HOUR.07.P118,423
PASSION24.HOUR.07:med,PASSION24.HOUR.07.P118,423,»,1,NARRATIVE_QUOTE_KEEP,PASSION24.HOUR.07.P118,266
PASSION24.HOUR.07:med,PASSION24.HOUR.07.P121,0,«,1,OUTER_DIVINE_OPEN_WRAPPER_HIDE,PASSION24.HOUR.07.P125,127
PASSION24.HOUR.07:med,PASSION24.HOUR.07.P125,127,»,1,OUTER_DIVINE_CLOSE_WRAPPER_HIDE,PASSION24.HOUR.07.P121,0
PASSION24.HOUR.07:ref,PASSION24.HOUR.07.REF.P004,555,«,1,NARRATIVE_QUOTE_KEEP,PASSION24.HOUR.07.REF.P004,688
PASSION24.HOUR.07:ref,PASSION24.HOUR.07.REF.P004,688,»,1,NARRATIVE_QUOTE_KEEP,PASSION24.HOUR.07.REF.P004,555
PASSION24.HOUR.08:med,PASSION24.HOUR.08.P007,73,«,1,QUOTED_FORMULA_OR_TITLE_KEEP,PASSION24.HOUR.08.P007,110
PASSION24.HOUR.08:med,PASSION24.HOUR.08.P007,110,»,1,QUOTED_FORMULA_OR_TITLE_KEEP,PASSION24.HOUR.08.P007,73
PASSION24.HOUR.08:med,PASSION24.HOUR.08.P008,0,«,1,OUTER_DIVINE_OPEN_WRAPPER_HIDE,PASSION24.HOUR.08.P008,41
PASSION24.HOUR.08:med,PASSION24.HOUR.08.P008,41,»,1,OUTER_DIVINE_CLOSE_WRAPPER_HIDE,PASSION24.HOUR.08.P008,0
PASSION24.HOUR.08:med,PASSION24.HOUR.08.P008,68,«,1,NARRATIVE_QUOTE_KEEP,PASSION24.HOUR.08.P008,100
PASSION24.HOUR.08:med,PASSION24.HOUR.08.P008,100,»,1,NARRATIVE_QUOTE_KEEP,PASSION24.HOUR.08.P008,68
PASSION24.HOUR.08:med,PASSION24.HOUR.08.P009,12,«,1,OUTER_DIVINE_OPEN_WRAPPER_HIDE,PASSION24.HOUR.08.P009,41
PASSION24.HOUR.08:med,PASSION24.HOUR.08.P009,41,»,1,OUTER_DIVINE_CLOSE_WRAPPER_HIDE,PASSION24.HOUR.08.P009,12
PASSION24.HOUR.08:med,PASSION24.HOUR.08.P009,110,«,1,OUTER_DIVINE_OPEN_WRAPPER_HIDE,PASSION24.HOUR.08.P009,139
PASSION24.HOUR.08:med,PASSION24.HOUR.08.P009,139,»,1,OUTER_DIVINE_CLOSE_WRAPPER_HIDE,PASSION24.HOUR.08.P009,110
PASSION24.HOUR.08:med,PASSION24.HOUR.08.P010,20,«,1,QUOTED_FORMULA_OR_TITLE_KEEP,PASSION24.HOUR.08.P010,48
PASSION24.HOUR.08:med,PASSION24.HOUR.08.P010,48,»,1,QUOTED_FORMULA_OR_TITLE_KEEP,PASSION24.HOUR.08.P010,20
PASSION24.HOUR.08:med,PASSION24.HOUR.08.P010,62,«,1,NARRATIVE_QUOTE_KEEP,PASSION24.HOUR.08.P010,91
PASSION24.HOUR.08:med,PASSION24.HOUR.08.P010,91,»,1,NARRATIVE_QUOTE_KEEP,PASSION24.HOUR.08.P010,62
PASSION24.HOUR.08:med,PASSION24.HOUR.08.P012,296,«,1,OUTER_DIVINE_OPEN_WRAPPER_HIDE,PASSION24.HOUR.08.P012,318
PASSION24.HOUR.08:med,PASSION24.HOUR.08.P012,318,»,1,OUTER_DIVINE_CLOSE_WRAPPER_HIDE,PASSION24.HOUR.08.P012,296
PASSION24.HOUR.08:med,PASSION24.HOUR.08.P013,22,«,1,NARRATIVE_QUOTE_KEEP,PASSION24.HOUR.08.P013,43
PASSION24.HOUR.08:med,PASSION24.HOUR.08.P013,43,»,1,NARRATIVE_QUOTE_KEEP,PASSION24.HOUR.08.P013,22
PASSION24.HOUR.08:med,PASSION24.HOUR.08.P014,20,«,1,OUTER_DIVINE_OPEN_WRAPPER_HIDE,PASSION24.HOUR.08.P014,33
PASSION24.HOUR.08:med,PASSION24.HOUR.08.P014,33,»,1,OUTER_DIVINE_CLOSE_WRAPPER_HIDE,PASSION24.HOUR.08.P014,20
PASSION24.HOUR.08:med,PASSION24.HOUR.08.P015,36,«,1,QUOTED_FORMULA_OR_TITLE_KEEP,PASSION24.HOUR.08.P015,49
PASSION24.HOUR.08:med,PASSION24.HOUR.08.P015,49,»,1,QUOTED_FORMULA_OR_TITLE_KEEP,PASSION24.HOUR.08.P015,36
PASSION24.HOUR.08:med,PASSION24.HOUR.08.P030,411,«,1,NARRATIVE_QUOTE_KEEP,PASSION24.HOUR.08.P030,425
PASSION24.HOUR.08:med,PASSION24.HOUR.08.P030,425,»,1,NARRATIVE_QUOTE_KEEP,PASSION24.HOUR.08.P030,411
PASSION24.HOUR.09:med,PASSION24.HOUR.09.P006,37,«,1,OUTER_DIVINE_OPEN_WRAPPER_HIDE,PASSION24.HOUR.09.P010,146
PASSION24.HOUR.09:med,PASSION24.HOUR.09.P010,146,»,1,OUTER_DIVINE_CLOSE_WRAPPER_HIDE,PASSION24.HOUR.09.P006,37
PASSION24.HOUR.10:med,PASSION24.HOUR.10.P002,139,«,1,QUOTED_FORMULA_OR_TITLE_KEEP,PASSION24.HOUR.10.P002,205
PASSION24.HOUR.10:med,PASSION24.HOUR.10.P002,205,»,1,QUOTED_FORMULA_OR_TITLE_KEEP,PASSION24.HOUR.10.P002,139
PASSION24.HOUR.11:med,PASSION24.HOUR.11.P006,194,«,1,OUTER_DIVINE_OPEN_WRAPPER_HIDE,PASSION24.HOUR.11.P010,140
PASSION24.HOUR.11:med,PASSION24.HOUR.11.P010,140,»,1,OUTER_DIVINE_CLOSE_WRAPPER_HIDE,PASSION24.HOUR.11.P006,194
PASSION24.HOUR.11:med,PASSION24.HOUR.11.P020,0,«,1,OUTER_DIVINE_OPEN_WRAPPER_HIDE,PASSION24.HOUR.11.P021,250
PASSION24.HOUR.11:med,PASSION24.HOUR.11.P021,250,»,1,OUTER_DIVINE_CLOSE_WRAPPER_HIDE,PASSION24.HOUR.11.P020,0
PASSION24.HOUR.11:med,PASSION24.HOUR.11.P027,67,«,1,REPORTED_QUOTE_KEEP,PASSION24.HOUR.11.P027,146
PASSION24.HOUR.11:med,PASSION24.HOUR.11.P027,146,»,1,REPORTED_QUOTE_KEEP,PASSION24.HOUR.11.P027,67
PASSION24.HOUR.11:med,PASSION24.HOUR.11.P030,0,«,1,OUTER_DIVINE_OPEN_WRAPPER_HIDE,PASSION24.HOUR.11.P030,124
PASSION24.HOUR.11:med,PASSION24.HOUR.11.P030,124,»,1,OUTER_DIVINE_CLOSE_WRAPPER_HIDE,PASSION24.HOUR.11.P030,0
PASSION24.HOUR.11:med,PASSION24.HOUR.11.P030,299,«,1,NARRATIVE_QUOTE_KEEP,PASSION24.HOUR.11.P030,450
PASSION24.HOUR.11:med,PASSION24.HOUR.11.P030,450,»,1,NARRATIVE_QUOTE_KEEP,PASSION24.HOUR.11.P030,299
PASSION24.HOUR.11:med,PASSION24.HOUR.11.P032,0,«,1,NARRATIVE_QUOTE_KEEP,PASSION24.HOUR.11.P032,54
PASSION24.HOUR.11:med,PASSION24.HOUR.11.P032,54,»,1,NARRATIVE_QUOTE_KEEP,PASSION24.HOUR.11.P032,0
PASSION24.HOUR.13:med,PASSION24.HOUR.13.P004,60,«,1,NARRATIVE_QUOTE_KEEP,PASSION24.HOUR.13.P004,100
PASSION24.HOUR.13:med,PASSION24.HOUR.13.P004,100,»,1,NARRATIVE_QUOTE_KEEP,PASSION24.HOUR.13.P004,60
PASSION24.HOUR.13:med,PASSION24.HOUR.13.P005,16,«,1,OUTER_DIVINE_OPEN_WRAPPER_HIDE,PASSION24.HOUR.13.P005,146
PASSION24.HOUR.13:med,PASSION24.HOUR.13.P005,146,»,1,OUTER_DIVINE_CLOSE_WRAPPER_HIDE,PASSION24.HOUR.13.P005,16
PASSION24.HOUR.13:med,PASSION24.HOUR.13.P007,0,«,1,OUTER_DIVINE_OPEN_WRAPPER_HIDE,PASSION24.HOUR.13.P009,156
PASSION24.HOUR.13:med,PASSION24.HOUR.13.P009,156,»,1,OUTER_DIVINE_CLOSE_WRAPPER_HIDE,PASSION24.HOUR.13.P007,0
PASSION24.HOUR.14:med,PASSION24.HOUR.14.P003,157,«,1,NARRATIVE_QUOTE_KEEP,PASSION24.HOUR.14.P003,189
PASSION24.HOUR.14:med,PASSION24.HOUR.14.P003,189,»,1,NARRATIVE_QUOTE_KEEP,PASSION24.HOUR.14.P003,157
PASSION24.HOUR.14:med,PASSION24.HOUR.14.P004,93,«,1,OUTER_DIVINE_OPEN_WRAPPER_HIDE,PASSION24.HOUR.14.P004,126
PASSION24.HOUR.14:med,PASSION24.HOUR.14.P004,126,»,1,OUTER_DIVINE_CLOSE_WRAPPER_HIDE,PASSION24.HOUR.14.P004,93
PASSION24.HOUR.14:med,PASSION24.HOUR.14.P005,143,«,1,NARRATIVE_QUOTE_KEEP,PASSION24.HOUR.14.P005,196
PASSION24.HOUR.14:med,PASSION24.HOUR.14.P005,196,»,1,NARRATIVE_QUOTE_KEEP,PASSION24.HOUR.14.P005,143
PASSION24.HOUR.15:med,PASSION24.HOUR.15.P004,16,«,1,NARRATIVE_QUOTE_KEEP,PASSION24.HOUR.15.P004,43
PASSION24.HOUR.15:med,PASSION24.HOUR.15.P004,43,»,1,NARRATIVE_QUOTE_KEEP,PASSION24.HOUR.15.P004,16
PASSION24.HOUR.15:med,PASSION24.HOUR.15.P005,0,«,1,OUTER_DIVINE_OPEN_WRAPPER_HIDE,PASSION24.HOUR.15.P005,161
PASSION24.HOUR.15:med,PASSION24.HOUR.15.P005,161,»,1,OUTER_DIVINE_CLOSE_WRAPPER_HIDE,PASSION24.HOUR.15.P005,0
PASSION24.HOUR.15:med,PASSION24.HOUR.15.P005,252,«,1,REPORTED_QUOTE_KEEP,PASSION24.HOUR.15.P005,275
PASSION24.HOUR.15:med,PASSION24.HOUR.15.P005,275,»,1,REPORTED_QUOTE_KEEP,PASSION24.HOUR.15.P005,252
PASSION24.HOUR.15:med,PASSION24.HOUR.15.P006,17,«,1,OUTER_DIVINE_OPEN_WRAPPER_HIDE,PASSION24.HOUR.15.P006,87
PASSION24.HOUR.15:med,PASSION24.HOUR.15.P006,87,»,1,OUTER_DIVINE_CLOSE_WRAPPER_HIDE,PASSION24.HOUR.15.P006,17
PASSION24.HOUR.15:med,PASSION24.HOUR.15.P007,140,«,1,REPORTED_QUOTE_KEEP,PASSION24.HOUR.15.P007,187
PASSION24.HOUR.15:med,PASSION24.HOUR.15.P007,187,»,1,REPORTED_QUOTE_KEEP,PASSION24.HOUR.15.P007,140
PASSION24.HOUR.16:med,PASSION24.HOUR.16.P002,136,«,1,NARRATIVE_QUOTE_KEEP,PASSION24.HOUR.16.P002,179
PASSION24.HOUR.16:med,PASSION24.HOUR.16.P002,179,»,1,NARRATIVE_QUOTE_KEEP,PASSION24.HOUR.16.P002,136
PASSION24.HOUR.16:med,PASSION24.HOUR.16.P006,62,«,1,NARRATIVE_QUOTE_KEEP,PASSION24.HOUR.16.P006,160
PASSION24.HOUR.16:med,PASSION24.HOUR.16.P006,160,»,1,NARRATIVE_QUOTE_KEEP,PASSION24.HOUR.16.P006,62
PASSION24.HOUR.16:med,PASSION24.HOUR.16.P008,0,«,1,OUTER_DIVINE_OPEN_WRAPPER_HIDE,PASSION24.HOUR.16.P015,102
PASSION24.HOUR.16:med,PASSION24.HOUR.16.P015,102,»,1,OUTER_DIVINE_CLOSE_WRAPPER_HIDE,PASSION24.HOUR.16.P008,0
PASSION24.HOUR.16:med,PASSION24.HOUR.16.P026,0,«,1,OUTER_DIVINE_OPEN_WRAPPER_HIDE,PASSION24.HOUR.16.P028,75
PASSION24.HOUR.16:med,PASSION24.HOUR.16.P028,75,»,1,OUTER_DIVINE_CLOSE_WRAPPER_HIDE,PASSION24.HOUR.16.P026,0
PASSION24.HOUR.16:med,PASSION24.HOUR.16.P041,0,«,1,OUTER_DIVINE_OPEN_WRAPPER_HIDE,PASSION24.HOUR.16.P045,192
PASSION24.HOUR.16:med,PASSION24.HOUR.16.P045,192,»,1,OUTER_DIVINE_CLOSE_WRAPPER_HIDE,PASSION24.HOUR.16.P041,0
PASSION24.HOUR.17:med,PASSION24.HOUR.17.P007,180,«,1,NARRATIVE_QUOTE_KEEP,PASSION24.HOUR.17.P007,207
PASSION24.HOUR.17:med,PASSION24.HOUR.17.P007,207,»,1,NARRATIVE_QUOTE_KEEP,PASSION24.HOUR.17.P007,180
PASSION24.HOUR.17:med,PASSION24.HOUR.17.P009,0,«,1,OUTER_DIVINE_OPEN_WRAPPER_HIDE,PASSION24.HOUR.17.P014,46
PASSION24.HOUR.17:med,PASSION24.HOUR.17.P014,46,»,1,OUTER_DIVINE_CLOSE_WRAPPER_HIDE,PASSION24.HOUR.17.P009,0
PASSION24.HOUR.17:med,PASSION24.HOUR.17.P024,181,«,1,OUTER_DIVINE_OPEN_WRAPPER_HIDE,PASSION24.HOUR.17.P027,153
PASSION24.HOUR.17:med,PASSION24.HOUR.17.P027,153,»,1,OUTER_DIVINE_CLOSE_WRAPPER_HIDE,PASSION24.HOUR.17.P024,181
PASSION24.HOUR.17:med,PASSION24.HOUR.17.P037,0,«,1,OUTER_DIVINE_OPEN_WRAPPER_HIDE,PASSION24.HOUR.17.P044,292
PASSION24.HOUR.17:med,PASSION24.HOUR.17.P044,292,»,1,OUTER_DIVINE_CLOSE_WRAPPER_HIDE,PASSION24.HOUR.17.P037,0
PASSION24.HOUR.17:med,PASSION24.HOUR.17.P045,29,«,1,NARRATIVE_QUOTE_KEEP,PASSION24.HOUR.17.P045,181
PASSION24.HOUR.17:med,PASSION24.HOUR.17.P045,181,»,1,NARRATIVE_QUOTE_KEEP,PASSION24.HOUR.17.P045,29
PASSION24.HOUR.17:med,PASSION24.HOUR.17.P047,0,«,1,NARRATIVE_QUOTE_KEEP,PASSION24.HOUR.17.P047,115
PASSION24.HOUR.17:med,PASSION24.HOUR.17.P047,115,»,1,NARRATIVE_QUOTE_KEEP,PASSION24.HOUR.17.P047,0
PASSION24.HOUR.17:med,PASSION24.HOUR.17.P047,174,«,1,REPORTED_QUOTE_KEEP,PASSION24.HOUR.17.P047,251
PASSION24.HOUR.17:med,PASSION24.HOUR.17.P047,251,»,1,REPORTED_QUOTE_KEEP,PASSION24.HOUR.17.P047,174
PASSION24.HOUR.17:med,PASSION24.HOUR.17.P048,114,«,1,OUTER_DIVINE_OPEN_WRAPPER_HIDE,PASSION24.HOUR.17.P048,271
PASSION24.HOUR.17:med,PASSION24.HOUR.17.P048,271,»,1,OUTER_DIVINE_CLOSE_WRAPPER_HIDE,PASSION24.HOUR.17.P048,114
PASSION24.HOUR.17:med,PASSION24.HOUR.17.P049,25,«,1,NARRATIVE_QUOTE_KEEP,PASSION24.HOUR.17.P049,37
PASSION24.HOUR.17:med,PASSION24.HOUR.17.P049,37,»,1,NARRATIVE_QUOTE_KEEP,PASSION24.HOUR.17.P049,25
PASSION24.HOUR.17:med,PASSION24.HOUR.17.P055,22,«,1,REPORTED_QUOTE_KEEP,PASSION24.HOUR.17.P055,261
PASSION24.HOUR.17:med,PASSION24.HOUR.17.P055,261,»,1,REPORTED_QUOTE_KEEP,PASSION24.HOUR.17.P055,22
PASSION24.HOUR.17:med,PASSION24.HOUR.17.P056,57,«,1,NARRATIVE_QUOTE_KEEP,PASSION24.HOUR.17.P056,109
PASSION24.HOUR.17:med,PASSION24.HOUR.17.P056,109,»,1,NARRATIVE_QUOTE_KEEP,PASSION24.HOUR.17.P056,57
PASSION24.HOUR.17:med,PASSION24.HOUR.17.P058,63,«,1,OUTER_DIVINE_OPEN_WRAPPER_HIDE,PASSION24.HOUR.17.P058,111
PASSION24.HOUR.17:med,PASSION24.HOUR.17.P058,111,»,1,OUTER_DIVINE_CLOSE_WRAPPER_HIDE,PASSION24.HOUR.17.P058,63
PASSION24.HOUR.17:med,PASSION24.HOUR.17.P059,97,«,1,OUTER_DIVINE_OPEN_WRAPPER_HIDE,PASSION24.HOUR.17.P059,123
PASSION24.HOUR.17:med,PASSION24.HOUR.17.P059,123,»,1,OUTER_DIVINE_CLOSE_WRAPPER_HIDE,PASSION24.HOUR.17.P059,97
PASSION24.HOUR.17:med,PASSION24.HOUR.17.P060,67,«,1,NARRATIVE_QUOTE_KEEP,PASSION24.HOUR.17.P060,95
PASSION24.HOUR.17:med,PASSION24.HOUR.17.P060,95,»,1,NARRATIVE_QUOTE_KEEP,PASSION24.HOUR.17.P060,67
PASSION24.HOUR.17:med,PASSION24.HOUR.17.P061,94,«,1,NARRATIVE_QUOTE_KEEP,PASSION24.HOUR.17.P061,110
PASSION24.HOUR.17:med,PASSION24.HOUR.17.P061,110,»,1,NARRATIVE_QUOTE_KEEP,PASSION24.HOUR.17.P061,94
PASSION24.HOUR.17:med,PASSION24.HOUR.17.P063,0,«,1,OUTER_DIVINE_OPEN_WRAPPER_HIDE,PASSION24.HOUR.17.P068,162
PASSION24.HOUR.17:med,PASSION24.HOUR.17.P068,162,»,1,OUTER_DIVINE_CLOSE_WRAPPER_HIDE,PASSION24.HOUR.17.P063,0
PASSION24.HOUR.17:med,PASSION24.HOUR.17.P070,76,«,1,REPORTED_QUOTE_KEEP,PASSION24.HOUR.17.P070,174
PASSION24.HOUR.17:med,PASSION24.HOUR.17.P070,174,»,1,REPORTED_QUOTE_KEEP,PASSION24.HOUR.17.P070,76
PASSION24.HOUR.17:med,PASSION24.HOUR.17.P071,45,«,1,NARRATIVE_QUOTE_KEEP,PASSION24.HOUR.17.P071,170
PASSION24.HOUR.17:med,PASSION24.HOUR.17.P071,170,»,1,NARRATIVE_QUOTE_KEEP,PASSION24.HOUR.17.P071,45
PASSION24.HOUR.17:med,PASSION24.HOUR.17.P073,126,«,1,REPORTED_QUOTE_KEEP,PASSION24.HOUR.17.P073,171
PASSION24.HOUR.17:med,PASSION24.HOUR.17.P073,171,»,1,REPORTED_QUOTE_KEEP,PASSION24.HOUR.17.P073,126
PASSION24.HOUR.17:med,PASSION24.HOUR.17.P074,26,«,1,NARRATIVE_QUOTE_KEEP,PASSION24.HOUR.17.P074,79
PASSION24.HOUR.17:med,PASSION24.HOUR.17.P074,79,»,1,NARRATIVE_QUOTE_KEEP,PASSION24.HOUR.17.P074,26
PASSION24.HOUR.17:ref,PASSION24.HOUR.17.REF.P011,0,«,1,OUTER_DIVINE_OPEN_WRAPPER_HIDE,PASSION24.HOUR.17.REF.P013,174
PASSION24.HOUR.17:ref,PASSION24.HOUR.17.REF.P013,174,»,1,OUTER_DIVINE_CLOSE_WRAPPER_HIDE,PASSION24.HOUR.17.REF.P011,0
PASSION24.HOUR.17:ref,PASSION24.HOUR.17.REF.P020,179,«,1,NARRATIVE_QUOTE_KEEP,PASSION24.HOUR.17.REF.P020,203
PASSION24.HOUR.17:ref,PASSION24.HOUR.17.REF.P020,203,»,1,NARRATIVE_QUOTE_KEEP,PASSION24.HOUR.17.REF.P020,179
PASSION24.HOUR.18:med,PASSION24.HOUR.18.P002,50,«,1,QUOTED_FORMULA_OR_TITLE_KEEP,PASSION24.HOUR.18.P002,60
PASSION24.HOUR.18:med,PASSION24.HOUR.18.P002,60,»,1,QUOTED_FORMULA_OR_TITLE_KEEP,PASSION24.HOUR.18.P002,50
PASSION24.HOUR.18:med,PASSION24.HOUR.18.P002,99,«,1,QUOTED_FORMULA_OR_TITLE_KEEP,PASSION24.HOUR.18.P002,109
PASSION24.HOUR.18:med,PASSION24.HOUR.18.P002,109,»,1,QUOTED_FORMULA_OR_TITLE_KEEP,PASSION24.HOUR.18.P002,99
PASSION24.HOUR.18:med,PASSION24.HOUR.18.P003,86,«,1,QUOTED_FORMULA_OR_TITLE_KEEP,PASSION24.HOUR.18.P003,96
PASSION24.HOUR.18:med,PASSION24.HOUR.18.P003,96,»,1,QUOTED_FORMULA_OR_TITLE_KEEP,PASSION24.HOUR.18.P003,86
PASSION24.HOUR.18:med,PASSION24.HOUR.18.P005,0,«,1,OUTER_DIVINE_OPEN_WRAPPER_HIDE,PASSION24.HOUR.18.P005,115
PASSION24.HOUR.18:med,PASSION24.HOUR.18.P005,115,»,1,OUTER_DIVINE_CLOSE_WRAPPER_HIDE,PASSION24.HOUR.18.P005,0
PASSION24.HOUR.18:med,PASSION24.HOUR.18.P014,0,«,1,OUTER_DIVINE_OPEN_WRAPPER_HIDE,PASSION24.HOUR.18.P021,78
PASSION24.HOUR.18:med,PASSION24.HOUR.18.P021,78,»,1,OUTER_DIVINE_CLOSE_WRAPPER_HIDE,PASSION24.HOUR.18.P014,0
PASSION24.HOUR.18:med,PASSION24.HOUR.18.P028,117,«,1,OUTER_DIVINE_OPEN_WRAPPER_HIDE,PASSION24.HOUR.18.P031,155
PASSION24.HOUR.18:med,PASSION24.HOUR.18.P031,155,»,1,OUTER_DIVINE_CLOSE_WRAPPER_HIDE,PASSION24.HOUR.18.P028,117
PASSION24.HOUR.18:med,PASSION24.HOUR.18.P091,0,«,1,NARRATIVE_QUOTE_KEEP,PASSION24.HOUR.18.P091,16
PASSION24.HOUR.18:med,PASSION24.HOUR.18.P091,16,»,1,NARRATIVE_QUOTE_KEEP,PASSION24.HOUR.18.P091,0
PASSION24.HOUR.18:med,PASSION24.HOUR.18.P092,311,«,1,NARRATIVE_QUOTE_KEEP,PASSION24.HOUR.18.P092,347
PASSION24.HOUR.18:med,PASSION24.HOUR.18.P092,347,»,1,NARRATIVE_QUOTE_KEEP,PASSION24.HOUR.18.P092,311
PASSION24.HOUR.18:med,PASSION24.HOUR.18.P093,155,«,1,NARRATIVE_QUOTE_KEEP,PASSION24.HOUR.18.P093,194
PASSION24.HOUR.18:med,PASSION24.HOUR.18.P093,194,»,1,NARRATIVE_QUOTE_KEEP,PASSION24.HOUR.18.P093,155
PASSION24.HOUR.18:med,PASSION24.HOUR.18.P093,379,«,1,NARRATIVE_QUOTE_KEEP,PASSION24.HOUR.18.P093,514
PASSION24.HOUR.18:med,PASSION24.HOUR.18.P093,514,»,1,NARRATIVE_QUOTE_KEEP,PASSION24.HOUR.18.P093,379
PASSION24.HOUR.18:med,PASSION24.HOUR.18.P101,0,«,1,OUTER_DIVINE_OPEN_WRAPPER_HIDE,PASSION24.HOUR.18.P101,81
PASSION24.HOUR.18:med,PASSION24.HOUR.18.P101,81,»,1,OUTER_DIVINE_CLOSE_WRAPPER_HIDE,PASSION24.HOUR.18.P101,0
PASSION24.HOUR.18:med,PASSION24.HOUR.18.P111,187,«,1,OUTER_DIVINE_OPEN_WRAPPER_HIDE,PASSION24.HOUR.18.P113,147
PASSION24.HOUR.18:med,PASSION24.HOUR.18.P113,147,»,1,OUTER_DIVINE_CLOSE_WRAPPER_HIDE,PASSION24.HOUR.18.P111,187
PASSION24.HOUR.19:med,PASSION24.HOUR.19.P015,0,«,1,OUTER_DIVINE_OPEN_WRAPPER_HIDE,PASSION24.HOUR.19.P018,94
PASSION24.HOUR.19:med,PASSION24.HOUR.19.P018,94,»,1,OUTER_DIVINE_CLOSE_WRAPPER_HIDE,PASSION24.HOUR.19.P015,0
PASSION24.HOUR.19:med,PASSION24.HOUR.19.P026,0,«,1,OUTER_DIVINE_OPEN_WRAPPER_HIDE,PASSION24.HOUR.19.P027,122
PASSION24.HOUR.19:med,PASSION24.HOUR.19.P027,122,»,1,OUTER_DIVINE_CLOSE_WRAPPER_HIDE,PASSION24.HOUR.19.P026,0
PASSION24.HOUR.19:med,PASSION24.HOUR.19.P057,336,«,1,NARRATIVE_QUOTE_KEEP,PASSION24.HOUR.19.P057,389
PASSION24.HOUR.19:med,PASSION24.HOUR.19.P057,389,»,1,NARRATIVE_QUOTE_KEEP,PASSION24.HOUR.19.P057,336
PASSION24.HOUR.19:med,PASSION24.HOUR.19.P079,0,«,1,OUTER_DIVINE_OPEN_WRAPPER_HIDE,PASSION24.HOUR.19.P081,173
PASSION24.HOUR.19:med,PASSION24.HOUR.19.P081,173,»,1,OUTER_DIVINE_CLOSE_WRAPPER_HIDE,PASSION24.HOUR.19.P079,0
PASSION24.HOUR.19:med,PASSION24.HOUR.19.P097,562,«,1,QUOTED_FORMULA_OR_TITLE_KEEP,PASSION24.HOUR.19.P099,196
PASSION24.HOUR.19:med,PASSION24.HOUR.19.P099,196,»,1,QUOTED_FORMULA_OR_TITLE_KEEP,PASSION24.HOUR.19.P097,562
PASSION24.HOUR.19:med,PASSION24.HOUR.19.P108,0,«,1,OUTER_DIVINE_OPEN_WRAPPER_HIDE,PASSION24.HOUR.19.P112,219
PASSION24.HOUR.19:med,PASSION24.HOUR.19.P112,219,»,1,OUTER_DIVINE_CLOSE_WRAPPER_HIDE,PASSION24.HOUR.19.P108,0
PASSION24.HOUR.19:med,PASSION24.HOUR.19.P121,358,«,1,OUTER_DIVINE_OPEN_WRAPPER_HIDE,PASSION24.HOUR.19.P121,415
PASSION24.HOUR.19:med,PASSION24.HOUR.19.P121,415,»,1,OUTER_DIVINE_CLOSE_WRAPPER_HIDE,PASSION24.HOUR.19.P121,358
PASSION24.HOUR.19:med,PASSION24.HOUR.19.P124,0,«,1,OUTER_DIVINE_OPEN_WRAPPER_HIDE,PASSION24.HOUR.19.P126,144
PASSION24.HOUR.19:med,PASSION24.HOUR.19.P126,144,»,1,OUTER_DIVINE_CLOSE_WRAPPER_HIDE,PASSION24.HOUR.19.P124,0
PASSION24.HOUR.19:med,PASSION24.HOUR.19.P133,0,«,1,OUTER_DIVINE_OPEN_WRAPPER_HIDE,PASSION24.HOUR.19.P137,118
PASSION24.HOUR.19:med,PASSION24.HOUR.19.P137,118,»,1,OUTER_DIVINE_CLOSE_WRAPPER_HIDE,PASSION24.HOUR.19.P133,0
PASSION24.HOUR.19:med,PASSION24.HOUR.19.P146,0,«,1,OUTER_DIVINE_OPEN_WRAPPER_HIDE,PASSION24.HOUR.19.P149,168
PASSION24.HOUR.19:med,PASSION24.HOUR.19.P149,168,»,1,OUTER_DIVINE_CLOSE_WRAPPER_HIDE,PASSION24.HOUR.19.P146,0
PASSION24.HOUR.19:med,PASSION24.HOUR.19.P164,0,«,1,OUTER_DIVINE_OPEN_WRAPPER_HIDE,PASSION24.HOUR.19.P165,149
PASSION24.HOUR.19:med,PASSION24.HOUR.19.P165,149,»,1,OUTER_DIVINE_CLOSE_WRAPPER_HIDE,PASSION24.HOUR.19.P164,0
PASSION24.HOUR.19:med,PASSION24.HOUR.19.P166,35,«,1,OUTER_DIVINE_OPEN_WRAPPER_HIDE,PASSION24.HOUR.19.P168,99
PASSION24.HOUR.19:med,PASSION24.HOUR.19.P168,99,»,1,OUTER_DIVINE_CLOSE_WRAPPER_HIDE,PASSION24.HOUR.19.P166,35
PASSION24.HOUR.19:med,PASSION24.HOUR.19.P186,91,«,1,QUOTED_FORMULA_OR_TITLE_KEEP,PASSION24.HOUR.19.P186,138
PASSION24.HOUR.19:med,PASSION24.HOUR.19.P186,138,»,1,QUOTED_FORMULA_OR_TITLE_KEEP,PASSION24.HOUR.19.P186,91
PASSION24.HOUR.19:med,PASSION24.HOUR.19.P203,0,«,1,NARRATIVE_QUOTE_KEEP,PASSION24.HOUR.19.P203,98
PASSION24.HOUR.19:med,PASSION24.HOUR.19.P203,98,»,1,NARRATIVE_QUOTE_KEEP,PASSION24.HOUR.19.P203,0
PASSION24.HOUR.19:ref,PASSION24.HOUR.19.REF.P006,62,«,1,NARRATIVE_QUOTE_KEEP,PASSION24.HOUR.19.REF.P006,212
PASSION24.HOUR.19:ref,PASSION24.HOUR.19.REF.P006,212,»,1,NARRATIVE_QUOTE_KEEP,PASSION24.HOUR.19.REF.P006,62
PASSION24.HOUR.19:ref,PASSION24.HOUR.19.REF.P007,58,«,1,NARRATIVE_QUOTE_KEEP,PASSION24.HOUR.19.REF.P007,437
PASSION24.HOUR.19:ref,PASSION24.HOUR.19.REF.P007,437,»,1,NARRATIVE_QUOTE_KEEP,PASSION24.HOUR.19.REF.P007,58
PASSION24.HOUR.19:ref,PASSION24.HOUR.19.REF.P007,465,«,1,REPORTED_QUOTE_KEEP,PASSION24.HOUR.19.REF.P011,257
PASSION24.HOUR.19:ref,PASSION24.HOUR.19.REF.P011,257,»,1,REPORTED_QUOTE_KEEP,PASSION24.HOUR.19.REF.P007,465
PASSION24.HOUR.19:ref,PASSION24.HOUR.19.REF.P012,68,«,1,REPORTED_QUOTE_KEEP,PASSION24.HOUR.19.REF.P013,235
PASSION24.HOUR.19:ref,PASSION24.HOUR.19.REF.P013,235,»,1,REPORTED_QUOTE_KEEP,PASSION24.HOUR.19.REF.P012,68
PASSION24.HOUR.20:med,PASSION24.HOUR.20.P001,21,«,1,QUOTED_FORMULA_OR_TITLE_KEEP,PASSION24.HOUR.20.P001,82
PASSION24.HOUR.20:med,PASSION24.HOUR.20.P001,82,»,1,QUOTED_FORMULA_OR_TITLE_KEEP,PASSION24.HOUR.20.P001,21
PASSION24.HOUR.20:med,PASSION24.HOUR.20.P010,0,«,1,OUTER_DIVINE_OPEN_WRAPPER_HIDE,PASSION24.HOUR.20.P010,62
PASSION24.HOUR.20:med,PASSION24.HOUR.20.P010,62,»,1,OUTER_DIVINE_CLOSE_WRAPPER_HIDE,PASSION24.HOUR.20.P010,0
PASSION24.HOUR.20:med,PASSION24.HOUR.20.P016,108,«,1,QUOTED_FORMULA_OR_TITLE_KEEP,PASSION24.HOUR.20.P016,187
PASSION24.HOUR.20:med,PASSION24.HOUR.20.P016,187,»,1,QUOTED_FORMULA_OR_TITLE_KEEP,PASSION24.HOUR.20.P016,108
PASSION24.HOUR.20:med,PASSION24.HOUR.20.P033,0,«,1,NARRATIVE_QUOTE_KEEP,PASSION24.HOUR.20.P033,170
PASSION24.HOUR.20:med,PASSION24.HOUR.20.P033,170,»,1,NARRATIVE_QUOTE_KEEP,PASSION24.HOUR.20.P033,0
PASSION24.HOUR.21:med,PASSION24.HOUR.21.P001,18,«,1,QUOTED_FORMULA_OR_TITLE_KEEP,PASSION24.HOUR.21.P001,63
PASSION24.HOUR.21:med,PASSION24.HOUR.21.P001,63,»,1,QUOTED_FORMULA_OR_TITLE_KEEP,PASSION24.HOUR.21.P001,18
PASSION24.HOUR.21:med,PASSION24.HOUR.21.P008,0,«,1,NARRATIVE_QUOTE_KEEP,PASSION24.HOUR.21.P008,65
PASSION24.HOUR.21:med,PASSION24.HOUR.21.P008,65,»,1,NARRATIVE_QUOTE_KEEP,PASSION24.HOUR.21.P008,0
PASSION24.HOUR.21:med,PASSION24.HOUR.21.P010,0,«,1,OUTER_DIVINE_OPEN_WRAPPER_HIDE,PASSION24.HOUR.21.P010,56
PASSION24.HOUR.21:med,PASSION24.HOUR.21.P010,56,»,1,OUTER_DIVINE_CLOSE_WRAPPER_HIDE,PASSION24.HOUR.21.P010,0
PASSION24.HOUR.21:med,PASSION24.HOUR.21.P019,0,«,1,OUTER_DIVINE_OPEN_WRAPPER_HIDE,PASSION24.HOUR.21.P019,46
PASSION24.HOUR.21:med,PASSION24.HOUR.21.P019,46,»,1,OUTER_DIVINE_CLOSE_WRAPPER_HIDE,PASSION24.HOUR.21.P019,0
PASSION24.HOUR.21:med,PASSION24.HOUR.21.P020,42,«,1,QUOTED_FORMULA_OR_TITLE_KEEP,PASSION24.HOUR.21.P020,68
PASSION24.HOUR.21:med,PASSION24.HOUR.21.P020,68,»,1,QUOTED_FORMULA_OR_TITLE_KEEP,PASSION24.HOUR.21.P020,42
PASSION24.HOUR.21:med,PASSION24.HOUR.21.P020,82,«,1,QUOTED_FORMULA_OR_TITLE_KEEP,PASSION24.HOUR.21.P020,100
PASSION24.HOUR.21:med,PASSION24.HOUR.21.P020,100,»,1,QUOTED_FORMULA_OR_TITLE_KEEP,PASSION24.HOUR.21.P020,82
PASSION24.HOUR.21:med,PASSION24.HOUR.21.P023,18,«,1,OUTER_DIVINE_OPEN_WRAPPER_HIDE,PASSION24.HOUR.21.P023,136
PASSION24.HOUR.21:med,PASSION24.HOUR.21.P023,136,»,1,OUTER_DIVINE_CLOSE_WRAPPER_HIDE,PASSION24.HOUR.21.P023,18
PASSION24.HOUR.21:med,PASSION24.HOUR.21.P025,91,«,1,QUOTED_FORMULA_OR_TITLE_KEEP,PASSION24.HOUR.21.P025,117
PASSION24.HOUR.21:med,PASSION24.HOUR.21.P025,117,»,1,QUOTED_FORMULA_OR_TITLE_KEEP,PASSION24.HOUR.21.P025,91
PASSION24.HOUR.21:med,PASSION24.HOUR.21.P025,138,«,1,QUOTED_FORMULA_OR_TITLE_KEEP,PASSION24.HOUR.21.P025,156
PASSION24.HOUR.21:med,PASSION24.HOUR.21.P025,156,»,1,QUOTED_FORMULA_OR_TITLE_KEEP,PASSION24.HOUR.21.P025,138
PASSION24.HOUR.21:med,PASSION24.HOUR.21.P027,0,«,1,OUTER_DIVINE_OPEN_WRAPPER_HIDE,PASSION24.HOUR.21.P027,215
PASSION24.HOUR.21:med,PASSION24.HOUR.21.P027,215,»,1,OUTER_DIVINE_CLOSE_WRAPPER_HIDE,PASSION24.HOUR.21.P027,0
PASSION24.HOUR.21:med,PASSION24.HOUR.21.P036,0,«,1,NARRATIVE_QUOTE_KEEP,PASSION24.HOUR.21.P036,15
PASSION24.HOUR.21:med,PASSION24.HOUR.21.P036,15,»,1,NARRATIVE_QUOTE_KEEP,PASSION24.HOUR.21.P036,0
PASSION24.HOUR.21:med,PASSION24.HOUR.21.P058,19,«,1,QUOTED_FORMULA_OR_TITLE_KEEP,PASSION24.HOUR.21.P058,70
PASSION24.HOUR.21:med,PASSION24.HOUR.21.P058,70,»,1,QUOTED_FORMULA_OR_TITLE_KEEP,PASSION24.HOUR.21.P058,19
PASSION24.HOUR.21:med,PASSION24.HOUR.21.P059,285,«,1,QUOTED_FORMULA_OR_TITLE_KEEP,PASSION24.HOUR.21.P059,336
PASSION24.HOUR.21:med,PASSION24.HOUR.21.P059,336,»,1,QUOTED_FORMULA_OR_TITLE_KEEP,PASSION24.HOUR.21.P059,285
PASSION24.HOUR.21:med,PASSION24.HOUR.21.P066,0,«,1,OUTER_DIVINE_OPEN_WRAPPER_HIDE,PASSION24.HOUR.21.P068,85
PASSION24.HOUR.21:med,PASSION24.HOUR.21.P068,85,»,1,OUTER_DIVINE_CLOSE_WRAPPER_HIDE,PASSION24.HOUR.21.P066,0
PASSION24.HOUR.21:med,PASSION24.HOUR.21.P070,35,«,1,NARRATIVE_QUOTE_KEEP,PASSION24.HOUR.21.P070,50
PASSION24.HOUR.21:med,PASSION24.HOUR.21.P070,50,»,1,NARRATIVE_QUOTE_KEEP,PASSION24.HOUR.21.P070,35
PASSION24.HOUR.21:med,PASSION24.HOUR.21.P083,0,«,1,OUTER_DIVINE_OPEN_WRAPPER_HIDE,PASSION24.HOUR.21.P083,41
PASSION24.HOUR.21:med,PASSION24.HOUR.21.P083,41,»,1,OUTER_DIVINE_CLOSE_WRAPPER_HIDE,PASSION24.HOUR.21.P083,0
PASSION24.HOUR.21:ref,PASSION24.HOUR.21.REF.P006,0,«,1,REPORTED_QUOTE_KEEP,PASSION24.HOUR.21.REF.P008,103
PASSION24.HOUR.21:ref,PASSION24.HOUR.21.REF.P008,103,»,1,REPORTED_QUOTE_KEEP,PASSION24.HOUR.21.REF.P006,0
PASSION24.HOUR.21:ref,PASSION24.HOUR.21.REF.P009,54,«,1,QUOTED_FORMULA_OR_TITLE_KEEP,PASSION24.HOUR.21.REF.P009,105
PASSION24.HOUR.21:ref,PASSION24.HOUR.21.REF.P009,105,»,1,QUOTED_FORMULA_OR_TITLE_KEEP,PASSION24.HOUR.21.REF.P009,54
PASSION24.HOUR.22:med,PASSION24.HOUR.22.P001,19,«,1,QUOTED_FORMULA_OR_TITLE_KEEP,PASSION24.HOUR.22.P001,33
PASSION24.HOUR.22:med,PASSION24.HOUR.22.P001,33,»,1,QUOTED_FORMULA_OR_TITLE_KEEP,PASSION24.HOUR.22.P001,19
PASSION24.HOUR.22:med,PASSION24.HOUR.22.P006,145,«,1,OUTER_DIVINE_OPEN_WRAPPER_HIDE,PASSION24.HOUR.22.P006,159
PASSION24.HOUR.22:med,PASSION24.HOUR.22.P006,159,»,1,OUTER_DIVINE_CLOSE_WRAPPER_HIDE,PASSION24.HOUR.22.P006,145
PASSION24.HOUR.22:med,PASSION24.HOUR.22.P007,0,«,1,OUTER_DIVINE_OPEN_WRAPPER_HIDE,PASSION24.HOUR.22.P009,28
PASSION24.HOUR.22:med,PASSION24.HOUR.22.P009,28,»,1,OUTER_DIVINE_CLOSE_WRAPPER_HIDE,PASSION24.HOUR.22.P007,0
PASSION24.HOUR.22:med,PASSION24.HOUR.22.P017,17,«,1,QUOTED_FORMULA_OR_TITLE_KEEP,PASSION24.HOUR.22.P017,39
PASSION24.HOUR.22:med,PASSION24.HOUR.22.P017,39,»,1,QUOTED_FORMULA_OR_TITLE_KEEP,PASSION24.HOUR.22.P017,17
PASSION24.HOUR.22:med,PASSION24.HOUR.22.P022,0,«,1,OUTER_DIVINE_OPEN_WRAPPER_HIDE,PASSION24.HOUR.22.P022,22
PASSION24.HOUR.22:med,PASSION24.HOUR.22.P022,22,»,1,OUTER_DIVINE_CLOSE_WRAPPER_HIDE,PASSION24.HOUR.22.P022,0
PASSION24.HOUR.22:med,PASSION24.HOUR.22.P024,18,«,1,QUOTED_FORMULA_OR_TITLE_KEEP,PASSION24.HOUR.22.P024,68
PASSION24.HOUR.22:med,PASSION24.HOUR.22.P024,68,»,1,QUOTED_FORMULA_OR_TITLE_KEEP,PASSION24.HOUR.22.P024,18
PASSION24.HOUR.22:med,PASSION24.HOUR.22.P028,96,«,1,OUTER_DIVINE_OPEN_WRAPPER_HIDE,PASSION24.HOUR.22.P028,188
PASSION24.HOUR.22:med,PASSION24.HOUR.22.P028,188,»,1,OUTER_DIVINE_CLOSE_WRAPPER_HIDE,PASSION24.HOUR.22.P028,96
PASSION24.HOUR.22:med,PASSION24.HOUR.22.P029,87,«,1,OUTER_DIVINE_OPEN_WRAPPER_HIDE,PASSION24.HOUR.22.P029,97
PASSION24.HOUR.22:med,PASSION24.HOUR.22.P029,97,»,1,OUTER_DIVINE_CLOSE_WRAPPER_HIDE,PASSION24.HOUR.22.P029,87
PASSION24.HOUR.22:med,PASSION24.HOUR.22.P030,67,«,1,OUTER_DIVINE_OPEN_WRAPPER_HIDE,PASSION24.HOUR.22.P030,120
PASSION24.HOUR.22:med,PASSION24.HOUR.22.P030,120,»,1,OUTER_DIVINE_CLOSE_WRAPPER_HIDE,PASSION24.HOUR.22.P030,67
PASSION24.HOUR.22:med,PASSION24.HOUR.22.P031,143,«,1,OUTER_DIVINE_OPEN_WRAPPER_HIDE,PASSION24.HOUR.22.P031,191
PASSION24.HOUR.22:med,PASSION24.HOUR.22.P031,191,»,1,OUTER_DIVINE_CLOSE_WRAPPER_HIDE,PASSION24.HOUR.22.P031,143
PASSION24.HOUR.22:med,PASSION24.HOUR.22.P038,0,«,1,NARRATIVE_QUOTE_KEEP,PASSION24.HOUR.22.P038,43
PASSION24.HOUR.22:med,PASSION24.HOUR.22.P038,43,»,1,NARRATIVE_QUOTE_KEEP,PASSION24.HOUR.22.P038,0
PASSION24.HOUR.22:med,PASSION24.HOUR.22.P041,0,«,1,OUTER_DIVINE_OPEN_WRAPPER_HIDE,PASSION24.HOUR.22.P041,67
PASSION24.HOUR.22:med,PASSION24.HOUR.22.P041,67,»,1,OUTER_DIVINE_CLOSE_WRAPPER_HIDE,PASSION24.HOUR.22.P041,0
PASSION24.HOUR.22:med,PASSION24.HOUR.22.P048,0,«,1,NARRATIVE_QUOTE_KEEP,PASSION24.HOUR.22.P048,47
PASSION24.HOUR.22:med,PASSION24.HOUR.22.P048,47,»,1,NARRATIVE_QUOTE_KEEP,PASSION24.HOUR.22.P048,0
PASSION24.HOUR.22:med,PASSION24.HOUR.22.P050,120,«,1,NARRATIVE_QUOTE_KEEP,PASSION24.HOUR.22.P050,167
PASSION24.HOUR.22:med,PASSION24.HOUR.22.P050,167,»,1,NARRATIVE_QUOTE_KEEP,PASSION24.HOUR.22.P050,120
PASSION24.HOUR.22:med,PASSION24.HOUR.22.P052,137,«,1,NARRATIVE_QUOTE_KEEP,PASSION24.HOUR.22.P052,184
PASSION24.HOUR.22:med,PASSION24.HOUR.22.P052,184,»,1,NARRATIVE_QUOTE_KEEP,PASSION24.HOUR.22.P052,137
PASSION24.HOUR.22:med,PASSION24.HOUR.22.P054,162,«,1,NARRATIVE_QUOTE_KEEP,PASSION24.HOUR.22.P054,209
PASSION24.HOUR.22:med,PASSION24.HOUR.22.P054,209,»,1,NARRATIVE_QUOTE_KEEP,PASSION24.HOUR.22.P054,162
PASSION24.HOUR.22:med,PASSION24.HOUR.22.P056,137,«,1,NARRATIVE_QUOTE_KEEP,PASSION24.HOUR.22.P056,184
PASSION24.HOUR.22:med,PASSION24.HOUR.22.P056,184,»,1,NARRATIVE_QUOTE_KEEP,PASSION24.HOUR.22.P056,137
PASSION24.HOUR.22:med,PASSION24.HOUR.22.P059,0,«,1,NARRATIVE_QUOTE_KEEP,PASSION24.HOUR.22.P059,47
PASSION24.HOUR.22:med,PASSION24.HOUR.22.P059,47,»,1,NARRATIVE_QUOTE_KEEP,PASSION24.HOUR.22.P059,0
PASSION24.HOUR.22:med,PASSION24.HOUR.22.P061,161,«,1,NARRATIVE_QUOTE_KEEP,PASSION24.HOUR.22.P061,208
PASSION24.HOUR.22:med,PASSION24.HOUR.22.P061,208,»,1,NARRATIVE_QUOTE_KEEP,PASSION24.HOUR.22.P061,161
PASSION24.HOUR.22:med,PASSION24.HOUR.22.P063,106,«,1,NARRATIVE_QUOTE_KEEP,PASSION24.HOUR.22.P063,153
PASSION24.HOUR.22:med,PASSION24.HOUR.22.P063,153,»,1,NARRATIVE_QUOTE_KEEP,PASSION24.HOUR.22.P063,106
PASSION24.HOUR.22:med,PASSION24.HOUR.22.P065,127,«,1,NARRATIVE_QUOTE_KEEP,PASSION24.HOUR.22.P065,174
PASSION24.HOUR.22:med,PASSION24.HOUR.22.P065,174,»,1,NARRATIVE_QUOTE_KEEP,PASSION24.HOUR.22.P065,127
PASSION24.HOUR.22:med,PASSION24.HOUR.22.P070,103,«,1,NARRATIVE_QUOTE_KEEP,PASSION24.HOUR.22.P070,150
PASSION24.HOUR.22:med,PASSION24.HOUR.22.P070,150,»,1,NARRATIVE_QUOTE_KEEP,PASSION24.HOUR.22.P070,103
PASSION24.HOUR.22:med,PASSION24.HOUR.22.P072,112,«,1,NARRATIVE_QUOTE_KEEP,PASSION24.HOUR.22.P072,168
PASSION24.HOUR.22:med,PASSION24.HOUR.22.P072,168,»,1,NARRATIVE_QUOTE_KEEP,PASSION24.HOUR.22.P072,112
PASSION24.HOUR.22:ref,PASSION24.HOUR.22.REF.P001,214,«,1,OUTER_DIVINE_OPEN_WRAPPER_HIDE,PASSION24.HOUR.22.REF.P001,236
PASSION24.HOUR.22:ref,PASSION24.HOUR.22.REF.P001,236,»,1,OUTER_DIVINE_CLOSE_WRAPPER_HIDE,PASSION24.HOUR.22.REF.P001,214
PASSION24.HOUR.23:med,PASSION24.HOUR.23.P011,12,«,1,OUTER_DIVINE_OPEN_WRAPPER_HIDE,PASSION24.HOUR.23.P018,133
PASSION24.HOUR.23:med,PASSION24.HOUR.23.P018,133,»,1,OUTER_DIVINE_CLOSE_WRAPPER_HIDE,PASSION24.HOUR.23.P011,12
PASSION24.HOUR.24:ref,PASSION24.HOUR.24.REF.P006,78,«,1,NARRATIVE_QUOTE_KEEP,PASSION24.HOUR.24.REF.P006,95
PASSION24.HOUR.24:ref,PASSION24.HOUR.24.REF.P006,95,»,1,NARRATIVE_QUOTE_KEEP,PASSION24.HOUR.24.REF.P006,78
PASSION24.HOUR.24:sub:0,PASSION24.HOUR.24.DESOL.P001,0,«,1,OUTER_DIVINE_OPEN_WRAPPER_HIDE,PASSION24.HOUR.24.DESOL.P001,140
PASSION24.HOUR.24:sub:0,PASSION24.HOUR.24.DESOL.P001,140,»,1,OUTER_DIVINE_CLOSE_WRAPPER_HIDE,PASSION24.HOUR.24.DESOL.P001,0
PASSION24.HOUR.24:sub:0,PASSION24.HOUR.24.DESOL.P009,0,«,1,OUTER_DIVINE_OPEN_WRAPPER_HIDE,PASSION24.HOUR.24.DESOL.P014,118
PASSION24.HOUR.24:sub:0,PASSION24.HOUR.24.DESOL.P014,118,»,1,OUTER_DIVINE_CLOSE_WRAPPER_HIDE,PASSION24.HOUR.24.DESOL.P009,0
PASSION24.HOUR.24:sub:0,PASSION24.HOUR.24.DESOL.P018,0,«,1,OUTER_DIVINE_OPEN_WRAPPER_HIDE,PASSION24.HOUR.24.DESOL.P019,175
PASSION24.HOUR.24:sub:0,PASSION24.HOUR.24.DESOL.P019,175,»,1,OUTER_DIVINE_CLOSE_WRAPPER_HIDE,PASSION24.HOUR.24.DESOL.P018,0
PASSION24.HOUR.24:sub:0,PASSION24.HOUR.24.DESOL.P022,0,«,1,OUTER_DIVINE_OPEN_WRAPPER_HIDE,PASSION24.HOUR.24.DESOL.P027,78
PASSION24.HOUR.24:sub:0,PASSION24.HOUR.24.DESOL.P027,78,»,1,OUTER_DIVINE_CLOSE_WRAPPER_HIDE,PASSION24.HOUR.24.DESOL.P022,0
PASSION24.HOUR.24:sub:0,PASSION24.HOUR.24.DESOL.P032,0,«,1,REPORTED_QUOTE_KEEP,PASSION24.HOUR.24.DESOL.P037,61
PASSION24.HOUR.24:sub:0,PASSION24.HOUR.24.DESOL.P037,61,»,1,REPORTED_QUOTE_KEEP,PASSION24.HOUR.24.DESOL.P032,0
PASSION24.HOUR.24:sub:0,PASSION24.HOUR.24.DESOL.P068,24,«,1,QUOTED_FORMULA_OR_TITLE_KEEP,PASSION24.HOUR.24.DESOL.P072,186
PASSION24.HOUR.24:sub:0,PASSION24.HOUR.24.DESOL.P072,186,»,1,QUOTED_FORMULA_OR_TITLE_KEEP,PASSION24.HOUR.24.DESOL.P068,24
PASSION24.HOUR.24:sub:0,PASSION24.HOUR.24.DESOL.P077,0,«,1,OUTER_DIVINE_OPEN_WRAPPER_HIDE,PASSION24.HOUR.24.DESOL.P077,119
PASSION24.HOUR.24:sub:0,PASSION24.HOUR.24.DESOL.P077,119,»,1,OUTER_DIVINE_CLOSE_WRAPPER_HIDE,PASSION24.HOUR.24.DESOL.P077,0
PASSION24.PRAYER.AFTER_EACH_HOUR,PASSION24.PRAYER.AFTER_EACH_HOUR.P002,74,«,1,NARRATIVE_QUOTE_KEEP,PASSION24.PRAYER.AFTER_EACH_HOUR.P002,82
PASSION24.PRAYER.AFTER_EACH_HOUR,PASSION24.PRAYER.AFTER_EACH_HOUR.P002,82,»,1,NARRATIVE_QUOTE_KEEP,PASSION24.PRAYER.AFTER_EACH_HOUR.P002,74
PASSION24.PRAYER.AFTER_EACH_HOUR,PASSION24.PRAYER.AFTER_EACH_HOUR.P002,90,«,1,NARRATIVE_QUOTE_KEEP,PASSION24.PRAYER.AFTER_EACH_HOUR.P002,102
PASSION24.PRAYER.AFTER_EACH_HOUR,PASSION24.PRAYER.AFTER_EACH_HOUR.P002,102,»,1,NARRATIVE_QUOTE_KEEP,PASSION24.PRAYER.AFTER_EACH_HOUR.P002,90
PASSION24.PRAYER.AFTER_EACH_HOUR,PASSION24.PRAYER.AFTER_EACH_HOUR.P006,115,«,1,NARRATIVE_QUOTE_KEEP,PASSION24.PRAYER.AFTER_EACH_HOUR.P006,129
PASSION24.PRAYER.AFTER_EACH_HOUR,PASSION24.PRAYER.AFTER_EACH_HOUR.P006,129,»,1,NARRATIVE_QUOTE_KEEP,PASSION24.PRAYER.AFTER_EACH_HOUR.P006,115
PASSION24.PRAYER.AFTER_EACH_HOUR,PASSION24.PRAYER.AFTER_EACH_HOUR.P008,202,«,1,NARRATIVE_QUOTE_KEEP,PASSION24.PRAYER.AFTER_EACH_HOUR.P008,214
PASSION24.PRAYER.AFTER_EACH_HOUR,PASSION24.PRAYER.AFTER_EACH_HOUR.P008,214,»,1,NARRATIVE_QUOTE_KEEP,PASSION24.PRAYER.AFTER_EACH_HOUR.P008,202
PASSION24.SECTION.BENEFITS,PASSION24.SECTION.BENEFITS.P004,97,«,1,OUTER_DIVINE_OPEN_WRAPPER_HIDE,PASSION24.SECTION.BENEFITS.P015,95
PASSION24.SECTION.BENEFITS,PASSION24.SECTION.BENEFITS.P015,95,»,1,OUTER_DIVINE_CLOSE_WRAPPER_HIDE,PASSION24.SECTION.BENEFITS.P004,97
PASSION24.SECTION.BENEFITS,PASSION24.SECTION.BENEFITS.P017,83,«,1,OUTER_DIVINE_OPEN_WRAPPER_HIDE,PASSION24.SECTION.BENEFITS.P018,15
PASSION24.SECTION.BENEFITS,PASSION24.SECTION.BENEFITS.P018,15,»,1,OUTER_DIVINE_CLOSE_WRAPPER_HIDE,PASSION24.SECTION.BENEFITS.P017,83
PASSION24.SECTION.BENEFITS,PASSION24.SECTION.BENEFITS.P020,13,«,1,NARRATIVE_QUOTE_KEEP,PASSION24.SECTION.BENEFITS.P020,141
PASSION24.SECTION.BENEFITS,PASSION24.SECTION.BENEFITS.P020,141,»,1,NARRATIVE_QUOTE_KEEP,PASSION24.SECTION.BENEFITS.P020,13
PASSION24.SECTION.BENEFITS,PASSION24.SECTION.BENEFITS.P021,11,«,1,QUOTED_FORMULA_OR_TITLE_KEEP,PASSION24.SECTION.BENEFITS.P026,53
PASSION24.SECTION.BENEFITS,PASSION24.SECTION.BENEFITS.P026,53,»,1,QUOTED_FORMULA_OR_TITLE_KEEP,PASSION24.SECTION.BENEFITS.P021,11
PASSION24.SECTION.BENEFITS,PASSION24.SECTION.BENEFITS.P029,66,«,1,OUTER_DIVINE_OPEN_WRAPPER_HIDE,PASSION24.SECTION.BENEFITS.P034,211
PASSION24.SECTION.BENEFITS,PASSION24.SECTION.BENEFITS.P034,211,»,1,OUTER_DIVINE_CLOSE_WRAPPER_HIDE,PASSION24.SECTION.BENEFITS.P029,66
PASSION24.SECTION.BENEFITS,PASSION24.SECTION.BENEFITS.P037,12,«,1,REPORTED_QUOTE_KEEP,PASSION24.SECTION.BENEFITS.P047,120
PASSION24.SECTION.BENEFITS,PASSION24.SECTION.BENEFITS.P047,120,»,1,REPORTED_QUOTE_KEEP,PASSION24.SECTION.BENEFITS.P037,12
PASSION24.SECTION.BENEFITS,PASSION24.SECTION.BENEFITS.P055,230,«,1,OUTER_DIVINE_OPEN_WRAPPER_HIDE,PASSION24.SECTION.BENEFITS.P055,308
PASSION24.SECTION.BENEFITS,PASSION24.SECTION.BENEFITS.P055,308,»,1,OUTER_DIVINE_CLOSE_WRAPPER_HIDE,PASSION24.SECTION.BENEFITS.P055,230
PASSION24.SECTION.BENEFITS,PASSION24.SECTION.BENEFITS.P056,12,«,1,REPORTED_QUOTE_KEEP,PASSION24.SECTION.BENEFITS.P057,21
PASSION24.SECTION.BENEFITS,PASSION24.SECTION.BENEFITS.P057,21,»,1,REPORTED_QUOTE_KEEP,PASSION24.SECTION.BENEFITS.P056,12
PASSION24.SECTION.BENEFITS,PASSION24.SECTION.BENEFITS.P057,35,«,1,OUTER_DIVINE_OPEN_WRAPPER_HIDE,PASSION24.SECTION.BENEFITS.P057,391
PASSION24.SECTION.BENEFITS,PASSION24.SECTION.BENEFITS.P057,391,»,1,OUTER_DIVINE_CLOSE_WRAPPER_HIDE,PASSION24.SECTION.BENEFITS.P057,35
PASSION24.SECTION.BENEFITS,PASSION24.SECTION.BENEFITS.P078,0,«,1,OUTER_DIVINE_OPEN_WRAPPER_HIDE,PASSION24.SECTION.BENEFITS.P086,202
PASSION24.SECTION.BENEFITS,PASSION24.SECTION.BENEFITS.P086,202,»,1,OUTER_DIVINE_CLOSE_WRAPPER_HIDE,PASSION24.SECTION.BENEFITS.P078,0
PASSION24.SECTION.BENEFITS,PASSION24.SECTION.BENEFITS.P089,121,«,1,OUTER_DIVINE_OPEN_WRAPPER_HIDE,PASSION24.SECTION.BENEFITS.P093,91
PASSION24.SECTION.BENEFITS,PASSION24.SECTION.BENEFITS.P093,91,»,1,OUTER_DIVINE_CLOSE_WRAPPER_HIDE,PASSION24.SECTION.BENEFITS.P089,121
PASSION24.SECTION.BENEFITS,PASSION24.SECTION.BENEFITS.P095,64,«,1,OUTER_DIVINE_OPEN_WRAPPER_HIDE,PASSION24.SECTION.BENEFITS.P102,194
PASSION24.SECTION.BENEFITS,PASSION24.SECTION.BENEFITS.P102,194,»,1,OUTER_DIVINE_CLOSE_WRAPPER_HIDE,PASSION24.SECTION.BENEFITS.P095,64
PASSION24.SECTION.BENEFITS,PASSION24.SECTION.BENEFITS.P102,208,«,1,OUTER_DIVINE_OPEN_WRAPPER_HIDE,PASSION24.SECTION.BENEFITS.P103,61
PASSION24.SECTION.BENEFITS,PASSION24.SECTION.BENEFITS.P103,61,»,1,OUTER_DIVINE_CLOSE_WRAPPER_HIDE,PASSION24.SECTION.BENEFITS.P102,208
PASSION24.SECTION.BENEFITS,PASSION24.SECTION.BENEFITS.P106,40,«,1,OUTER_DIVINE_OPEN_WRAPPER_HIDE,PASSION24.SECTION.BENEFITS.P106,118
PASSION24.SECTION.BENEFITS,PASSION24.SECTION.BENEFITS.P106,118,»,1,OUTER_DIVINE_CLOSE_WRAPPER_HIDE,PASSION24.SECTION.BENEFITS.P106,40
PASSION24.SECTION.BENEFITS,PASSION24.SECTION.BENEFITS.P107,12,«,1,NARRATIVE_QUOTE_KEEP,PASSION24.SECTION.BENEFITS.P107,87
PASSION24.SECTION.BENEFITS,PASSION24.SECTION.BENEFITS.P107,87,»,1,NARRATIVE_QUOTE_KEEP,PASSION24.SECTION.BENEFITS.P107,12
PASSION24.SECTION.BENEFITS,PASSION24.SECTION.BENEFITS.P108,12,«,1,OUTER_DIVINE_OPEN_WRAPPER_HIDE,PASSION24.SECTION.BENEFITS.P108,368
PASSION24.SECTION.BENEFITS,PASSION24.SECTION.BENEFITS.P108,368,»,1,OUTER_DIVINE_CLOSE_WRAPPER_HIDE,PASSION24.SECTION.BENEFITS.P108,12
PASSION24.SECTION.BENEFITS,PASSION24.SECTION.BENEFITS.P110,12,«,1,OUTER_DIVINE_OPEN_WRAPPER_HIDE,PASSION24.SECTION.BENEFITS.P116,216
PASSION24.SECTION.BENEFITS,PASSION24.SECTION.BENEFITS.P116,216,»,1,OUTER_DIVINE_CLOSE_WRAPPER_HIDE,PASSION24.SECTION.BENEFITS.P110,12
PASSION24.SECTION.BENEFITS,PASSION24.SECTION.BENEFITS.P118,59,«,1,OUTER_DIVINE_OPEN_WRAPPER_HIDE,PASSION24.SECTION.BENEFITS.P120,150
PASSION24.SECTION.BENEFITS,PASSION24.SECTION.BENEFITS.P120,150,»,1,OUTER_DIVINE_CLOSE_WRAPPER_HIDE,PASSION24.SECTION.BENEFITS.P118,59
PASSION24.SECTION.BENEFITS,PASSION24.SECTION.BENEFITS.P122,59,«,1,QUOTED_FORMULA_OR_TITLE_KEEP,PASSION24.SECTION.BENEFITS.P122,77
PASSION24.SECTION.BENEFITS,PASSION24.SECTION.BENEFITS.P122,77,»,1,QUOTED_FORMULA_OR_TITLE_KEEP,PASSION24.SECTION.BENEFITS.P122,59
PASSION24.SECTION.BENEFITS,PASSION24.SECTION.BENEFITS.P125,69,«,1,OUTER_DIVINE_OPEN_WRAPPER_HIDE,PASSION24.SECTION.BENEFITS.P131,133
PASSION24.SECTION.BENEFITS,PASSION24.SECTION.BENEFITS.P131,133,»,1,OUTER_DIVINE_CLOSE_WRAPPER_HIDE,PASSION24.SECTION.BENEFITS.P125,69
PASSION24.SECTION.BENEFITS,PASSION24.SECTION.BENEFITS.P133,99,«,1,OUTER_DIVINE_OPEN_WRAPPER_HIDE,PASSION24.SECTION.BENEFITS.P136,156
PASSION24.SECTION.BENEFITS,PASSION24.SECTION.BENEFITS.P136,156,»,1,OUTER_DIVINE_CLOSE_WRAPPER_HIDE,PASSION24.SECTION.BENEFITS.P133,99
PASSION24.SECTION.BENEFITS,PASSION24.SECTION.BENEFITS.P136,178,«,1,OUTER_DIVINE_OPEN_WRAPPER_HIDE,PASSION24.SECTION.BENEFITS.P139,77
PASSION24.SECTION.BENEFITS,PASSION24.SECTION.BENEFITS.P139,77,»,1,OUTER_DIVINE_CLOSE_WRAPPER_HIDE,PASSION24.SECTION.BENEFITS.P136,178
PASSION24.SECTION.BENEFITS,PASSION24.SECTION.BENEFITS.P143,229,«,1,OUTER_DIVINE_OPEN_WRAPPER_HIDE,PASSION24.SECTION.BENEFITS.P149,139
PASSION24.SECTION.BENEFITS,PASSION24.SECTION.BENEFITS.P149,139,»,1,OUTER_DIVINE_CLOSE_WRAPPER_HIDE,PASSION24.SECTION.BENEFITS.P143,229
PASSION24.SECTION.BENEFITS,PASSION24.SECTION.BENEFITS.P153,63,«,1,OUTER_DIVINE_OPEN_WRAPPER_HIDE,PASSION24.SECTION.BENEFITS.P159,187
PASSION24.SECTION.BENEFITS,PASSION24.SECTION.BENEFITS.P159,187,»,1,OUTER_DIVINE_CLOSE_WRAPPER_HIDE,PASSION24.SECTION.BENEFITS.P153,63
PASSION24.SECTION.BENEFITS,PASSION24.SECTION.BENEFITS.P162,27,«,1,OUTER_DIVINE_OPEN_WRAPPER_HIDE,PASSION24.SECTION.BENEFITS.P163,330
PASSION24.SECTION.BENEFITS,PASSION24.SECTION.BENEFITS.P163,330,»,1,OUTER_DIVINE_CLOSE_WRAPPER_HIDE,PASSION24.SECTION.BENEFITS.P162,27
PASSION24.SECTION.BENEFITS,PASSION24.SECTION.BENEFITS.P165,20,«,1,REPORTED_QUOTE_KEEP,PASSION24.SECTION.BENEFITS.P166,108
PASSION24.SECTION.BENEFITS,PASSION24.SECTION.BENEFITS.P166,108,»,1,REPORTED_QUOTE_KEEP,PASSION24.SECTION.BENEFITS.P165,20
PASSION24.SECTION.BENEFITS,PASSION24.SECTION.BENEFITS.P167,33,«,1,NARRATIVE_QUOTE_KEEP,PASSION24.SECTION.BENEFITS.P167,261
PASSION24.SECTION.BENEFITS,PASSION24.SECTION.BENEFITS.P167,261,»,1,NARRATIVE_QUOTE_KEEP,PASSION24.SECTION.BENEFITS.P167,33
PASSION24.SECTION.BENEFITS,PASSION24.SECTION.BENEFITS.P169,12,«,1,OUTER_DIVINE_OPEN_WRAPPER_HIDE,PASSION24.SECTION.BENEFITS.P173,100
PASSION24.SECTION.BENEFITS,PASSION24.SECTION.BENEFITS.P173,100,»,1,OUTER_DIVINE_CLOSE_WRAPPER_HIDE,PASSION24.SECTION.BENEFITS.P169,12
PASSION24.SECTION.BENEFITS,PASSION24.SECTION.BENEFITS.P175,107,«,1,OUTER_DIVINE_OPEN_WRAPPER_HIDE,PASSION24.SECTION.BENEFITS.P176,251
PASSION24.SECTION.BENEFITS,PASSION24.SECTION.BENEFITS.P176,251,»,1,OUTER_DIVINE_CLOSE_WRAPPER_HIDE,PASSION24.SECTION.BENEFITS.P175,107
PASSION24.TEXT.INTRODUCTION_PURPOSE:body,PASSION24.TEXT.INTRODUCTION_PURPOSE.BODY.P004,0,«,1,REPORTED_QUOTE_KEEP,PASSION24.TEXT.INTRODUCTION_PURPOSE.BODY.P013,113
PASSION24.TEXT.INTRODUCTION_PURPOSE:body,PASSION24.TEXT.INTRODUCTION_PURPOSE.BODY.P013,113,»,1,REPORTED_QUOTE_KEEP,PASSION24.TEXT.INTRODUCTION_PURPOSE.BODY.P004,0
PASSION24.TEXT.PART_III_DIVINE_PASSION:body,PASSION24.TEXT.PART_III_DIVINE_PASSION.BODY.P018,438,«,1,OUTER_DIVINE_OPEN_WRAPPER_HIDE,PASSION24.TEXT.PART_III_DIVINE_PASSION.BODY.P028,203
PASSION24.TEXT.PART_III_DIVINE_PASSION:body,PASSION24.TEXT.PART_III_DIVINE_PASSION.BODY.P028,203,»,1,OUTER_DIVINE_CLOSE_WRAPPER_HIDE,PASSION24.TEXT.PART_III_DIVINE_PASSION.BODY.P018,438
PASSION24.TEXT.PART_III_DIVINE_PASSION:body,PASSION24.TEXT.PART_III_DIVINE_PASSION.BODY.P037,38,«,1,OUTER_DIVINE_OPEN_WRAPPER_HIDE,PASSION24.TEXT.PART_III_DIVINE_PASSION.BODY.P043,182
PASSION24.TEXT.PART_III_DIVINE_PASSION:body,PASSION24.TEXT.PART_III_DIVINE_PASSION.BODY.P043,182,»,1,OUTER_DIVINE_CLOSE_WRAPPER_HIDE,PASSION24.TEXT.PART_III_DIVINE_PASSION.BODY.P037,38
PASSION24.TEXT.PART_III_DIVINE_PASSION:body,PASSION24.TEXT.PART_III_DIVINE_PASSION.BODY.P046,12,«,1,OUTER_DIVINE_OPEN_WRAPPER_HIDE,PASSION24.TEXT.PART_III_DIVINE_PASSION.BODY.P059,171
PASSION24.TEXT.PART_III_DIVINE_PASSION:body,PASSION24.TEXT.PART_III_DIVINE_PASSION.BODY.P059,171,»,1,OUTER_DIVINE_CLOSE_WRAPPER_HIDE,PASSION24.TEXT.PART_III_DIVINE_PASSION.BODY.P046,12
PASSION24.TEXT.PART_III_DIVINE_PASSION:body,PASSION24.TEXT.PART_III_DIVINE_PASSION.BODY.P066,193,«,1,OUTER_DIVINE_OPEN_WRAPPER_HIDE,PASSION24.TEXT.PART_III_DIVINE_PASSION.BODY.P068,200
PASSION24.TEXT.PART_III_DIVINE_PASSION:body,PASSION24.TEXT.PART_III_DIVINE_PASSION.BODY.P068,200,»,1,OUTER_DIVINE_CLOSE_WRAPPER_HIDE,PASSION24.TEXT.PART_III_DIVINE_PASSION.BODY.P066,193
PASSION24.TEXT.PART_III_DIVINE_PASSION:body,PASSION24.TEXT.PART_III_DIVINE_PASSION.BODY.P079,24,«,1,OUTER_DIVINE_OPEN_WRAPPER_HIDE,PASSION24.TEXT.PART_III_DIVINE_PASSION.BODY.P085,89
PASSION24.TEXT.PART_III_DIVINE_PASSION:body,PASSION24.TEXT.PART_III_DIVINE_PASSION.BODY.P085,89,»,1,OUTER_DIVINE_CLOSE_WRAPPER_HIDE,PASSION24.TEXT.PART_III_DIVINE_PASSION.BODY.P079,24
PASSION24.TEXT.PART_III_DIVINE_PASSION:body,PASSION24.TEXT.PART_III_DIVINE_PASSION.BODY.P091,33,«,1,OUTER_DIVINE_OPEN_WRAPPER_HIDE,PASSION24.TEXT.PART_III_DIVINE_PASSION.BODY.P111,176
PASSION24.TEXT.PART_III_DIVINE_PASSION:body,PASSION24.TEXT.PART_III_DIVINE_PASSION.BODY.P111,176,»,1,OUTER_DIVINE_CLOSE_WRAPPER_HIDE,PASSION24.TEXT.PART_III_DIVINE_PASSION.BODY.P091,33
PASSION24.TEXT.PART_III_DIVINE_PASSION:body,PASSION24.TEXT.PART_III_DIVINE_PASSION.BODY.P114,27,«,1,NARRATIVE_QUOTE_KEEP,PASSION24.TEXT.PART_III_DIVINE_PASSION.BODY.P114,213
PASSION24.TEXT.PART_III_DIVINE_PASSION:body,PASSION24.TEXT.PART_III_DIVINE_PASSION.BODY.P114,213,»,1,NARRATIVE_QUOTE_KEEP,PASSION24.TEXT.PART_III_DIVINE_PASSION.BODY.P114,27
PASSION24.TEXT.PART_III_DIVINE_PASSION:body,PASSION24.TEXT.PART_III_DIVINE_PASSION.BODY.P115,64,«,1,OUTER_DIVINE_OPEN_WRAPPER_HIDE,PASSION24.TEXT.PART_III_DIVINE_PASSION.BODY.P123,64
PASSION24.TEXT.PART_III_DIVINE_PASSION:body,PASSION24.TEXT.PART_III_DIVINE_PASSION.BODY.P123,64,»,1,OUTER_DIVINE_CLOSE_WRAPPER_HIDE,PASSION24.TEXT.PART_III_DIVINE_PASSION.BODY.P115,64
PASSION24.TEXT.PART_III_DIVINE_PASSION:body,PASSION24.TEXT.PART_III_DIVINE_PASSION.BODY.P124,30,«,1,NARRATIVE_QUOTE_KEEP,PASSION24.TEXT.PART_III_DIVINE_PASSION.BODY.P124,276
PASSION24.TEXT.PART_III_DIVINE_PASSION:body,PASSION24.TEXT.PART_III_DIVINE_PASSION.BODY.P124,276,»,1,NARRATIVE_QUOTE_KEEP,PASSION24.TEXT.PART_III_DIVINE_PASSION.BODY.P124,30
PASSION24.TEXT.PART_III_DIVINE_PASSION:body,PASSION24.TEXT.PART_III_DIVINE_PASSION.BODY.P125,41,«,1,OUTER_DIVINE_OPEN_WRAPPER_HIDE,PASSION24.TEXT.PART_III_DIVINE_PASSION.BODY.P128,288
PASSION24.TEXT.PART_III_DIVINE_PASSION:body,PASSION24.TEXT.PART_III_DIVINE_PASSION.BODY.P128,288,»,1,OUTER_DIVINE_CLOSE_WRAPPER_HIDE,PASSION24.TEXT.PART_III_DIVINE_PASSION.BODY.P125,41
PASSION24.TEXT.PART_III_DIVINE_PASSION:body,PASSION24.TEXT.PART_III_DIVINE_PASSION.BODY.P131,12,«,1,OUTER_DIVINE_OPEN_WRAPPER_HIDE,PASSION24.TEXT.PART_III_DIVINE_PASSION.BODY.P139,355
PASSION24.TEXT.PART_III_DIVINE_PASSION:body,PASSION24.TEXT.PART_III_DIVINE_PASSION.BODY.P139,355,»,1,OUTER_DIVINE_CLOSE_WRAPPER_HIDE,PASSION24.TEXT.PART_III_DIVINE_PASSION.BODY.P131,12
PASSION24.TEXT.PART_III_DIVINE_PASSION:body,PASSION24.TEXT.PART_III_DIVINE_PASSION.BODY.P143,12,«,1,OUTER_DIVINE_OPEN_WRAPPER_HIDE,PASSION24.TEXT.PART_III_DIVINE_PASSION.BODY.P146,75
PASSION24.TEXT.PART_III_DIVINE_PASSION:body,PASSION24.TEXT.PART_III_DIVINE_PASSION.BODY.P146,75,»,1,OUTER_DIVINE_CLOSE_WRAPPER_HIDE,PASSION24.TEXT.PART_III_DIVINE_PASSION.BODY.P143,12
PASSION24.TEXT.PART_III_DIVINE_PASSION:body,PASSION24.TEXT.PART_III_DIVINE_PASSION.BODY.P148,142,«,1,OUTER_DIVINE_OPEN_WRAPPER_HIDE,PASSION24.TEXT.PART_III_DIVINE_PASSION.BODY.P158,126
PASSION24.TEXT.PART_III_DIVINE_PASSION:body,PASSION24.TEXT.PART_III_DIVINE_PASSION.BODY.P158,126,»,1,OUTER_DIVINE_CLOSE_WRAPPER_HIDE,PASSION24.TEXT.PART_III_DIVINE_PASSION.BODY.P148,142
PASSION24.TEXT.PART_III_DIVINE_PASSION:body,PASSION24.TEXT.PART_III_DIVINE_PASSION.BODY.P159,96,«,1,REPORTED_QUOTE_KEEP,PASSION24.TEXT.PART_III_DIVINE_PASSION.BODY.P162,82
PASSION24.TEXT.PART_III_DIVINE_PASSION:body,PASSION24.TEXT.PART_III_DIVINE_PASSION.BODY.P162,82,»,1,REPORTED_QUOTE_KEEP,PASSION24.TEXT.PART_III_DIVINE_PASSION.BODY.P159,96
PASSION24.TEXT.PART_III_DIVINE_PASSION:body,PASSION24.TEXT.PART_III_DIVINE_PASSION.BODY.P163,19,«,1,OUTER_DIVINE_OPEN_WRAPPER_HIDE,PASSION24.TEXT.PART_III_DIVINE_PASSION.BODY.P168,84
PASSION24.TEXT.PART_III_DIVINE_PASSION:body,PASSION24.TEXT.PART_III_DIVINE_PASSION.BODY.P168,84,»,1,OUTER_DIVINE_CLOSE_WRAPPER_HIDE,PASSION24.TEXT.PART_III_DIVINE_PASSION.BODY.P163,19
PASSION24.TEXT.PART_III_DIVINE_PASSION:body,PASSION24.TEXT.PART_III_DIVINE_PASSION.BODY.P172,69,«,1,OUTER_DIVINE_OPEN_WRAPPER_HIDE,PASSION24.TEXT.PART_III_DIVINE_PASSION.BODY.P183,52
PASSION24.TEXT.PART_III_DIVINE_PASSION:body,PASSION24.TEXT.PART_III_DIVINE_PASSION.BODY.P183,52,»,1,OUTER_DIVINE_CLOSE_WRAPPER_HIDE,PASSION24.TEXT.PART_III_DIVINE_PASSION.BODY.P172,69
PASSION24.TEXT.PART_III_MARY_SORROWS:body,PASSION24.TEXT.PART_III_MARY_SORROWS.BODY.P011,36,«,1,REPORTED_QUOTE_KEEP,PASSION24.TEXT.PART_III_MARY_SORROWS.BODY.P013,60
PASSION24.TEXT.PART_III_MARY_SORROWS:body,PASSION24.TEXT.PART_III_MARY_SORROWS.BODY.P013,60,»,1,REPORTED_QUOTE_KEEP,PASSION24.TEXT.PART_III_MARY_SORROWS.BODY.P011,36
PASSION24.TEXT.PART_III_MARY_SORROWS:body,PASSION24.TEXT.PART_III_MARY_SORROWS.BODY.P014,15,«,1,OUTER_DIVINE_OPEN_WRAPPER_HIDE,PASSION24.TEXT.PART_III_MARY_SORROWS.BODY.P021,146
PASSION24.TEXT.PART_III_MARY_SORROWS:body,PASSION24.TEXT.PART_III_MARY_SORROWS.BODY.P021,146,»,1,OUTER_DIVINE_CLOSE_WRAPPER_HIDE,PASSION24.TEXT.PART_III_MARY_SORROWS.BODY.P014,15
PASSION24.TEXT.PART_III_MARY_SORROWS:body,PASSION24.TEXT.PART_III_MARY_SORROWS.BODY.P023,38,«,1,OUTER_DIVINE_OPEN_WRAPPER_HIDE,PASSION24.TEXT.PART_III_MARY_SORROWS.BODY.P026,229
PASSION24.TEXT.PART_III_MARY_SORROWS:body,PASSION24.TEXT.PART_III_MARY_SORROWS.BODY.P026,229,»,1,OUTER_DIVINE_CLOSE_WRAPPER_HIDE,PASSION24.TEXT.PART_III_MARY_SORROWS.BODY.P023,38
PASSION24.TEXT.PART_III_MARY_SORROWS:body,PASSION24.TEXT.PART_III_MARY_SORROWS.BODY.P028,90,«,1,OUTER_DIVINE_OPEN_WRAPPER_HIDE,PASSION24.TEXT.PART_III_MARY_SORROWS.BODY.P032,229
PASSION24.TEXT.PART_III_MARY_SORROWS:body,PASSION24.TEXT.PART_III_MARY_SORROWS.BODY.P032,229,»,1,OUTER_DIVINE_CLOSE_WRAPPER_HIDE,PASSION24.TEXT.PART_III_MARY_SORROWS.BODY.P028,90
PASSION24.TEXT.PART_III_MARY_SORROWS:body,PASSION24.TEXT.PART_III_MARY_SORROWS.BODY.P035,12,«,1,OUTER_DIVINE_OPEN_WRAPPER_HIDE,PASSION24.TEXT.PART_III_MARY_SORROWS.BODY.P043,376
PASSION24.TEXT.PART_III_MARY_SORROWS:body,PASSION24.TEXT.PART_III_MARY_SORROWS.BODY.P043,376,»,1,OUTER_DIVINE_CLOSE_WRAPPER_HIDE,PASSION24.TEXT.PART_III_MARY_SORROWS.BODY.P035,12
PASSION24.TEXT.PART_III_MARY_SORROWS:body,PASSION24.TEXT.PART_III_MARY_SORROWS.BODY.P069,61,«,1,QUOTED_FORMULA_OR_TITLE_KEEP,PASSION24.TEXT.PART_III_MARY_SORROWS.BODY.P069,69
PASSION24.TEXT.PART_III_MARY_SORROWS:body,PASSION24.TEXT.PART_III_MARY_SORROWS.BODY.P069,69,»,1,QUOTED_FORMULA_OR_TITLE_KEEP,PASSION24.TEXT.PART_III_MARY_SORROWS.BODY.P069,61
PASSION24.TEXT.PART_III_MARY_SORROWS:body,PASSION24.TEXT.PART_III_MARY_SORROWS.BODY.P131,62,«,1,NARRATIVE_QUOTE_KEEP,PASSION24.TEXT.PART_III_MARY_SORROWS.BODY.P131,74
PASSION24.TEXT.PART_III_MARY_SORROWS:body,PASSION24.TEXT.PART_III_MARY_SORROWS.BODY.P131,74,»,1,NARRATIVE_QUOTE_KEEP,PASSION24.TEXT.PART_III_MARY_SORROWS.BODY.P131,62
PASSION24.TEXT.RELATED_HOUR_01:body,PASSION24.TEXT.RELATED_HOUR_01.BODY.P010,208,«,1,OUTER_DIVINE_OPEN_WRAPPER_HIDE,PASSION24.TEXT.RELATED_HOUR_01.BODY.P013,113
PASSION24.TEXT.RELATED_HOUR_01:body,PASSION24.TEXT.RELATED_HOUR_01.BODY.P013,113,»,1,OUTER_DIVINE_CLOSE_WRAPPER_HIDE,PASSION24.TEXT.RELATED_HOUR_01.BODY.P010,208
PASSION24.TEXT.RELATED_HOUR_01:body,PASSION24.TEXT.RELATED_HOUR_01.BODY.P014,16,«,1,OUTER_DIVINE_OPEN_WRAPPER_HIDE,PASSION24.TEXT.RELATED_HOUR_01.BODY.P017,114
PASSION24.TEXT.RELATED_HOUR_01:body,PASSION24.TEXT.RELATED_HOUR_01.BODY.P017,114,»,1,OUTER_DIVINE_CLOSE_WRAPPER_HIDE,PASSION24.TEXT.RELATED_HOUR_01.BODY.P014,16
PASSION24.TEXT.RELATED_HOUR_01:body,PASSION24.TEXT.RELATED_HOUR_01.BODY.P021,12,«,1,OUTER_DIVINE_OPEN_WRAPPER_HIDE,PASSION24.TEXT.RELATED_HOUR_01.BODY.P036,220
PASSION24.TEXT.RELATED_HOUR_01:body,PASSION24.TEXT.RELATED_HOUR_01.BODY.P036,220,»,1,OUTER_DIVINE_CLOSE_WRAPPER_HIDE,PASSION24.TEXT.RELATED_HOUR_01.BODY.P021,12
PASSION24.TEXT.RELATED_HOUR_01:body,PASSION24.TEXT.RELATED_HOUR_01.BODY.P039,53,«,1,OUTER_DIVINE_OPEN_WRAPPER_HIDE,PASSION24.TEXT.RELATED_HOUR_01.BODY.P047,317
PASSION24.TEXT.RELATED_HOUR_01:body,PASSION24.TEXT.RELATED_HOUR_01.BODY.P047,317,»,1,OUTER_DIVINE_CLOSE_WRAPPER_HIDE,PASSION24.TEXT.RELATED_HOUR_01.BODY.P039,53
PASSION24.TEXT.RELATED_HOUR_01:body,PASSION24.TEXT.RELATED_HOUR_01.BODY.P048,78,«,1,OUTER_DIVINE_OPEN_WRAPPER_HIDE,PASSION24.TEXT.RELATED_HOUR_01.BODY.P052,49
PASSION24.TEXT.RELATED_HOUR_01:body,PASSION24.TEXT.RELATED_HOUR_01.BODY.P052,49,»,1,OUTER_DIVINE_CLOSE_WRAPPER_HIDE,PASSION24.TEXT.RELATED_HOUR_01.BODY.P048,78
PASSION24.TEXT.RELATED_HOUR_02:body,PASSION24.TEXT.RELATED_HOUR_02.BODY.P002,25,«,1,NARRATIVE_QUOTE_KEEP,PASSION24.TEXT.RELATED_HOUR_02.BODY.P002,92
PASSION24.TEXT.RELATED_HOUR_02:body,PASSION24.TEXT.RELATED_HOUR_02.BODY.P002,92,»,1,NARRATIVE_QUOTE_KEEP,PASSION24.TEXT.RELATED_HOUR_02.BODY.P002,25
PASSION24.TEXT.RELATED_HOUR_02:body,PASSION24.TEXT.RELATED_HOUR_02.BODY.P004,23,«,1,NARRATIVE_QUOTE_KEEP,PASSION24.TEXT.RELATED_HOUR_02.BODY.P004,90
PASSION24.TEXT.RELATED_HOUR_02:body,PASSION24.TEXT.RELATED_HOUR_02.BODY.P004,90,»,1,NARRATIVE_QUOTE_KEEP,PASSION24.TEXT.RELATED_HOUR_02.BODY.P004,23
PASSION24.TEXT.RELATED_HOUR_02:body,PASSION24.TEXT.RELATED_HOUR_02.BODY.P006,15,«,1,NARRATIVE_QUOTE_KEEP,PASSION24.TEXT.RELATED_HOUR_02.BODY.P006,99
PASSION24.TEXT.RELATED_HOUR_02:body,PASSION24.TEXT.RELATED_HOUR_02.BODY.P006,99,»,1,NARRATIVE_QUOTE_KEEP,PASSION24.TEXT.RELATED_HOUR_02.BODY.P006,15
PASSION24.TEXT.RELATED_HOUR_02:body,PASSION24.TEXT.RELATED_HOUR_02.BODY.P007,20,«,1,OUTER_DIVINE_OPEN_WRAPPER_HIDE,PASSION24.TEXT.RELATED_HOUR_02.BODY.P010,51
PASSION24.TEXT.RELATED_HOUR_02:body,PASSION24.TEXT.RELATED_HOUR_02.BODY.P010,51,»,1,OUTER_DIVINE_CLOSE_WRAPPER_HIDE,PASSION24.TEXT.RELATED_HOUR_02.BODY.P007,20
PASSION24.TEXT.RELATED_HOUR_02:body,PASSION24.TEXT.RELATED_HOUR_02.BODY.P011,263,«,1,QUOTED_FORMULA_OR_TITLE_KEEP,PASSION24.TEXT.RELATED_HOUR_02.BODY.P017,122
PASSION24.TEXT.RELATED_HOUR_02:body,PASSION24.TEXT.RELATED_HOUR_02.BODY.P017,122,»,1,QUOTED_FORMULA_OR_TITLE_KEEP,PASSION24.TEXT.RELATED_HOUR_02.BODY.P011,263
PASSION24.TEXT.RELATED_HOUR_03:body,PASSION24.TEXT.RELATED_HOUR_03.BODY.P005,101,«,1,OUTER_DIVINE_OPEN_WRAPPER_HIDE,PASSION24.TEXT.RELATED_HOUR_03.BODY.P017,81
PASSION24.TEXT.RELATED_HOUR_03:body,PASSION24.TEXT.RELATED_HOUR_03.BODY.P017,81,»,1,OUTER_DIVINE_CLOSE_WRAPPER_HIDE,PASSION24.TEXT.RELATED_HOUR_03.BODY.P005,101
PASSION24.TEXT.RELATED_HOUR_03:body,PASSION24.TEXT.RELATED_HOUR_03.BODY.P018,17,«,1,REPORTED_QUOTE_KEEP,PASSION24.TEXT.RELATED_HOUR_03.BODY.P019,72
PASSION24.TEXT.RELATED_HOUR_03:body,PASSION24.TEXT.RELATED_HOUR_03.BODY.P019,72,»,1,REPORTED_QUOTE_KEEP,PASSION24.TEXT.RELATED_HOUR_03.BODY.P018,17
PASSION24.TEXT.RELATED_HOUR_03:body,PASSION24.TEXT.RELATED_HOUR_03.BODY.P020,17,«,1,OUTER_DIVINE_OPEN_WRAPPER_HIDE,PASSION24.TEXT.RELATED_HOUR_03.BODY.P033,207
PASSION24.TEXT.RELATED_HOUR_03:body,PASSION24.TEXT.RELATED_HOUR_03.BODY.P033,207,»,1,OUTER_DIVINE_CLOSE_WRAPPER_HIDE,PASSION24.TEXT.RELATED_HOUR_03.BODY.P020,17
PASSION24.TEXT.RELATED_HOUR_04:body,PASSION24.TEXT.RELATED_HOUR_04.BODY.P034,56,«,1,REPORTED_QUOTE_KEEP,PASSION24.TEXT.RELATED_HOUR_04.BODY.P035,181
PASSION24.TEXT.RELATED_HOUR_04:body,PASSION24.TEXT.RELATED_HOUR_04.BODY.P035,181,»,1,REPORTED_QUOTE_KEEP,PASSION24.TEXT.RELATED_HOUR_04.BODY.P034,56
PASSION24.TEXT.RELATED_HOUR_04:body,PASSION24.TEXT.RELATED_HOUR_04.BODY.P055,27,«,1,NARRATIVE_QUOTE_KEEP,PASSION24.TEXT.RELATED_HOUR_04.BODY.P055,129
PASSION24.TEXT.RELATED_HOUR_04:body,PASSION24.TEXT.RELATED_HOUR_04.BODY.P055,129,»,1,NARRATIVE_QUOTE_KEEP,PASSION24.TEXT.RELATED_HOUR_04.BODY.P055,27
PASSION24.TEXT.RELATED_HOUR_04:body,PASSION24.TEXT.RELATED_HOUR_04.BODY.P094,24,«,1,OUTER_DIVINE_OPEN_WRAPPER_HIDE,PASSION24.TEXT.RELATED_HOUR_04.BODY.P110,184
PASSION24.TEXT.RELATED_HOUR_04:body,PASSION24.TEXT.RELATED_HOUR_04.BODY.P110,184,»,1,OUTER_DIVINE_CLOSE_WRAPPER_HIDE,PASSION24.TEXT.RELATED_HOUR_04.BODY.P094,24
PASSION24.TEXT.RELATED_HOUR_04:body,PASSION24.TEXT.RELATED_HOUR_04.BODY.P112,15,«,1,OUTER_DIVINE_OPEN_WRAPPER_HIDE,PASSION24.TEXT.RELATED_HOUR_04.BODY.P121,118
PASSION24.TEXT.RELATED_HOUR_04:body,PASSION24.TEXT.RELATED_HOUR_04.BODY.P121,118,»,1,OUTER_DIVINE_CLOSE_WRAPPER_HIDE,PASSION24.TEXT.RELATED_HOUR_04.BODY.P112,15
PASSION24.TEXT.RELATED_HOUR_04:body,PASSION24.TEXT.RELATED_HOUR_04.BODY.P124,47,«,1,OUTER_DIVINE_OPEN_WRAPPER_HIDE,PASSION24.TEXT.RELATED_HOUR_04.BODY.P140,305
PASSION24.TEXT.RELATED_HOUR_04:body,PASSION24.TEXT.RELATED_HOUR_04.BODY.P140,305,»,1,OUTER_DIVINE_CLOSE_WRAPPER_HIDE,PASSION24.TEXT.RELATED_HOUR_04.BODY.P124,47
PASSION24.TEXT.RELATED_HOUR_04:body,PASSION24.TEXT.RELATED_HOUR_04.BODY.P145,20,«,1,NARRATIVE_QUOTE_KEEP,PASSION24.TEXT.RELATED_HOUR_04.BODY.P145,81
PASSION24.TEXT.RELATED_HOUR_04:body,PASSION24.TEXT.RELATED_HOUR_04.BODY.P145,81,»,1,NARRATIVE_QUOTE_KEEP,PASSION24.TEXT.RELATED_HOUR_04.BODY.P145,20
PASSION24.TEXT.RELATED_HOUR_04:body,PASSION24.TEXT.RELATED_HOUR_04.BODY.P146,12,«,1,OUTER_DIVINE_OPEN_WRAPPER_HIDE,PASSION24.TEXT.RELATED_HOUR_04.BODY.P162,283
PASSION24.TEXT.RELATED_HOUR_04:body,PASSION24.TEXT.RELATED_HOUR_04.BODY.P162,283,»,1,OUTER_DIVINE_CLOSE_WRAPPER_HIDE,PASSION24.TEXT.RELATED_HOUR_04.BODY.P146,12
PASSION24.TEXT.RELATED_HOUR_04:body,PASSION24.TEXT.RELATED_HOUR_04.BODY.P169,14,«,1,OUTER_DIVINE_OPEN_WRAPPER_HIDE,PASSION24.TEXT.RELATED_HOUR_04.BODY.P175,115
PASSION24.TEXT.RELATED_HOUR_04:body,PASSION24.TEXT.RELATED_HOUR_04.BODY.P175,115,»,1,OUTER_DIVINE_CLOSE_WRAPPER_HIDE,PASSION24.TEXT.RELATED_HOUR_04.BODY.P169,14
PASSION24.TEXT.RELATED_HOUR_05:body,PASSION24.TEXT.RELATED_HOUR_05.BODY.P007,143,«,1,OUTER_DIVINE_OPEN_WRAPPER_HIDE,PASSION24.TEXT.RELATED_HOUR_05.BODY.P014,378
PASSION24.TEXT.RELATED_HOUR_05:body,PASSION24.TEXT.RELATED_HOUR_05.BODY.P014,378,»,1,OUTER_DIVINE_CLOSE_WRAPPER_HIDE,PASSION24.TEXT.RELATED_HOUR_05.BODY.P007,143
PASSION24.TEXT.RELATED_HOUR_05:body,PASSION24.TEXT.RELATED_HOUR_05.BODY.P018,84,«,1,OUTER_DIVINE_OPEN_WRAPPER_HIDE,PASSION24.TEXT.RELATED_HOUR_05.BODY.P027,140
PASSION24.TEXT.RELATED_HOUR_05:body,PASSION24.TEXT.RELATED_HOUR_05.BODY.P027,140,»,1,OUTER_DIVINE_CLOSE_WRAPPER_HIDE,PASSION24.TEXT.RELATED_HOUR_05.BODY.P018,84
PASSION24.TEXT.RELATED_HOUR_05:body,PASSION24.TEXT.RELATED_HOUR_05.BODY.P029,213,«,1,OUTER_DIVINE_OPEN_WRAPPER_HIDE,PASSION24.TEXT.RELATED_HOUR_05.BODY.P040,265
PASSION24.TEXT.RELATED_HOUR_05:body,PASSION24.TEXT.RELATED_HOUR_05.BODY.P040,265,»,1,OUTER_DIVINE_CLOSE_WRAPPER_HIDE,PASSION24.TEXT.RELATED_HOUR_05.BODY.P029,213
PASSION24.TEXT.RELATED_HOUR_06:body,PASSION24.TEXT.RELATED_HOUR_06.BODY.P003,44,«,1,NARRATIVE_QUOTE_KEEP,PASSION24.TEXT.RELATED_HOUR_06.BODY.P003,95
PASSION24.TEXT.RELATED_HOUR_06:body,PASSION24.TEXT.RELATED_HOUR_06.BODY.P003,95,»,1,NARRATIVE_QUOTE_KEEP,PASSION24.TEXT.RELATED_HOUR_06.BODY.P003,44
PASSION24.TEXT.RELATED_HOUR_06:body,PASSION24.TEXT.RELATED_HOUR_06.BODY.P011,70,«,1,OUTER_DIVINE_OPEN_WRAPPER_HIDE,PASSION24.TEXT.RELATED_HOUR_06.BODY.P013,521
PASSION24.TEXT.RELATED_HOUR_06:body,PASSION24.TEXT.RELATED_HOUR_06.BODY.P013,521,»,1,OUTER_DIVINE_CLOSE_WRAPPER_HIDE,PASSION24.TEXT.RELATED_HOUR_06.BODY.P011,70
PASSION24.TEXT.RELATED_HOUR_06:body,PASSION24.TEXT.RELATED_HOUR_06.BODY.P016,18,«,1,OUTER_DIVINE_OPEN_WRAPPER_HIDE,PASSION24.TEXT.RELATED_HOUR_06.BODY.P017,105
PASSION24.TEXT.RELATED_HOUR_06:body,PASSION24.TEXT.RELATED_HOUR_06.BODY.P017,105,»,1,OUTER_DIVINE_CLOSE_WRAPPER_HIDE,PASSION24.TEXT.RELATED_HOUR_06.BODY.P016,18
PASSION24.TEXT.RELATED_HOUR_06:body,PASSION24.TEXT.RELATED_HOUR_06.BODY.P018,14,«,1,REPORTED_QUOTE_KEEP,PASSION24.TEXT.RELATED_HOUR_06.BODY.P021,128
PASSION24.TEXT.RELATED_HOUR_06:body,PASSION24.TEXT.RELATED_HOUR_06.BODY.P021,128,»,1,REPORTED_QUOTE_KEEP,PASSION24.TEXT.RELATED_HOUR_06.BODY.P018,14
PASSION24.TEXT.RELATED_HOUR_06:body,PASSION24.TEXT.RELATED_HOUR_06.BODY.P022,28,«,1,OUTER_DIVINE_OPEN_WRAPPER_HIDE,PASSION24.TEXT.RELATED_HOUR_06.BODY.P033,110
PASSION24.TEXT.RELATED_HOUR_06:body,PASSION24.TEXT.RELATED_HOUR_06.BODY.P033,110,»,1,OUTER_DIVINE_CLOSE_WRAPPER_HIDE,PASSION24.TEXT.RELATED_HOUR_06.BODY.P022,28
PASSION24.TEXT.RELATED_HOUR_06:body,PASSION24.TEXT.RELATED_HOUR_06.BODY.P034,42,«,1,NARRATIVE_QUOTE_KEEP,PASSION24.TEXT.RELATED_HOUR_06.BODY.P034,93
PASSION24.TEXT.RELATED_HOUR_06:body,PASSION24.TEXT.RELATED_HOUR_06.BODY.P034,93,»,1,NARRATIVE_QUOTE_KEEP,PASSION24.TEXT.RELATED_HOUR_06.BODY.P034,42
PASSION24.TEXT.RELATED_HOUR_06:body,PASSION24.TEXT.RELATED_HOUR_06.BODY.P035,46,«,1,OUTER_DIVINE_OPEN_WRAPPER_HIDE,PASSION24.TEXT.RELATED_HOUR_06.BODY.P036,120
PASSION24.TEXT.RELATED_HOUR_06:body,PASSION24.TEXT.RELATED_HOUR_06.BODY.P036,120,»,1,OUTER_DIVINE_CLOSE_WRAPPER_HIDE,PASSION24.TEXT.RELATED_HOUR_06.BODY.P035,46
PASSION24.TEXT.RELATED_HOUR_06:body,PASSION24.TEXT.RELATED_HOUR_06.BODY.P047,59,«,2,MEANINGFUL_NESTED_QUOTE_KEEP,PASSION24.TEXT.RELATED_HOUR_06.BODY.P047,114
PASSION24.TEXT.RELATED_HOUR_06:body,PASSION24.TEXT.RELATED_HOUR_06.BODY.P047,114,»,2,MEANINGFUL_NESTED_QUOTE_KEEP,PASSION24.TEXT.RELATED_HOUR_06.BODY.P047,59
PASSION24.TEXT.RELATED_HOUR_06:body,PASSION24.TEXT.RELATED_HOUR_06.BODY.P051,211,«,2,MEANINGFUL_NESTED_QUOTE_KEEP,PASSION24.TEXT.RELATED_HOUR_06.BODY.P051,258
PASSION24.TEXT.RELATED_HOUR_06:body,PASSION24.TEXT.RELATED_HOUR_06.BODY.P051,258,»,2,MEANINGFUL_NESTED_QUOTE_KEEP,PASSION24.TEXT.RELATED_HOUR_06.BODY.P051,211
PASSION24.TEXT.RELATED_HOUR_06:body,PASSION24.TEXT.RELATED_HOUR_06.BODY.P053,122,«,2,MEANINGFUL_NESTED_QUOTE_KEEP,PASSION24.TEXT.RELATED_HOUR_06.BODY.P054,34
PASSION24.TEXT.RELATED_HOUR_06:body,PASSION24.TEXT.RELATED_HOUR_06.BODY.P054,34,»,2,MEANINGFUL_NESTED_QUOTE_KEEP,PASSION24.TEXT.RELATED_HOUR_06.BODY.P053,122
PASSION24.TEXT.RELATED_HOUR_06:body,PASSION24.TEXT.RELATED_HOUR_06.BODY.P068,312,«,2,MEANINGFUL_NESTED_QUOTE_KEEP,PASSION24.TEXT.RELATED_HOUR_06.BODY.P069,71
PASSION24.TEXT.RELATED_HOUR_06:body,PASSION24.TEXT.RELATED_HOUR_06.BODY.P069,71,»,2,MEANINGFUL_NESTED_QUOTE_KEEP,PASSION24.TEXT.RELATED_HOUR_06.BODY.P068,312
PASSION24.TEXT.RELATED_HOUR_06:body,PASSION24.TEXT.RELATED_HOUR_06.BODY.P036,163,«,1,OUTER_DIVINE_OPEN_WRAPPER_HIDE,PASSION24.TEXT.RELATED_HOUR_06.BODY.P071,183
PASSION24.TEXT.RELATED_HOUR_06:body,PASSION24.TEXT.RELATED_HOUR_06.BODY.P071,183,»,1,OUTER_DIVINE_CLOSE_WRAPPER_HIDE,PASSION24.TEXT.RELATED_HOUR_06.BODY.P036,163
PASSION24.TEXT.RELATED_HOUR_07:body,PASSION24.TEXT.RELATED_HOUR_07.BODY.P007,59,«,1,OUTER_DIVINE_OPEN_WRAPPER_HIDE,PASSION24.TEXT.RELATED_HOUR_07.BODY.P036,42
PASSION24.TEXT.RELATED_HOUR_07:body,PASSION24.TEXT.RELATED_HOUR_07.BODY.P036,42,»,1,OUTER_DIVINE_CLOSE_WRAPPER_HIDE,PASSION24.TEXT.RELATED_HOUR_07.BODY.P007,59
PASSION24.TEXT.RELATED_HOUR_07:body,PASSION24.TEXT.RELATED_HOUR_07.BODY.P036,95,«,1,REPORTED_QUOTE_KEEP,PASSION24.TEXT.RELATED_HOUR_07.BODY.P037,43
PASSION24.TEXT.RELATED_HOUR_07:body,PASSION24.TEXT.RELATED_HOUR_07.BODY.P037,43,»,1,REPORTED_QUOTE_KEEP,PASSION24.TEXT.RELATED_HOUR_07.BODY.P036,95
PASSION24.TEXT.RELATED_HOUR_07:body,PASSION24.TEXT.RELATED_HOUR_07.BODY.P038,26,«,1,OUTER_DIVINE_OPEN_WRAPPER_HIDE,PASSION24.TEXT.RELATED_HOUR_07.BODY.P047,297
PASSION24.TEXT.RELATED_HOUR_07:body,PASSION24.TEXT.RELATED_HOUR_07.BODY.P047,297,»,1,OUTER_DIVINE_CLOSE_WRAPPER_HIDE,PASSION24.TEXT.RELATED_HOUR_07.BODY.P038,26
PASSION24.TEXT.RELATED_HOUR_07:body,PASSION24.TEXT.RELATED_HOUR_07.BODY.P049,228,«,1,OUTER_DIVINE_OPEN_WRAPPER_HIDE,PASSION24.TEXT.RELATED_HOUR_07.BODY.P065,162
PASSION24.TEXT.RELATED_HOUR_07:body,PASSION24.TEXT.RELATED_HOUR_07.BODY.P065,162,»,1,OUTER_DIVINE_CLOSE_WRAPPER_HIDE,PASSION24.TEXT.RELATED_HOUR_07.BODY.P049,228
PASSION24.TEXT.RELATED_HOUR_08:body,PASSION24.TEXT.RELATED_HOUR_08.BODY.P007,40,«,1,OUTER_DIVINE_OPEN_WRAPPER_HIDE,PASSION24.TEXT.RELATED_HOUR_08.BODY.P021,122
PASSION24.TEXT.RELATED_HOUR_08:body,PASSION24.TEXT.RELATED_HOUR_08.BODY.P021,122,»,1,OUTER_DIVINE_CLOSE_WRAPPER_HIDE,PASSION24.TEXT.RELATED_HOUR_08.BODY.P007,40
PASSION24.TEXT.RELATED_HOUR_08:body,PASSION24.TEXT.RELATED_HOUR_08.BODY.P027,41,«,1,OUTER_DIVINE_OPEN_WRAPPER_HIDE,PASSION24.TEXT.RELATED_HOUR_08.BODY.P042,83
PASSION24.TEXT.RELATED_HOUR_08:body,PASSION24.TEXT.RELATED_HOUR_08.BODY.P042,83,»,1,OUTER_DIVINE_CLOSE_WRAPPER_HIDE,PASSION24.TEXT.RELATED_HOUR_08.BODY.P027,41
PASSION24.TEXT.RELATED_HOUR_08:body,PASSION24.TEXT.RELATED_HOUR_08.BODY.P046,35,«,1,OUTER_DIVINE_OPEN_WRAPPER_HIDE,PASSION24.TEXT.RELATED_HOUR_08.BODY.P051,76
PASSION24.TEXT.RELATED_HOUR_08:body,PASSION24.TEXT.RELATED_HOUR_08.BODY.P051,76,»,1,OUTER_DIVINE_CLOSE_WRAPPER_HIDE,PASSION24.TEXT.RELATED_HOUR_08.BODY.P046,35
PASSION24.TEXT.RELATED_HOUR_09:body,PASSION24.TEXT.RELATED_HOUR_09.BODY.P006,12,«,1,OUTER_DIVINE_OPEN_WRAPPER_HIDE,PASSION24.TEXT.RELATED_HOUR_09.BODY.P017,139
PASSION24.TEXT.RELATED_HOUR_09:body,PASSION24.TEXT.RELATED_HOUR_09.BODY.P017,139,»,1,OUTER_DIVINE_CLOSE_WRAPPER_HIDE,PASSION24.TEXT.RELATED_HOUR_09.BODY.P006,12
PASSION24.TEXT.RELATED_HOUR_09:body,PASSION24.TEXT.RELATED_HOUR_09.BODY.P019,12,«,1,OUTER_DIVINE_OPEN_WRAPPER_HIDE,PASSION24.TEXT.RELATED_HOUR_09.BODY.P021,147
PASSION24.TEXT.RELATED_HOUR_09:body,PASSION24.TEXT.RELATED_HOUR_09.BODY.P021,147,»,1,OUTER_DIVINE_CLOSE_WRAPPER_HIDE,PASSION24.TEXT.RELATED_HOUR_09.BODY.P019,12
PASSION24.TEXT.RELATED_HOUR_10:body,PASSION24.TEXT.RELATED_HOUR_10.BODY.P006,282,«,1,OUTER_DIVINE_OPEN_WRAPPER_HIDE,PASSION24.TEXT.RELATED_HOUR_10.BODY.P009,267
PASSION24.TEXT.RELATED_HOUR_10:body,PASSION24.TEXT.RELATED_HOUR_10.BODY.P009,267,»,1,OUTER_DIVINE_CLOSE_WRAPPER_HIDE,PASSION24.TEXT.RELATED_HOUR_10.BODY.P006,282
PASSION24.TEXT.RELATED_HOUR_10:body,PASSION24.TEXT.RELATED_HOUR_10.BODY.P009,293,«,1,OUTER_DIVINE_OPEN_WRAPPER_HIDE,PASSION24.TEXT.RELATED_HOUR_10.BODY.P009,566
PASSION24.TEXT.RELATED_HOUR_10:body,PASSION24.TEXT.RELATED_HOUR_10.BODY.P009,566,»,1,OUTER_DIVINE_CLOSE_WRAPPER_HIDE,PASSION24.TEXT.RELATED_HOUR_10.BODY.P009,293
PASSION24.TEXT.RELATED_HOUR_11:body,PASSION24.TEXT.RELATED_HOUR_11.BODY.P008,117,«,1,OUTER_DIVINE_OPEN_WRAPPER_HIDE,PASSION24.TEXT.RELATED_HOUR_11.BODY.P015,199
PASSION24.TEXT.RELATED_HOUR_11:body,PASSION24.TEXT.RELATED_HOUR_11.BODY.P015,199,»,1,OUTER_DIVINE_CLOSE_WRAPPER_HIDE,PASSION24.TEXT.RELATED_HOUR_11.BODY.P008,117
PASSION24.TEXT.RELATED_HOUR_11:body,PASSION24.TEXT.RELATED_HOUR_11.BODY.P020,122,«,1,OUTER_DIVINE_OPEN_WRAPPER_HIDE,PASSION24.TEXT.RELATED_HOUR_11.BODY.P024,223
PASSION24.TEXT.RELATED_HOUR_11:body,PASSION24.TEXT.RELATED_HOUR_11.BODY.P024,223,»,1,OUTER_DIVINE_CLOSE_WRAPPER_HIDE,PASSION24.TEXT.RELATED_HOUR_11.BODY.P020,122
PASSION24.TEXT.RELATED_HOUR_11:body,PASSION24.TEXT.RELATED_HOUR_11.BODY.P026,28,«,1,OUTER_DIVINE_OPEN_WRAPPER_HIDE,PASSION24.TEXT.RELATED_HOUR_11.BODY.P036,98
PASSION24.TEXT.RELATED_HOUR_11:body,PASSION24.TEXT.RELATED_HOUR_11.BODY.P036,98,»,1,OUTER_DIVINE_CLOSE_WRAPPER_HIDE,PASSION24.TEXT.RELATED_HOUR_11.BODY.P026,28
PASSION24.TEXT.RELATED_HOUR_11:body,PASSION24.TEXT.RELATED_HOUR_11.BODY.P038,91,«,1,OUTER_DIVINE_OPEN_WRAPPER_HIDE,PASSION24.TEXT.RELATED_HOUR_11.BODY.P044,62
PASSION24.TEXT.RELATED_HOUR_11:body,PASSION24.TEXT.RELATED_HOUR_11.BODY.P044,62,»,1,OUTER_DIVINE_CLOSE_WRAPPER_HIDE,PASSION24.TEXT.RELATED_HOUR_11.BODY.P038,91
PASSION24.TEXT.RELATED_HOUR_11:body,PASSION24.TEXT.RELATED_HOUR_11.BODY.P047,26,«,1,OUTER_DIVINE_OPEN_WRAPPER_HIDE,PASSION24.TEXT.RELATED_HOUR_11.BODY.P047,215
PASSION24.TEXT.RELATED_HOUR_11:body,PASSION24.TEXT.RELATED_HOUR_11.BODY.P047,215,»,1,OUTER_DIVINE_CLOSE_WRAPPER_HIDE,PASSION24.TEXT.RELATED_HOUR_11.BODY.P047,26
PASSION24.TEXT.RELATED_HOUR_11:body,PASSION24.TEXT.RELATED_HOUR_11.BODY.P049,60,«,1,OUTER_DIVINE_OPEN_WRAPPER_HIDE,PASSION24.TEXT.RELATED_HOUR_11.BODY.P049,186
PASSION24.TEXT.RELATED_HOUR_11:body,PASSION24.TEXT.RELATED_HOUR_11.BODY.P049,186,»,1,OUTER_DIVINE_CLOSE_WRAPPER_HIDE,PASSION24.TEXT.RELATED_HOUR_11.BODY.P049,60
PASSION24.TEXT.RELATED_HOUR_11:body,PASSION24.TEXT.RELATED_HOUR_11.BODY.P054,13,«,1,REPORTED_QUOTE_KEEP,PASSION24.TEXT.RELATED_HOUR_11.BODY.P056,208
PASSION24.TEXT.RELATED_HOUR_11:body,PASSION24.TEXT.RELATED_HOUR_11.BODY.P056,208,»,1,REPORTED_QUOTE_KEEP,PASSION24.TEXT.RELATED_HOUR_11.BODY.P054,13
PASSION24.TEXT.RELATED_HOUR_11:body,PASSION24.TEXT.RELATED_HOUR_11.BODY.P058,16,«,1,REPORTED_QUOTE_KEEP,PASSION24.TEXT.RELATED_HOUR_11.BODY.P060,100
PASSION24.TEXT.RELATED_HOUR_11:body,PASSION24.TEXT.RELATED_HOUR_11.BODY.P060,100,»,1,REPORTED_QUOTE_KEEP,PASSION24.TEXT.RELATED_HOUR_11.BODY.P058,16
PASSION24.TEXT.RELATED_HOUR_11:body,PASSION24.TEXT.RELATED_HOUR_11.BODY.P062,21,«,1,OUTER_DIVINE_OPEN_WRAPPER_HIDE,PASSION24.TEXT.RELATED_HOUR_11.BODY.P065,110
PASSION24.TEXT.RELATED_HOUR_11:body,PASSION24.TEXT.RELATED_HOUR_11.BODY.P065,110,»,1,OUTER_DIVINE_CLOSE_WRAPPER_HIDE,PASSION24.TEXT.RELATED_HOUR_11.BODY.P062,21
PASSION24.TEXT.RELATED_HOUR_11:body,PASSION24.TEXT.RELATED_HOUR_11.BODY.P067,38,«,1,OUTER_DIVINE_OPEN_WRAPPER_HIDE,PASSION24.TEXT.RELATED_HOUR_11.BODY.P069,277
PASSION24.TEXT.RELATED_HOUR_11:body,PASSION24.TEXT.RELATED_HOUR_11.BODY.P069,277,»,1,OUTER_DIVINE_CLOSE_WRAPPER_HIDE,PASSION24.TEXT.RELATED_HOUR_11.BODY.P067,38
PASSION24.TEXT.RELATED_HOUR_11:body,PASSION24.TEXT.RELATED_HOUR_11.BODY.P070,19,«,1,NARRATIVE_QUOTE_KEEP,PASSION24.TEXT.RELATED_HOUR_11.BODY.P070,135
PASSION24.TEXT.RELATED_HOUR_11:body,PASSION24.TEXT.RELATED_HOUR_11.BODY.P070,135,»,1,NARRATIVE_QUOTE_KEEP,PASSION24.TEXT.RELATED_HOUR_11.BODY.P070,19
PASSION24.TEXT.RELATED_HOUR_11:body,PASSION24.TEXT.RELATED_HOUR_11.BODY.P071,17,«,1,OUTER_DIVINE_OPEN_WRAPPER_HIDE,PASSION24.TEXT.RELATED_HOUR_11.BODY.P074,88
PASSION24.TEXT.RELATED_HOUR_11:body,PASSION24.TEXT.RELATED_HOUR_11.BODY.P074,88,»,1,OUTER_DIVINE_CLOSE_WRAPPER_HIDE,PASSION24.TEXT.RELATED_HOUR_11.BODY.P071,17
PASSION24.TEXT.RELATED_HOUR_12:body,PASSION24.TEXT.RELATED_HOUR_12.BODY.P006,162,«,1,OUTER_DIVINE_OPEN_WRAPPER_HIDE,PASSION24.TEXT.RELATED_HOUR_12.BODY.P009,196
PASSION24.TEXT.RELATED_HOUR_12:body,PASSION24.TEXT.RELATED_HOUR_12.BODY.P009,196,»,1,OUTER_DIVINE_CLOSE_WRAPPER_HIDE,PASSION24.TEXT.RELATED_HOUR_12.BODY.P006,162
PASSION24.TEXT.RELATED_HOUR_12:body,PASSION24.TEXT.RELATED_HOUR_12.BODY.P014,12,«,1,OUTER_DIVINE_OPEN_WRAPPER_HIDE,PASSION24.TEXT.RELATED_HOUR_12.BODY.P020,187
PASSION24.TEXT.RELATED_HOUR_12:body,PASSION24.TEXT.RELATED_HOUR_12.BODY.P020,187,»,1,OUTER_DIVINE_CLOSE_WRAPPER_HIDE,PASSION24.TEXT.RELATED_HOUR_12.BODY.P014,12
PASSION24.TEXT.RELATED_HOUR_13:body,PASSION24.TEXT.RELATED_HOUR_13.BODY.P002,30,«,1,NARRATIVE_QUOTE_KEEP,PASSION24.TEXT.RELATED_HOUR_13.BODY.P002,132
PASSION24.TEXT.RELATED_HOUR_13:body,PASSION24.TEXT.RELATED_HOUR_13.BODY.P002,132,»,1,NARRATIVE_QUOTE_KEEP,PASSION24.TEXT.RELATED_HOUR_13.BODY.P002,30
PASSION24.TEXT.RELATED_HOUR_13:body,PASSION24.TEXT.RELATED_HOUR_13.BODY.P007,28,«,1,NARRATIVE_QUOTE_KEEP,PASSION24.TEXT.RELATED_HOUR_13.BODY.P007,130
PASSION24.TEXT.RELATED_HOUR_13:body,PASSION24.TEXT.RELATED_HOUR_13.BODY.P007,130,»,1,NARRATIVE_QUOTE_KEEP,PASSION24.TEXT.RELATED_HOUR_13.BODY.P007,28
PASSION24.TEXT.RELATED_HOUR_13:body,PASSION24.TEXT.RELATED_HOUR_13.BODY.P009,12,«,1,OUTER_DIVINE_OPEN_WRAPPER_HIDE,PASSION24.TEXT.RELATED_HOUR_13.BODY.P013,162
PASSION24.TEXT.RELATED_HOUR_13:body,PASSION24.TEXT.RELATED_HOUR_13.BODY.P013,162,»,1,OUTER_DIVINE_CLOSE_WRAPPER_HIDE,PASSION24.TEXT.RELATED_HOUR_13.BODY.P009,12
PASSION24.TEXT.RELATED_HOUR_13:body,PASSION24.TEXT.RELATED_HOUR_13.BODY.P019,179,«,1,OUTER_DIVINE_OPEN_WRAPPER_HIDE,PASSION24.TEXT.RELATED_HOUR_13.BODY.P039,421
PASSION24.TEXT.RELATED_HOUR_13:body,PASSION24.TEXT.RELATED_HOUR_13.BODY.P039,421,»,1,OUTER_DIVINE_CLOSE_WRAPPER_HIDE,PASSION24.TEXT.RELATED_HOUR_13.BODY.P019,179
PASSION24.TEXT.RELATED_HOUR_13:body,PASSION24.TEXT.RELATED_HOUR_13.BODY.P039,451,«,1,REPORTED_QUOTE_KEEP,PASSION24.TEXT.RELATED_HOUR_13.BODY.P040,151
PASSION24.TEXT.RELATED_HOUR_13:body,PASSION24.TEXT.RELATED_HOUR_13.BODY.P040,151,»,1,REPORTED_QUOTE_KEEP,PASSION24.TEXT.RELATED_HOUR_13.BODY.P039,451
PASSION24.TEXT.RELATED_HOUR_13:body,PASSION24.TEXT.RELATED_HOUR_13.BODY.P041,37,«,1,OUTER_DIVINE_OPEN_WRAPPER_HIDE,PASSION24.TEXT.RELATED_HOUR_13.BODY.P043,385
PASSION24.TEXT.RELATED_HOUR_13:body,PASSION24.TEXT.RELATED_HOUR_13.BODY.P043,385,»,1,OUTER_DIVINE_CLOSE_WRAPPER_HIDE,PASSION24.TEXT.RELATED_HOUR_13.BODY.P041,37
PASSION24.TEXT.RELATED_HOUR_13:body,PASSION24.TEXT.RELATED_HOUR_13.BODY.P047,65,«,1,REPORTED_QUOTE_KEEP,PASSION24.TEXT.RELATED_HOUR_13.BODY.P117,76
PASSION24.TEXT.RELATED_HOUR_13:body,PASSION24.TEXT.RELATED_HOUR_13.BODY.P117,76,»,1,REPORTED_QUOTE_KEEP,PASSION24.TEXT.RELATED_HOUR_13.BODY.P047,65
PASSION24.TEXT.RELATED_HOUR_13:body,PASSION24.TEXT.RELATED_HOUR_13.BODY.P161,18,«,1,NARRATIVE_QUOTE_KEEP,PASSION24.TEXT.RELATED_HOUR_13.BODY.P161,140
PASSION24.TEXT.RELATED_HOUR_13:body,PASSION24.TEXT.RELATED_HOUR_13.BODY.P161,140,»,1,NARRATIVE_QUOTE_KEEP,PASSION24.TEXT.RELATED_HOUR_13.BODY.P161,18
PASSION24.TEXT.RELATED_HOUR_14:body,PASSION24.TEXT.RELATED_HOUR_14.BODY.P005,92,«,1,OUTER_DIVINE_OPEN_WRAPPER_HIDE,PASSION24.TEXT.RELATED_HOUR_14.BODY.P019,65
PASSION24.TEXT.RELATED_HOUR_14:body,PASSION24.TEXT.RELATED_HOUR_14.BODY.P019,65,»,1,OUTER_DIVINE_CLOSE_WRAPPER_HIDE,PASSION24.TEXT.RELATED_HOUR_14.BODY.P005,92
PASSION24.TEXT.RELATED_HOUR_14:body,PASSION24.TEXT.RELATED_HOUR_14.BODY.P020,60,«,1,OUTER_DIVINE_OPEN_WRAPPER_HIDE,PASSION24.TEXT.RELATED_HOUR_14.BODY.P031,134
PASSION24.TEXT.RELATED_HOUR_14:body,PASSION24.TEXT.RELATED_HOUR_14.BODY.P031,134,»,1,OUTER_DIVINE_CLOSE_WRAPPER_HIDE,PASSION24.TEXT.RELATED_HOUR_14.BODY.P020,60
PASSION24.TEXT.RELATED_HOUR_15:body,PASSION24.TEXT.RELATED_HOUR_15.BODY.P017,12,«,1,OUTER_DIVINE_OPEN_WRAPPER_HIDE,PASSION24.TEXT.RELATED_HOUR_15.BODY.P023,118
PASSION24.TEXT.RELATED_HOUR_15:body,PASSION24.TEXT.RELATED_HOUR_15.BODY.P023,118,»,1,OUTER_DIVINE_CLOSE_WRAPPER_HIDE,PASSION24.TEXT.RELATED_HOUR_15.BODY.P017,12
PASSION24.TEXT.RELATED_HOUR_15:body,PASSION24.TEXT.RELATED_HOUR_15.BODY.P024,71,«,1,OUTER_DIVINE_OPEN_WRAPPER_HIDE,PASSION24.TEXT.RELATED_HOUR_15.BODY.P036,259
PASSION24.TEXT.RELATED_HOUR_15:body,PASSION24.TEXT.RELATED_HOUR_15.BODY.P036,259,»,1,OUTER_DIVINE_CLOSE_WRAPPER_HIDE,PASSION24.TEXT.RELATED_HOUR_15.BODY.P024,71
PASSION24.TEXT.RELATED_HOUR_15:body,PASSION24.TEXT.RELATED_HOUR_15.BODY.P039,15,«,1,OUTER_DIVINE_OPEN_WRAPPER_HIDE,PASSION24.TEXT.RELATED_HOUR_15.BODY.P052,619
PASSION24.TEXT.RELATED_HOUR_15:body,PASSION24.TEXT.RELATED_HOUR_15.BODY.P052,619,»,1,OUTER_DIVINE_CLOSE_WRAPPER_HIDE,PASSION24.TEXT.RELATED_HOUR_15.BODY.P039,15
PASSION24.TEXT.RELATED_HOUR_15:body,PASSION24.TEXT.RELATED_HOUR_15.BODY.P055,26,«,1,OUTER_DIVINE_OPEN_WRAPPER_HIDE,PASSION24.TEXT.RELATED_HOUR_15.BODY.P072,278
PASSION24.TEXT.RELATED_HOUR_15:body,PASSION24.TEXT.RELATED_HOUR_15.BODY.P072,278,»,1,OUTER_DIVINE_CLOSE_WRAPPER_HIDE,PASSION24.TEXT.RELATED_HOUR_15.BODY.P055,26
PASSION24.TEXT.RELATED_HOUR_15:body,PASSION24.TEXT.RELATED_HOUR_15.BODY.P075,43,«,1,OUTER_DIVINE_OPEN_WRAPPER_HIDE,PASSION24.TEXT.RELATED_HOUR_15.BODY.P100,74
PASSION24.TEXT.RELATED_HOUR_15:body,PASSION24.TEXT.RELATED_HOUR_15.BODY.P100,74,»,1,OUTER_DIVINE_CLOSE_WRAPPER_HIDE,PASSION24.TEXT.RELATED_HOUR_15.BODY.P075,43
PASSION24.TEXT.RELATED_HOUR_15:body,PASSION24.TEXT.RELATED_HOUR_15.BODY.P103,12,«,1,OUTER_DIVINE_OPEN_WRAPPER_HIDE,PASSION24.TEXT.RELATED_HOUR_15.BODY.P109,425
PASSION24.TEXT.RELATED_HOUR_15:body,PASSION24.TEXT.RELATED_HOUR_15.BODY.P109,425,»,1,OUTER_DIVINE_CLOSE_WRAPPER_HIDE,PASSION24.TEXT.RELATED_HOUR_15.BODY.P103,12
PASSION24.TEXT.RELATED_HOUR_15:body,PASSION24.TEXT.RELATED_HOUR_15.BODY.P109,543,«,1,OUTER_DIVINE_OPEN_WRAPPER_HIDE,PASSION24.TEXT.RELATED_HOUR_15.BODY.P113,130
PASSION24.TEXT.RELATED_HOUR_15:body,PASSION24.TEXT.RELATED_HOUR_15.BODY.P113,130,»,1,OUTER_DIVINE_CLOSE_WRAPPER_HIDE,PASSION24.TEXT.RELATED_HOUR_15.BODY.P109,543
PASSION24.TEXT.RELATED_HOUR_15:body,PASSION24.TEXT.RELATED_HOUR_15.BODY.P116,87,«,1,NARRATIVE_QUOTE_KEEP,PASSION24.TEXT.RELATED_HOUR_15.BODY.P116,287
PASSION24.TEXT.RELATED_HOUR_15:body,PASSION24.TEXT.RELATED_HOUR_15.BODY.P116,287,»,1,NARRATIVE_QUOTE_KEEP,PASSION24.TEXT.RELATED_HOUR_15.BODY.P116,87
PASSION24.TEXT.RELATED_HOUR_15:body,PASSION24.TEXT.RELATED_HOUR_15.BODY.P116,320,«,1,OUTER_DIVINE_OPEN_WRAPPER_HIDE,PASSION24.TEXT.RELATED_HOUR_15.BODY.P131,161
PASSION24.TEXT.RELATED_HOUR_15:body,PASSION24.TEXT.RELATED_HOUR_15.BODY.P131,161,»,1,OUTER_DIVINE_CLOSE_WRAPPER_HIDE,PASSION24.TEXT.RELATED_HOUR_15.BODY.P116,320
PASSION24.TEXT.RELATED_HOUR_15:body,PASSION24.TEXT.RELATED_HOUR_15.BODY.P133,29,«,1,OUTER_DIVINE_OPEN_WRAPPER_HIDE,PASSION24.TEXT.RELATED_HOUR_15.BODY.P134,93
PASSION24.TEXT.RELATED_HOUR_15:body,PASSION24.TEXT.RELATED_HOUR_15.BODY.P134,93,»,1,OUTER_DIVINE_CLOSE_WRAPPER_HIDE,PASSION24.TEXT.RELATED_HOUR_15.BODY.P133,29
PASSION24.TEXT.RELATED_HOUR_15:body,PASSION24.TEXT.RELATED_HOUR_15.BODY.P159,101,«,1,REPORTED_QUOTE_KEEP,PASSION24.TEXT.RELATED_HOUR_15.BODY.P159,158
PASSION24.TEXT.RELATED_HOUR_15:body,PASSION24.TEXT.RELATED_HOUR_15.BODY.P159,158,»,1,REPORTED_QUOTE_KEEP,PASSION24.TEXT.RELATED_HOUR_15.BODY.P159,101
PASSION24.TEXT.RELATED_HOUR_15:body,PASSION24.TEXT.RELATED_HOUR_15.BODY.P174,34,«,1,REPORTED_QUOTE_KEEP,PASSION24.TEXT.RELATED_HOUR_15.BODY.P178,56
PASSION24.TEXT.RELATED_HOUR_15:body,PASSION24.TEXT.RELATED_HOUR_15.BODY.P178,56,»,1,REPORTED_QUOTE_KEEP,PASSION24.TEXT.RELATED_HOUR_15.BODY.P174,34
PASSION24.TEXT.RELATED_HOUR_16:body,PASSION24.TEXT.RELATED_HOUR_16.BODY.P009,84,«,1,REPORTED_QUOTE_KEEP,PASSION24.TEXT.RELATED_HOUR_16.BODY.P010,118
PASSION24.TEXT.RELATED_HOUR_16:body,PASSION24.TEXT.RELATED_HOUR_16.BODY.P010,118,»,1,REPORTED_QUOTE_KEEP,PASSION24.TEXT.RELATED_HOUR_16.BODY.P009,84
PASSION24.TEXT.RELATED_HOUR_16:body,PASSION24.TEXT.RELATED_HOUR_16.BODY.P011,93,«,1,OUTER_DIVINE_OPEN_WRAPPER_HIDE,PASSION24.TEXT.RELATED_HOUR_16.BODY.P017,210
PASSION24.TEXT.RELATED_HOUR_16:body,PASSION24.TEXT.RELATED_HOUR_16.BODY.P017,210,»,1,OUTER_DIVINE_CLOSE_WRAPPER_HIDE,PASSION24.TEXT.RELATED_HOUR_16.BODY.P011,93
PASSION24.TEXT.RELATED_HOUR_16:body,PASSION24.TEXT.RELATED_HOUR_16.BODY.P019,72,«,1,OUTER_DIVINE_OPEN_WRAPPER_HIDE,PASSION24.TEXT.RELATED_HOUR_16.BODY.P025,189
PASSION24.TEXT.RELATED_HOUR_16:body,PASSION24.TEXT.RELATED_HOUR_16.BODY.P025,189,»,1,OUTER_DIVINE_CLOSE_WRAPPER_HIDE,PASSION24.TEXT.RELATED_HOUR_16.BODY.P019,72
PASSION24.TEXT.RELATED_HOUR_16:body,PASSION24.TEXT.RELATED_HOUR_16.BODY.P033,26,«,1,OUTER_DIVINE_OPEN_WRAPPER_HIDE,PASSION24.TEXT.RELATED_HOUR_16.BODY.P047,139
PASSION24.TEXT.RELATED_HOUR_16:body,PASSION24.TEXT.RELATED_HOUR_16.BODY.P047,139,»,1,OUTER_DIVINE_CLOSE_WRAPPER_HIDE,PASSION24.TEXT.RELATED_HOUR_16.BODY.P033,26
PASSION24.TEXT.RELATED_HOUR_16:body,PASSION24.TEXT.RELATED_HOUR_16.BODY.P051,31,«,1,OUTER_DIVINE_OPEN_WRAPPER_HIDE,PASSION24.TEXT.RELATED_HOUR_16.BODY.P059,150
PASSION24.TEXT.RELATED_HOUR_16:body,PASSION24.TEXT.RELATED_HOUR_16.BODY.P059,150,»,1,OUTER_DIVINE_CLOSE_WRAPPER_HIDE,PASSION24.TEXT.RELATED_HOUR_16.BODY.P051,31
PASSION24.TEXT.RELATED_HOUR_16:body,PASSION24.TEXT.RELATED_HOUR_16.BODY.P061,255,«,1,OUTER_DIVINE_OPEN_WRAPPER_HIDE,PASSION24.TEXT.RELATED_HOUR_16.BODY.P075,251
PASSION24.TEXT.RELATED_HOUR_16:body,PASSION24.TEXT.RELATED_HOUR_16.BODY.P075,251,»,1,OUTER_DIVINE_CLOSE_WRAPPER_HIDE,PASSION24.TEXT.RELATED_HOUR_16.BODY.P061,255
PASSION24.TEXT.RELATED_HOUR_16:body,PASSION24.TEXT.RELATED_HOUR_16.BODY.P076,48,«,1,REPORTED_QUOTE_KEEP,PASSION24.TEXT.RELATED_HOUR_16.BODY.P077,391
PASSION24.TEXT.RELATED_HOUR_16:body,PASSION24.TEXT.RELATED_HOUR_16.BODY.P077,391,»,1,REPORTED_QUOTE_KEEP,PASSION24.TEXT.RELATED_HOUR_16.BODY.P076,48
PASSION24.TEXT.RELATED_HOUR_16:body,PASSION24.TEXT.RELATED_HOUR_16.BODY.P078,17,«,1,OUTER_DIVINE_OPEN_WRAPPER_HIDE,PASSION24.TEXT.RELATED_HOUR_16.BODY.P082,320
PASSION24.TEXT.RELATED_HOUR_16:body,PASSION24.TEXT.RELATED_HOUR_16.BODY.P082,320,»,1,OUTER_DIVINE_CLOSE_WRAPPER_HIDE,PASSION24.TEXT.RELATED_HOUR_16.BODY.P078,17
PASSION24.TEXT.RELATED_HOUR_16:body,PASSION24.TEXT.RELATED_HOUR_16.BODY.P087,173,«,1,OUTER_DIVINE_OPEN_WRAPPER_HIDE,PASSION24.TEXT.RELATED_HOUR_16.BODY.P090,178
PASSION24.TEXT.RELATED_HOUR_16:body,PASSION24.TEXT.RELATED_HOUR_16.BODY.P090,178,»,1,OUTER_DIVINE_CLOSE_WRAPPER_HIDE,PASSION24.TEXT.RELATED_HOUR_16.BODY.P087,173
PASSION24.TEXT.RELATED_HOUR_16:body,PASSION24.TEXT.RELATED_HOUR_16.BODY.P093,23,«,1,OUTER_DIVINE_OPEN_WRAPPER_HIDE,PASSION24.TEXT.RELATED_HOUR_16.BODY.P096,249
PASSION24.TEXT.RELATED_HOUR_16:body,PASSION24.TEXT.RELATED_HOUR_16.BODY.P096,249,»,1,OUTER_DIVINE_CLOSE_WRAPPER_HIDE,PASSION24.TEXT.RELATED_HOUR_16.BODY.P093,23
PASSION24.TEXT.RELATED_HOUR_16:body,PASSION24.TEXT.RELATED_HOUR_16.BODY.P097,13,«,1,NARRATIVE_QUOTE_KEEP,PASSION24.TEXT.RELATED_HOUR_16.BODY.P097,89
PASSION24.TEXT.RELATED_HOUR_16:body,PASSION24.TEXT.RELATED_HOUR_16.BODY.P097,89,»,1,NARRATIVE_QUOTE_KEEP,PASSION24.TEXT.RELATED_HOUR_16.BODY.P097,13
PASSION24.TEXT.RELATED_HOUR_16:body,PASSION24.TEXT.RELATED_HOUR_16.BODY.P098,17,«,1,OUTER_DIVINE_OPEN_WRAPPER_HIDE,PASSION24.TEXT.RELATED_HOUR_16.BODY.P098,424
PASSION24.TEXT.RELATED_HOUR_16:body,PASSION24.TEXT.RELATED_HOUR_16.BODY.P098,424,»,1,OUTER_DIVINE_CLOSE_WRAPPER_HIDE,PASSION24.TEXT.RELATED_HOUR_16.BODY.P098,17
PASSION24.TEXT.RELATED_HOUR_17:body,PASSION24.TEXT.RELATED_HOUR_17.BODY.P005,91,«,1,NARRATIVE_QUOTE_KEEP,PASSION24.TEXT.RELATED_HOUR_17.BODY.P005,105
PASSION24.TEXT.RELATED_HOUR_17:body,PASSION24.TEXT.RELATED_HOUR_17.BODY.P005,105,»,1,NARRATIVE_QUOTE_KEEP,PASSION24.TEXT.RELATED_HOUR_17.BODY.P005,91
PASSION24.TEXT.RELATED_HOUR_17:body,PASSION24.TEXT.RELATED_HOUR_17.BODY.P005,107,«,1,NARRATIVE_QUOTE_KEEP,PASSION24.TEXT.RELATED_HOUR_17.BODY.P005,125
PASSION24.TEXT.RELATED_HOUR_17:body,PASSION24.TEXT.RELATED_HOUR_17.BODY.P005,125,»,1,NARRATIVE_QUOTE_KEEP,PASSION24.TEXT.RELATED_HOUR_17.BODY.P005,107
PASSION24.TEXT.RELATED_HOUR_17:body,PASSION24.TEXT.RELATED_HOUR_17.BODY.P006,27,«,1,NARRATIVE_QUOTE_KEEP,PASSION24.TEXT.RELATED_HOUR_17.BODY.P006,43
PASSION24.TEXT.RELATED_HOUR_17:body,PASSION24.TEXT.RELATED_HOUR_17.BODY.P006,43,»,1,NARRATIVE_QUOTE_KEEP,PASSION24.TEXT.RELATED_HOUR_17.BODY.P006,27
PASSION24.TEXT.RELATED_HOUR_17:body,PASSION24.TEXT.RELATED_HOUR_17.BODY.P006,99,«,1,NARRATIVE_QUOTE_KEEP,PASSION24.TEXT.RELATED_HOUR_17.BODY.P006,113
PASSION24.TEXT.RELATED_HOUR_17:body,PASSION24.TEXT.RELATED_HOUR_17.BODY.P006,113,»,1,NARRATIVE_QUOTE_KEEP,PASSION24.TEXT.RELATED_HOUR_17.BODY.P006,99
PASSION24.TEXT.RELATED_HOUR_17:body,PASSION24.TEXT.RELATED_HOUR_17.BODY.P010,110,«,1,REPORTED_QUOTE_KEEP,PASSION24.TEXT.RELATED_HOUR_17.BODY.P011,284
PASSION24.TEXT.RELATED_HOUR_17:body,PASSION24.TEXT.RELATED_HOUR_17.BODY.P011,284,»,1,REPORTED_QUOTE_KEEP,PASSION24.TEXT.RELATED_HOUR_17.BODY.P010,110
PASSION24.TEXT.RELATED_HOUR_17:body,PASSION24.TEXT.RELATED_HOUR_17.BODY.P012,17,«,1,OUTER_DIVINE_OPEN_WRAPPER_HIDE,PASSION24.TEXT.RELATED_HOUR_17.BODY.P026,115
PASSION24.TEXT.RELATED_HOUR_17:body,PASSION24.TEXT.RELATED_HOUR_17.BODY.P026,115,»,1,OUTER_DIVINE_CLOSE_WRAPPER_HIDE,PASSION24.TEXT.RELATED_HOUR_17.BODY.P012,17
PASSION24.TEXT.RELATED_HOUR_17:body,PASSION24.TEXT.RELATED_HOUR_17.BODY.P031,148,«,1,OUTER_DIVINE_OPEN_WRAPPER_HIDE,PASSION24.TEXT.RELATED_HOUR_17.BODY.P032,101
PASSION24.TEXT.RELATED_HOUR_17:body,PASSION24.TEXT.RELATED_HOUR_17.BODY.P032,101,»,1,OUTER_DIVINE_CLOSE_WRAPPER_HIDE,PASSION24.TEXT.RELATED_HOUR_17.BODY.P031,148
PASSION24.TEXT.RELATED_HOUR_17:body,PASSION24.TEXT.RELATED_HOUR_17.BODY.P033,197,«,1,OUTER_DIVINE_OPEN_WRAPPER_HIDE,PASSION24.TEXT.RELATED_HOUR_17.BODY.P034,315
PASSION24.TEXT.RELATED_HOUR_17:body,PASSION24.TEXT.RELATED_HOUR_17.BODY.P034,315,»,1,OUTER_DIVINE_CLOSE_WRAPPER_HIDE,PASSION24.TEXT.RELATED_HOUR_17.BODY.P033,197
PASSION24.TEXT.RELATED_HOUR_17:body,PASSION24.TEXT.RELATED_HOUR_17.BODY.P037,12,«,1,OUTER_DIVINE_OPEN_WRAPPER_HIDE,PASSION24.TEXT.RELATED_HOUR_17.BODY.P045,355
PASSION24.TEXT.RELATED_HOUR_17:body,PASSION24.TEXT.RELATED_HOUR_17.BODY.P045,355,»,1,OUTER_DIVINE_CLOSE_WRAPPER_HIDE,PASSION24.TEXT.RELATED_HOUR_17.BODY.P037,12
PASSION24.TEXT.RELATED_HOUR_17:body,PASSION24.TEXT.RELATED_HOUR_17.BODY.P046,89,«,1,NARRATIVE_QUOTE_KEEP,PASSION24.TEXT.RELATED_HOUR_17.BODY.P046,103
PASSION24.TEXT.RELATED_HOUR_17:body,PASSION24.TEXT.RELATED_HOUR_17.BODY.P046,103,»,1,NARRATIVE_QUOTE_KEEP,PASSION24.TEXT.RELATED_HOUR_17.BODY.P046,89
PASSION24.TEXT.RELATED_HOUR_17:body,PASSION24.TEXT.RELATED_HOUR_17.BODY.P046,105,«,1,NARRATIVE_QUOTE_KEEP,PASSION24.TEXT.RELATED_HOUR_17.BODY.P046,123
PASSION24.TEXT.RELATED_HOUR_17:body,PASSION24.TEXT.RELATED_HOUR_17.BODY.P046,123,»,1,NARRATIVE_QUOTE_KEEP,PASSION24.TEXT.RELATED_HOUR_17.BODY.P046,105
PASSION24.TEXT.RELATED_HOUR_17:body,PASSION24.TEXT.RELATED_HOUR_17.BODY.P047,95,«,1,OUTER_DIVINE_OPEN_WRAPPER_HIDE,PASSION24.TEXT.RELATED_HOUR_17.BODY.P048,63
PASSION24.TEXT.RELATED_HOUR_17:body,PASSION24.TEXT.RELATED_HOUR_17.BODY.P048,63,»,1,OUTER_DIVINE_CLOSE_WRAPPER_HIDE,PASSION24.TEXT.RELATED_HOUR_17.BODY.P047,95
PASSION24.TEXT.RELATED_HOUR_17:body,PASSION24.TEXT.RELATED_HOUR_17.BODY.P049,14,«,1,NARRATIVE_QUOTE_KEEP,PASSION24.TEXT.RELATED_HOUR_17.BODY.P049,123
PASSION24.TEXT.RELATED_HOUR_17:body,PASSION24.TEXT.RELATED_HOUR_17.BODY.P049,123,»,1,NARRATIVE_QUOTE_KEEP,PASSION24.TEXT.RELATED_HOUR_17.BODY.P049,14
PASSION24.TEXT.RELATED_HOUR_17:body,PASSION24.TEXT.RELATED_HOUR_17.BODY.P050,12,«,1,OUTER_DIVINE_OPEN_WRAPPER_HIDE,PASSION24.TEXT.RELATED_HOUR_17.BODY.P050,50
PASSION24.TEXT.RELATED_HOUR_17:body,PASSION24.TEXT.RELATED_HOUR_17.BODY.P050,50,»,1,OUTER_DIVINE_CLOSE_WRAPPER_HIDE,PASSION24.TEXT.RELATED_HOUR_17.BODY.P050,12
PASSION24.TEXT.RELATED_HOUR_17:body,PASSION24.TEXT.RELATED_HOUR_17.BODY.P051,77,«,1,QUOTED_FORMULA_OR_TITLE_KEEP,PASSION24.TEXT.RELATED_HOUR_17.BODY.P051,89
PASSION24.TEXT.RELATED_HOUR_17:body,PASSION24.TEXT.RELATED_HOUR_17.BODY.P051,89,»,1,QUOTED_FORMULA_OR_TITLE_KEEP,PASSION24.TEXT.RELATED_HOUR_17.BODY.P051,77
PASSION24.TEXT.RELATED_HOUR_17:body,PASSION24.TEXT.RELATED_HOUR_17.BODY.P051,91,«,1,NARRATIVE_QUOTE_KEEP,PASSION24.TEXT.RELATED_HOUR_17.BODY.P051,107
PASSION24.TEXT.RELATED_HOUR_17:body,PASSION24.TEXT.RELATED_HOUR_17.BODY.P051,107,»,1,NARRATIVE_QUOTE_KEEP,PASSION24.TEXT.RELATED_HOUR_17.BODY.P051,91
PASSION24.TEXT.RELATED_HOUR_17:body,PASSION24.TEXT.RELATED_HOUR_17.BODY.P053,23,«,1,REPORTED_QUOTE_KEEP,PASSION24.TEXT.RELATED_HOUR_17.BODY.P054,104
PASSION24.TEXT.RELATED_HOUR_17:body,PASSION24.TEXT.RELATED_HOUR_17.BODY.P054,104,»,1,REPORTED_QUOTE_KEEP,PASSION24.TEXT.RELATED_HOUR_17.BODY.P053,23
PASSION24.TEXT.RELATED_HOUR_17:body,PASSION24.TEXT.RELATED_HOUR_17.BODY.P054,190,«,1,QUOTED_FORMULA_OR_TITLE_KEEP,PASSION24.TEXT.RELATED_HOUR_17.BODY.P054,202
PASSION24.TEXT.RELATED_HOUR_17:body,PASSION24.TEXT.RELATED_HOUR_17.BODY.P054,202,»,1,QUOTED_FORMULA_OR_TITLE_KEEP,PASSION24.TEXT.RELATED_HOUR_17.BODY.P054,190
PASSION24.TEXT.RELATED_HOUR_17:body,PASSION24.TEXT.RELATED_HOUR_17.BODY.P055,16,«,1,NARRATIVE_QUOTE_KEEP,PASSION24.TEXT.RELATED_HOUR_17.BODY.P055,70
PASSION24.TEXT.RELATED_HOUR_17:body,PASSION24.TEXT.RELATED_HOUR_17.BODY.P055,70,»,1,NARRATIVE_QUOTE_KEEP,PASSION24.TEXT.RELATED_HOUR_17.BODY.P055,16
PASSION24.TEXT.RELATED_HOUR_17:body,PASSION24.TEXT.RELATED_HOUR_17.BODY.P055,87,«,1,NARRATIVE_QUOTE_KEEP,PASSION24.TEXT.RELATED_HOUR_17.BODY.P055,109
PASSION24.TEXT.RELATED_HOUR_17:body,PASSION24.TEXT.RELATED_HOUR_17.BODY.P055,109,»,1,NARRATIVE_QUOTE_KEEP,PASSION24.TEXT.RELATED_HOUR_17.BODY.P055,87
PASSION24.TEXT.RELATED_HOUR_17:body,PASSION24.TEXT.RELATED_HOUR_17.BODY.P055,125,«,1,NARRATIVE_QUOTE_KEEP,PASSION24.TEXT.RELATED_HOUR_17.BODY.P055,139
PASSION24.TEXT.RELATED_HOUR_17:body,PASSION24.TEXT.RELATED_HOUR_17.BODY.P055,139,»,1,NARRATIVE_QUOTE_KEEP,PASSION24.TEXT.RELATED_HOUR_17.BODY.P055,125
PASSION24.TEXT.RELATED_HOUR_17:body,PASSION24.TEXT.RELATED_HOUR_17.BODY.P055,159,«,1,NARRATIVE_QUOTE_KEEP,PASSION24.TEXT.RELATED_HOUR_17.BODY.P055,171
PASSION24.TEXT.RELATED_HOUR_17:body,PASSION24.TEXT.RELATED_HOUR_17.BODY.P055,171,»,1,NARRATIVE_QUOTE_KEEP,PASSION24.TEXT.RELATED_HOUR_17.BODY.P055,159
PASSION24.TEXT.RELATED_HOUR_17:body,PASSION24.TEXT.RELATED_HOUR_17.BODY.P056,56,«,1,OUTER_DIVINE_OPEN_WRAPPER_HIDE,PASSION24.TEXT.RELATED_HOUR_17.BODY.P057,94
PASSION24.TEXT.RELATED_HOUR_17:body,PASSION24.TEXT.RELATED_HOUR_17.BODY.P057,94,»,1,OUTER_DIVINE_CLOSE_WRAPPER_HIDE,PASSION24.TEXT.RELATED_HOUR_17.BODY.P056,56
PASSION24.TEXT.RELATED_HOUR_17:body,PASSION24.TEXT.RELATED_HOUR_17.BODY.P058,37,«,1,OUTER_DIVINE_OPEN_WRAPPER_HIDE,PASSION24.TEXT.RELATED_HOUR_17.BODY.P058,49
PASSION24.TEXT.RELATED_HOUR_17:body,PASSION24.TEXT.RELATED_HOUR_17.BODY.P058,49,»,1,OUTER_DIVINE_CLOSE_WRAPPER_HIDE,PASSION24.TEXT.RELATED_HOUR_17.BODY.P058,37
PASSION24.TEXT.RELATED_HOUR_17:body,PASSION24.TEXT.RELATED_HOUR_17.BODY.P058,69,«,1,NARRATIVE_QUOTE_KEEP,PASSION24.TEXT.RELATED_HOUR_17.BODY.P058,125
PASSION24.TEXT.RELATED_HOUR_17:body,PASSION24.TEXT.RELATED_HOUR_17.BODY.P058,125,»,1,NARRATIVE_QUOTE_KEEP,PASSION24.TEXT.RELATED_HOUR_17.BODY.P058,69
PASSION24.TEXT.RELATED_HOUR_17:body,PASSION24.TEXT.RELATED_HOUR_17.BODY.P058,145,«,1,NARRATIVE_QUOTE_KEEP,PASSION24.TEXT.RELATED_HOUR_17.BODY.P058,186
PASSION24.TEXT.RELATED_HOUR_17:body,PASSION24.TEXT.RELATED_HOUR_17.BODY.P058,186,»,1,NARRATIVE_QUOTE_KEEP,PASSION24.TEXT.RELATED_HOUR_17.BODY.P058,145
PASSION24.TEXT.RELATED_HOUR_17:body,PASSION24.TEXT.RELATED_HOUR_17.BODY.P058,206,«,1,NARRATIVE_QUOTE_KEEP,PASSION24.TEXT.RELATED_HOUR_17.BODY.P058,297
PASSION24.TEXT.RELATED_HOUR_17:body,PASSION24.TEXT.RELATED_HOUR_17.BODY.P058,297,»,1,NARRATIVE_QUOTE_KEEP,PASSION24.TEXT.RELATED_HOUR_17.BODY.P058,206
PASSION24.TEXT.RELATED_HOUR_17:body,PASSION24.TEXT.RELATED_HOUR_17.BODY.P058,317,«,1,NARRATIVE_QUOTE_KEEP,PASSION24.TEXT.RELATED_HOUR_17.BODY.P058,454
PASSION24.TEXT.RELATED_HOUR_17:body,PASSION24.TEXT.RELATED_HOUR_17.BODY.P058,454,»,1,NARRATIVE_QUOTE_KEEP,PASSION24.TEXT.RELATED_HOUR_17.BODY.P058,317
PASSION24.TEXT.RELATED_HOUR_17:body,PASSION24.TEXT.RELATED_HOUR_17.BODY.P059,191,«,1,OUTER_DIVINE_OPEN_WRAPPER_HIDE,PASSION24.TEXT.RELATED_HOUR_17.BODY.P059,417
PASSION24.TEXT.RELATED_HOUR_17:body,PASSION24.TEXT.RELATED_HOUR_17.BODY.P059,417,»,1,OUTER_DIVINE_CLOSE_WRAPPER_HIDE,PASSION24.TEXT.RELATED_HOUR_17.BODY.P059,191
PASSION24.TEXT.RELATED_HOUR_17:body,PASSION24.TEXT.RELATED_HOUR_17.BODY.P061,25,«,1,NARRATIVE_QUOTE_KEEP,PASSION24.TEXT.RELATED_HOUR_17.BODY.P061,41
PASSION24.TEXT.RELATED_HOUR_17:body,PASSION24.TEXT.RELATED_HOUR_17.BODY.P061,41,»,1,NARRATIVE_QUOTE_KEEP,PASSION24.TEXT.RELATED_HOUR_17.BODY.P061,25
PASSION24.TEXT.RELATED_HOUR_17:body,PASSION24.TEXT.RELATED_HOUR_17.BODY.P061,97,«,1,NARRATIVE_QUOTE_KEEP,PASSION24.TEXT.RELATED_HOUR_17.BODY.P061,111
PASSION24.TEXT.RELATED_HOUR_17:body,PASSION24.TEXT.RELATED_HOUR_17.BODY.P061,111,»,1,NARRATIVE_QUOTE_KEEP,PASSION24.TEXT.RELATED_HOUR_17.BODY.P061,97
PASSION24.TEXT.RELATED_HOUR_17:body,PASSION24.TEXT.RELATED_HOUR_17.BODY.P066,156,«,1,NARRATIVE_QUOTE_KEEP,PASSION24.TEXT.RELATED_HOUR_17.BODY.P066,170
PASSION24.TEXT.RELATED_HOUR_17:body,PASSION24.TEXT.RELATED_HOUR_17.BODY.P066,170,»,1,NARRATIVE_QUOTE_KEEP,PASSION24.TEXT.RELATED_HOUR_17.BODY.P066,156
PASSION24.TEXT.RELATED_HOUR_17:body,PASSION24.TEXT.RELATED_HOUR_17.BODY.P067,42,«,1,QUOTED_FORMULA_OR_TITLE_KEEP,PASSION24.TEXT.RELATED_HOUR_17.BODY.P067,56
PASSION24.TEXT.RELATED_HOUR_17:body,PASSION24.TEXT.RELATED_HOUR_17.BODY.P067,56,»,1,QUOTED_FORMULA_OR_TITLE_KEEP,PASSION24.TEXT.RELATED_HOUR_17.BODY.P067,42
PASSION24.TEXT.RELATED_HOUR_17:body,PASSION24.TEXT.RELATED_HOUR_17.BODY.P067,79,«,1,QUOTED_FORMULA_OR_TITLE_KEEP,PASSION24.TEXT.RELATED_HOUR_17.BODY.P067,127
PASSION24.TEXT.RELATED_HOUR_17:body,PASSION24.TEXT.RELATED_HOUR_17.BODY.P067,127,»,1,QUOTED_FORMULA_OR_TITLE_KEEP,PASSION24.TEXT.RELATED_HOUR_17.BODY.P067,79
PASSION24.TEXT.RELATED_HOUR_17:body,PASSION24.TEXT.RELATED_HOUR_17.BODY.P073,54,«,1,QUOTED_FORMULA_OR_TITLE_KEEP,PASSION24.TEXT.RELATED_HOUR_17.BODY.P073,66
PASSION24.TEXT.RELATED_HOUR_17:body,PASSION24.TEXT.RELATED_HOUR_17.BODY.P073,66,»,1,QUOTED_FORMULA_OR_TITLE_KEEP,PASSION24.TEXT.RELATED_HOUR_17.BODY.P073,54
PASSION24.TEXT.RELATED_HOUR_18:body,PASSION24.TEXT.RELATED_HOUR_18.BODY.P006,136,«,1,NARRATIVE_QUOTE_KEEP,PASSION24.TEXT.RELATED_HOUR_18.BODY.P006,144
PASSION24.TEXT.RELATED_HOUR_18:body,PASSION24.TEXT.RELATED_HOUR_18.BODY.P006,144,»,1,NARRATIVE_QUOTE_KEEP,PASSION24.TEXT.RELATED_HOUR_18.BODY.P006,136
PASSION24.TEXT.RELATED_HOUR_18:body,PASSION24.TEXT.RELATED_HOUR_18.BODY.P011,105,«,1,NARRATIVE_QUOTE_KEEP,PASSION24.TEXT.RELATED_HOUR_18.BODY.P011,176
PASSION24.TEXT.RELATED_HOUR_18:body,PASSION24.TEXT.RELATED_HOUR_18.BODY.P011,176,»,1,NARRATIVE_QUOTE_KEEP,PASSION24.TEXT.RELATED_HOUR_18.BODY.P011,105
PASSION24.TEXT.RELATED_HOUR_18:body,PASSION24.TEXT.RELATED_HOUR_18.BODY.P012,15,«,1,OUTER_DIVINE_OPEN_WRAPPER_HIDE,PASSION24.TEXT.RELATED_HOUR_18.BODY.P019,88
PASSION24.TEXT.RELATED_HOUR_18:body,PASSION24.TEXT.RELATED_HOUR_18.BODY.P019,88,»,1,OUTER_DIVINE_CLOSE_WRAPPER_HIDE,PASSION24.TEXT.RELATED_HOUR_18.BODY.P012,15
PASSION24.TEXT.RELATED_HOUR_18:body,PASSION24.TEXT.RELATED_HOUR_18.BODY.P022,12,«,1,OUTER_DIVINE_OPEN_WRAPPER_HIDE,PASSION24.TEXT.RELATED_HOUR_18.BODY.P035,104
PASSION24.TEXT.RELATED_HOUR_18:body,PASSION24.TEXT.RELATED_HOUR_18.BODY.P035,104,»,1,OUTER_DIVINE_CLOSE_WRAPPER_HIDE,PASSION24.TEXT.RELATED_HOUR_18.BODY.P022,12
PASSION24.TEXT.RELATED_HOUR_18:body,PASSION24.TEXT.RELATED_HOUR_18.BODY.P037,155,«,1,NARRATIVE_QUOTE_KEEP,PASSION24.TEXT.RELATED_HOUR_18.BODY.P037,222
PASSION24.TEXT.RELATED_HOUR_18:body,PASSION24.TEXT.RELATED_HOUR_18.BODY.P037,222,»,1,NARRATIVE_QUOTE_KEEP,PASSION24.TEXT.RELATED_HOUR_18.BODY.P037,155
PASSION24.TEXT.RELATED_HOUR_18:body,PASSION24.TEXT.RELATED_HOUR_18.BODY.P037,241,«,1,OUTER_DIVINE_OPEN_WRAPPER_HIDE,PASSION24.TEXT.RELATED_HOUR_18.BODY.P041,277
PASSION24.TEXT.RELATED_HOUR_18:body,PASSION24.TEXT.RELATED_HOUR_18.BODY.P041,277,»,1,OUTER_DIVINE_CLOSE_WRAPPER_HIDE,PASSION24.TEXT.RELATED_HOUR_18.BODY.P037,241
PASSION24.TEXT.RELATED_HOUR_18:body,PASSION24.TEXT.RELATED_HOUR_18.BODY.P044,44,«,1,REPORTED_QUOTE_KEEP,PASSION24.TEXT.RELATED_HOUR_18.BODY.P045,112
PASSION24.TEXT.RELATED_HOUR_18:body,PASSION24.TEXT.RELATED_HOUR_18.BODY.P045,112,»,1,REPORTED_QUOTE_KEEP,PASSION24.TEXT.RELATED_HOUR_18.BODY.P044,44
PASSION24.TEXT.RELATED_HOUR_18:body,PASSION24.TEXT.RELATED_HOUR_18.BODY.P045,142,«,1,NARRATIVE_QUOTE_KEEP,PASSION24.TEXT.RELATED_HOUR_18.BODY.P045,204
PASSION24.TEXT.RELATED_HOUR_18:body,PASSION24.TEXT.RELATED_HOUR_18.BODY.P045,204,»,1,NARRATIVE_QUOTE_KEEP,PASSION24.TEXT.RELATED_HOUR_18.BODY.P045,142
PASSION24.TEXT.RELATED_HOUR_18:body,PASSION24.TEXT.RELATED_HOUR_18.BODY.P046,35,«,1,OUTER_DIVINE_OPEN_WRAPPER_HIDE,PASSION24.TEXT.RELATED_HOUR_18.BODY.P047,283
PASSION24.TEXT.RELATED_HOUR_18:body,PASSION24.TEXT.RELATED_HOUR_18.BODY.P047,283,»,1,OUTER_DIVINE_CLOSE_WRAPPER_HIDE,PASSION24.TEXT.RELATED_HOUR_18.BODY.P046,35
PASSION24.TEXT.RELATED_HOUR_18:body,PASSION24.TEXT.RELATED_HOUR_18.BODY.P048,227,«,1,OUTER_DIVINE_OPEN_WRAPPER_HIDE,PASSION24.TEXT.RELATED_HOUR_18.BODY.P049,240
PASSION24.TEXT.RELATED_HOUR_18:body,PASSION24.TEXT.RELATED_HOUR_18.BODY.P049,240,»,1,OUTER_DIVINE_CLOSE_WRAPPER_HIDE,PASSION24.TEXT.RELATED_HOUR_18.BODY.P048,227
PASSION24.TEXT.RELATED_HOUR_18:body,PASSION24.TEXT.RELATED_HOUR_18.BODY.P050,134,«,1,NARRATIVE_QUOTE_KEEP,PASSION24.TEXT.RELATED_HOUR_18.BODY.P050,142
PASSION24.TEXT.RELATED_HOUR_18:body,PASSION24.TEXT.RELATED_HOUR_18.BODY.P050,142,»,1,NARRATIVE_QUOTE_KEEP,PASSION24.TEXT.RELATED_HOUR_18.BODY.P050,134
PASSION24.TEXT.RELATED_HOUR_18:body,PASSION24.TEXT.RELATED_HOUR_18.BODY.P052,31,«,1,REPORTED_QUOTE_KEEP,PASSION24.TEXT.RELATED_HOUR_18.BODY.P060,185
PASSION24.TEXT.RELATED_HOUR_18:body,PASSION24.TEXT.RELATED_HOUR_18.BODY.P060,185,»,1,REPORTED_QUOTE_KEEP,PASSION24.TEXT.RELATED_HOUR_18.BODY.P052,31
PASSION24.TEXT.RELATED_HOUR_18:body,PASSION24.TEXT.RELATED_HOUR_18.BODY.P061,166,«,1,NARRATIVE_QUOTE_KEEP,PASSION24.TEXT.RELATED_HOUR_18.BODY.P061,172
PASSION24.TEXT.RELATED_HOUR_18:body,PASSION24.TEXT.RELATED_HOUR_18.BODY.P061,172,»,1,NARRATIVE_QUOTE_KEEP,PASSION24.TEXT.RELATED_HOUR_18.BODY.P061,166
PASSION24.TEXT.RELATED_HOUR_18:body,PASSION24.TEXT.RELATED_HOUR_18.BODY.P062,15,«,1,OUTER_DIVINE_OPEN_WRAPPER_HIDE,PASSION24.TEXT.RELATED_HOUR_18.BODY.P062,158
PASSION24.TEXT.RELATED_HOUR_18:body,PASSION24.TEXT.RELATED_HOUR_18.BODY.P062,158,»,1,OUTER_DIVINE_CLOSE_WRAPPER_HIDE,PASSION24.TEXT.RELATED_HOUR_18.BODY.P062,15
PASSION24.TEXT.RELATED_HOUR_18:body,PASSION24.TEXT.RELATED_HOUR_18.BODY.P069,39,«,1,OUTER_DIVINE_OPEN_WRAPPER_HIDE,PASSION24.TEXT.RELATED_HOUR_18.BODY.P072,273
PASSION24.TEXT.RELATED_HOUR_18:body,PASSION24.TEXT.RELATED_HOUR_18.BODY.P072,273,»,1,OUTER_DIVINE_CLOSE_WRAPPER_HIDE,PASSION24.TEXT.RELATED_HOUR_18.BODY.P069,39
PASSION24.TEXT.RELATED_HOUR_18:body,PASSION24.TEXT.RELATED_HOUR_18.BODY.P072,288,«,1,NARRATIVE_QUOTE_KEEP,PASSION24.TEXT.RELATED_HOUR_18.BODY.P072,454
PASSION24.TEXT.RELATED_HOUR_18:body,PASSION24.TEXT.RELATED_HOUR_18.BODY.P072,454,»,1,NARRATIVE_QUOTE_KEEP,PASSION24.TEXT.RELATED_HOUR_18.BODY.P072,288
PASSION24.TEXT.RELATED_HOUR_18:body,PASSION24.TEXT.RELATED_HOUR_18.BODY.P073,12,«,1,OUTER_DIVINE_OPEN_WRAPPER_HIDE,PASSION24.TEXT.RELATED_HOUR_18.BODY.P075,65
PASSION24.TEXT.RELATED_HOUR_18:body,PASSION24.TEXT.RELATED_HOUR_18.BODY.P075,65,»,1,OUTER_DIVINE_CLOSE_WRAPPER_HIDE,PASSION24.TEXT.RELATED_HOUR_18.BODY.P073,12
PASSION24.TEXT.RELATED_HOUR_18:body,PASSION24.TEXT.RELATED_HOUR_18.BODY.P080,15,«,1,OUTER_DIVINE_OPEN_WRAPPER_HIDE,PASSION24.TEXT.RELATED_HOUR_18.BODY.P081,112
PASSION24.TEXT.RELATED_HOUR_18:body,PASSION24.TEXT.RELATED_HOUR_18.BODY.P081,112,»,1,OUTER_DIVINE_CLOSE_WRAPPER_HIDE,PASSION24.TEXT.RELATED_HOUR_18.BODY.P080,15
PASSION24.TEXT.RELATED_HOUR_18:body,PASSION24.TEXT.RELATED_HOUR_18.BODY.P082,180,«,1,OUTER_DIVINE_OPEN_WRAPPER_HIDE,PASSION24.TEXT.RELATED_HOUR_18.BODY.P086,150
PASSION24.TEXT.RELATED_HOUR_18:body,PASSION24.TEXT.RELATED_HOUR_18.BODY.P086,150,»,1,OUTER_DIVINE_CLOSE_WRAPPER_HIDE,PASSION24.TEXT.RELATED_HOUR_18.BODY.P082,180
PASSION24.TEXT.RELATED_HOUR_18:body,PASSION24.TEXT.RELATED_HOUR_18.BODY.P087,12,«,1,OUTER_DIVINE_OPEN_WRAPPER_HIDE,PASSION24.TEXT.RELATED_HOUR_18.BODY.P094,47
PASSION24.TEXT.RELATED_HOUR_18:body,PASSION24.TEXT.RELATED_HOUR_18.BODY.P094,47,»,1,OUTER_DIVINE_CLOSE_WRAPPER_HIDE,PASSION24.TEXT.RELATED_HOUR_18.BODY.P087,12
PASSION24.TEXT.RELATED_HOUR_19:body,PASSION24.TEXT.RELATED_HOUR_19.BODY.P008,93,«,1,OUTER_DIVINE_OPEN_WRAPPER_HIDE,PASSION24.TEXT.RELATED_HOUR_19.BODY.P017,175
PASSION24.TEXT.RELATED_HOUR_19:body,PASSION24.TEXT.RELATED_HOUR_19.BODY.P017,175,»,1,OUTER_DIVINE_CLOSE_WRAPPER_HIDE,PASSION24.TEXT.RELATED_HOUR_19.BODY.P008,93
PASSION24.TEXT.RELATED_HOUR_19:body,PASSION24.TEXT.RELATED_HOUR_19.BODY.P019,49,«,1,NON_DIVINE_DIRECT_QUOTE_KEEP,PASSION24.TEXT.RELATED_HOUR_19.BODY.P019,191
PASSION24.TEXT.RELATED_HOUR_19:body,PASSION24.TEXT.RELATED_HOUR_19.BODY.P019,191,»,1,NON_DIVINE_DIRECT_QUOTE_KEEP,PASSION24.TEXT.RELATED_HOUR_19.BODY.P019,49
PASSION24.TEXT.RELATED_HOUR_19:body,PASSION24.TEXT.RELATED_HOUR_19.BODY.P020,32,«,1,OUTER_DIVINE_OPEN_WRAPPER_HIDE,PASSION24.TEXT.RELATED_HOUR_19.BODY.P033,103
PASSION24.TEXT.RELATED_HOUR_19:body,PASSION24.TEXT.RELATED_HOUR_19.BODY.P033,103,»,1,OUTER_DIVINE_CLOSE_WRAPPER_HIDE,PASSION24.TEXT.RELATED_HOUR_19.BODY.P020,32
PASSION24.TEXT.RELATED_HOUR_19:body,PASSION24.TEXT.RELATED_HOUR_19.BODY.P035,15,«,1,REPORTED_QUOTE_KEEP,PASSION24.TEXT.RELATED_HOUR_19.BODY.P038,72
PASSION24.TEXT.RELATED_HOUR_19:body,PASSION24.TEXT.RELATED_HOUR_19.BODY.P038,72,»,1,REPORTED_QUOTE_KEEP,PASSION24.TEXT.RELATED_HOUR_19.BODY.P035,15
PASSION24.TEXT.RELATED_HOUR_19:body,PASSION24.TEXT.RELATED_HOUR_19.BODY.P040,15,«,1,OUTER_DIVINE_OPEN_WRAPPER_HIDE,PASSION24.TEXT.RELATED_HOUR_19.BODY.P056,50
PASSION24.TEXT.RELATED_HOUR_19:body,PASSION24.TEXT.RELATED_HOUR_19.BODY.P056,50,»,1,OUTER_DIVINE_CLOSE_WRAPPER_HIDE,PASSION24.TEXT.RELATED_HOUR_19.BODY.P040,15
PASSION24.TEXT.RELATED_HOUR_19:body,PASSION24.TEXT.RELATED_HOUR_19.BODY.P058,381,«,1,OUTER_DIVINE_OPEN_WRAPPER_HIDE,PASSION24.TEXT.RELATED_HOUR_19.BODY.P060,201
PASSION24.TEXT.RELATED_HOUR_19:body,PASSION24.TEXT.RELATED_HOUR_19.BODY.P060,201,»,1,OUTER_DIVINE_CLOSE_WRAPPER_HIDE,PASSION24.TEXT.RELATED_HOUR_19.BODY.P058,381
PASSION24.TEXT.RELATED_HOUR_19:body,PASSION24.TEXT.RELATED_HOUR_19.BODY.P065,12,«,1,OUTER_DIVINE_OPEN_WRAPPER_HIDE,PASSION24.TEXT.RELATED_HOUR_19.BODY.P067,150
PASSION24.TEXT.RELATED_HOUR_19:body,PASSION24.TEXT.RELATED_HOUR_19.BODY.P067,150,»,1,OUTER_DIVINE_CLOSE_WRAPPER_HIDE,PASSION24.TEXT.RELATED_HOUR_19.BODY.P065,12
PASSION24.TEXT.RELATED_HOUR_19:body,PASSION24.TEXT.RELATED_HOUR_19.BODY.P069,16,«,1,NARRATIVE_QUOTE_KEEP,PASSION24.TEXT.RELATED_HOUR_19.BODY.P069,124
PASSION24.TEXT.RELATED_HOUR_19:body,PASSION24.TEXT.RELATED_HOUR_19.BODY.P069,124,»,1,NARRATIVE_QUOTE_KEEP,PASSION24.TEXT.RELATED_HOUR_19.BODY.P069,16
PASSION24.TEXT.RELATED_HOUR_19:body,PASSION24.TEXT.RELATED_HOUR_19.BODY.P070,73,«,1,OUTER_DIVINE_OPEN_WRAPPER_HIDE,PASSION24.TEXT.RELATED_HOUR_19.BODY.P074,316
PASSION24.TEXT.RELATED_HOUR_19:body,PASSION24.TEXT.RELATED_HOUR_19.BODY.P074,316,»,1,OUTER_DIVINE_CLOSE_WRAPPER_HIDE,PASSION24.TEXT.RELATED_HOUR_19.BODY.P070,73
PASSION24.TEXT.RELATED_HOUR_19:body,PASSION24.TEXT.RELATED_HOUR_19.BODY.P076,366,«,1,OUTER_DIVINE_OPEN_WRAPPER_HIDE,PASSION24.TEXT.RELATED_HOUR_19.BODY.P080,337
PASSION24.TEXT.RELATED_HOUR_19:body,PASSION24.TEXT.RELATED_HOUR_19.BODY.P080,337,»,1,OUTER_DIVINE_CLOSE_WRAPPER_HIDE,PASSION24.TEXT.RELATED_HOUR_19.BODY.P076,366
PASSION24.TEXT.RELATED_HOUR_20:body,PASSION24.TEXT.RELATED_HOUR_20.BODY.P007,63,«,1,OUTER_DIVINE_OPEN_WRAPPER_HIDE,PASSION24.TEXT.RELATED_HOUR_20.BODY.P015,104
PASSION24.TEXT.RELATED_HOUR_20:body,PASSION24.TEXT.RELATED_HOUR_20.BODY.P015,104,»,1,OUTER_DIVINE_CLOSE_WRAPPER_HIDE,PASSION24.TEXT.RELATED_HOUR_20.BODY.P007,63
PASSION24.TEXT.RELATED_HOUR_20:body,PASSION24.TEXT.RELATED_HOUR_20.BODY.P015,176,«,1,REPORTED_QUOTE_KEEP,PASSION24.TEXT.RELATED_HOUR_20.BODY.P016,57
PASSION24.TEXT.RELATED_HOUR_20:body,PASSION24.TEXT.RELATED_HOUR_20.BODY.P016,57,»,1,REPORTED_QUOTE_KEEP,PASSION24.TEXT.RELATED_HOUR_20.BODY.P015,176
PASSION24.TEXT.RELATED_HOUR_20:body,PASSION24.TEXT.RELATED_HOUR_20.BODY.P016,119,«,1,OUTER_DIVINE_OPEN_WRAPPER_HIDE,PASSION24.TEXT.RELATED_HOUR_20.BODY.P018,131
PASSION24.TEXT.RELATED_HOUR_20:body,PASSION24.TEXT.RELATED_HOUR_20.BODY.P018,131,»,1,OUTER_DIVINE_CLOSE_WRAPPER_HIDE,PASSION24.TEXT.RELATED_HOUR_20.BODY.P016,119
PASSION24.TEXT.RELATED_HOUR_20:body,PASSION24.TEXT.RELATED_HOUR_20.BODY.P020,54,«,1,OUTER_DIVINE_OPEN_WRAPPER_HIDE,PASSION24.TEXT.RELATED_HOUR_20.BODY.P021,49
PASSION24.TEXT.RELATED_HOUR_20:body,PASSION24.TEXT.RELATED_HOUR_20.BODY.P021,49,»,1,OUTER_DIVINE_CLOSE_WRAPPER_HIDE,PASSION24.TEXT.RELATED_HOUR_20.BODY.P020,54
PASSION24.TEXT.RELATED_HOUR_20:body,PASSION24.TEXT.RELATED_HOUR_20.BODY.P022,33,«,1,OUTER_DIVINE_OPEN_WRAPPER_HIDE,PASSION24.TEXT.RELATED_HOUR_20.BODY.P023,107
PASSION24.TEXT.RELATED_HOUR_20:body,PASSION24.TEXT.RELATED_HOUR_20.BODY.P023,107,»,1,OUTER_DIVINE_CLOSE_WRAPPER_HIDE,PASSION24.TEXT.RELATED_HOUR_20.BODY.P022,33
PASSION24.TEXT.RELATED_HOUR_20:body,PASSION24.TEXT.RELATED_HOUR_20.BODY.P023,177,«,1,OUTER_DIVINE_OPEN_WRAPPER_HIDE,PASSION24.TEXT.RELATED_HOUR_20.BODY.P024,312
PASSION24.TEXT.RELATED_HOUR_20:body,PASSION24.TEXT.RELATED_HOUR_20.BODY.P024,312,»,1,OUTER_DIVINE_CLOSE_WRAPPER_HIDE,PASSION24.TEXT.RELATED_HOUR_20.BODY.P023,177
PASSION24.TEXT.RELATED_HOUR_20:body,PASSION24.TEXT.RELATED_HOUR_20.BODY.P024,607,«,1,OUTER_DIVINE_OPEN_WRAPPER_HIDE,PASSION24.TEXT.RELATED_HOUR_20.BODY.P028,412
PASSION24.TEXT.RELATED_HOUR_20:body,PASSION24.TEXT.RELATED_HOUR_20.BODY.P028,412,»,1,OUTER_DIVINE_CLOSE_WRAPPER_HIDE,PASSION24.TEXT.RELATED_HOUR_20.BODY.P024,607
PASSION24.TEXT.RELATED_HOUR_20:body,PASSION24.TEXT.RELATED_HOUR_20.BODY.P029,45,«,1,REPORTED_QUOTE_KEEP,PASSION24.TEXT.RELATED_HOUR_20.BODY.P030,195
PASSION24.TEXT.RELATED_HOUR_20:body,PASSION24.TEXT.RELATED_HOUR_20.BODY.P030,195,»,1,REPORTED_QUOTE_KEEP,PASSION24.TEXT.RELATED_HOUR_20.BODY.P029,45
PASSION24.TEXT.RELATED_HOUR_20:body,PASSION24.TEXT.RELATED_HOUR_20.BODY.P030,233,«,1,OUTER_DIVINE_OPEN_WRAPPER_HIDE,PASSION24.TEXT.RELATED_HOUR_20.BODY.P032,396
PASSION24.TEXT.RELATED_HOUR_20:body,PASSION24.TEXT.RELATED_HOUR_20.BODY.P032,396,»,1,OUTER_DIVINE_CLOSE_WRAPPER_HIDE,PASSION24.TEXT.RELATED_HOUR_20.BODY.P030,233
PASSION24.TEXT.RELATED_HOUR_21:body,PASSION24.TEXT.RELATED_HOUR_21.BODY.P049,12,«,1,OUTER_DIVINE_OPEN_WRAPPER_HIDE,PASSION24.TEXT.RELATED_HOUR_21.BODY.P050,221
PASSION24.TEXT.RELATED_HOUR_21:body,PASSION24.TEXT.RELATED_HOUR_21.BODY.P050,221,»,1,OUTER_DIVINE_CLOSE_WRAPPER_HIDE,PASSION24.TEXT.RELATED_HOUR_21.BODY.P049,12
PASSION24.TEXT.RELATED_HOUR_21:body,PASSION24.TEXT.RELATED_HOUR_21.BODY.P052,16,«,1,REPORTED_QUOTE_KEEP,PASSION24.TEXT.RELATED_HOUR_21.BODY.P054,156
PASSION24.TEXT.RELATED_HOUR_21:body,PASSION24.TEXT.RELATED_HOUR_21.BODY.P054,156,»,1,REPORTED_QUOTE_KEEP,PASSION24.TEXT.RELATED_HOUR_21.BODY.P052,16
PASSION24.TEXT.RELATED_HOUR_21:body,PASSION24.TEXT.RELATED_HOUR_21.BODY.P056,12,«,1,OUTER_DIVINE_OPEN_WRAPPER_HIDE,PASSION24.TEXT.RELATED_HOUR_21.BODY.P056,97
PASSION24.TEXT.RELATED_HOUR_21:body,PASSION24.TEXT.RELATED_HOUR_21.BODY.P056,97,»,1,OUTER_DIVINE_CLOSE_WRAPPER_HIDE,PASSION24.TEXT.RELATED_HOUR_21.BODY.P056,12
PASSION24.TEXT.RELATED_HOUR_21:body,PASSION24.TEXT.RELATED_HOUR_21.BODY.P057,12,«,1,OUTER_DIVINE_OPEN_WRAPPER_HIDE,PASSION24.TEXT.RELATED_HOUR_21.BODY.P057,259
PASSION24.TEXT.RELATED_HOUR_21:body,PASSION24.TEXT.RELATED_HOUR_21.BODY.P057,259,»,1,OUTER_DIVINE_CLOSE_WRAPPER_HIDE,PASSION24.TEXT.RELATED_HOUR_21.BODY.P057,12
PASSION24.TEXT.RELATED_HOUR_21:body,PASSION24.TEXT.RELATED_HOUR_21.BODY.P058,47,«,1,NARRATIVE_QUOTE_KEEP,PASSION24.TEXT.RELATED_HOUR_21.BODY.P058,121
PASSION24.TEXT.RELATED_HOUR_21:body,PASSION24.TEXT.RELATED_HOUR_21.BODY.P058,121,»,1,NARRATIVE_QUOTE_KEEP,PASSION24.TEXT.RELATED_HOUR_21.BODY.P058,47
PASSION24.TEXT.RELATED_HOUR_21:body,PASSION24.TEXT.RELATED_HOUR_21.BODY.P059,25,«,1,OUTER_DIVINE_OPEN_WRAPPER_HIDE,PASSION24.TEXT.RELATED_HOUR_21.BODY.P059,93
PASSION24.TEXT.RELATED_HOUR_21:body,PASSION24.TEXT.RELATED_HOUR_21.BODY.P059,93,»,1,OUTER_DIVINE_CLOSE_WRAPPER_HIDE,PASSION24.TEXT.RELATED_HOUR_21.BODY.P059,25
PASSION24.TEXT.RELATED_HOUR_21:body,PASSION24.TEXT.RELATED_HOUR_21.BODY.P059,107,«,1,NON_DIVINE_DIRECT_QUOTE_KEEP,PASSION24.TEXT.RELATED_HOUR_21.BODY.P059,142
PASSION24.TEXT.RELATED_HOUR_21:body,PASSION24.TEXT.RELATED_HOUR_21.BODY.P059,142,»,1,NON_DIVINE_DIRECT_QUOTE_KEEP,PASSION24.TEXT.RELATED_HOUR_21.BODY.P059,107
PASSION24.TEXT.RELATED_HOUR_21:body,PASSION24.TEXT.RELATED_HOUR_21.BODY.P064,28,«,1,REPORTED_QUOTE_KEEP,PASSION24.TEXT.RELATED_HOUR_21.BODY.P065,90
PASSION24.TEXT.RELATED_HOUR_21:body,PASSION24.TEXT.RELATED_HOUR_21.BODY.P065,90,»,1,REPORTED_QUOTE_KEEP,PASSION24.TEXT.RELATED_HOUR_21.BODY.P064,28
PASSION24.TEXT.RELATED_HOUR_21:body,PASSION24.TEXT.RELATED_HOUR_21.BODY.P067,47,«,1,REPORTED_QUOTE_KEEP,PASSION24.TEXT.RELATED_HOUR_21.BODY.P073,259
PASSION24.TEXT.RELATED_HOUR_21:body,PASSION24.TEXT.RELATED_HOUR_21.BODY.P073,259,»,1,REPORTED_QUOTE_KEEP,PASSION24.TEXT.RELATED_HOUR_21.BODY.P067,47
PASSION24.TEXT.RELATED_HOUR_21:body,PASSION24.TEXT.RELATED_HOUR_21.BODY.P080,16,«,1,REPORTED_QUOTE_KEEP,PASSION24.TEXT.RELATED_HOUR_21.BODY.P081,212
PASSION24.TEXT.RELATED_HOUR_21:body,PASSION24.TEXT.RELATED_HOUR_21.BODY.P081,212,»,1,REPORTED_QUOTE_KEEP,PASSION24.TEXT.RELATED_HOUR_21.BODY.P080,16
PASSION24.TEXT.RELATED_HOUR_21:body,PASSION24.TEXT.RELATED_HOUR_21.BODY.P082,19,«,1,OUTER_DIVINE_OPEN_WRAPPER_HIDE,PASSION24.TEXT.RELATED_HOUR_21.BODY.P085,53
PASSION24.TEXT.RELATED_HOUR_21:body,PASSION24.TEXT.RELATED_HOUR_21.BODY.P085,53,»,1,OUTER_DIVINE_CLOSE_WRAPPER_HIDE,PASSION24.TEXT.RELATED_HOUR_21.BODY.P082,19
PASSION24.TEXT.RELATED_HOUR_21:body,PASSION24.TEXT.RELATED_HOUR_21.BODY.P088,122,«,1,OUTER_DIVINE_OPEN_WRAPPER_HIDE,PASSION24.TEXT.RELATED_HOUR_21.BODY.P090,281
PASSION24.TEXT.RELATED_HOUR_21:body,PASSION24.TEXT.RELATED_HOUR_21.BODY.P090,281,»,1,OUTER_DIVINE_CLOSE_WRAPPER_HIDE,PASSION24.TEXT.RELATED_HOUR_21.BODY.P088,122
PASSION24.TEXT.RELATED_HOUR_21:body,PASSION24.TEXT.RELATED_HOUR_21.BODY.P091,78,«,1,REPORTED_QUOTE_KEEP,PASSION24.TEXT.RELATED_HOUR_21.BODY.P092,249
PASSION24.TEXT.RELATED_HOUR_21:body,PASSION24.TEXT.RELATED_HOUR_21.BODY.P092,249,»,1,REPORTED_QUOTE_KEEP,PASSION24.TEXT.RELATED_HOUR_21.BODY.P091,78
PASSION24.TEXT.RELATED_HOUR_21:body,PASSION24.TEXT.RELATED_HOUR_21.BODY.P093,53,«,1,OUTER_DIVINE_OPEN_WRAPPER_HIDE,PASSION24.TEXT.RELATED_HOUR_21.BODY.P096,74
PASSION24.TEXT.RELATED_HOUR_21:body,PASSION24.TEXT.RELATED_HOUR_21.BODY.P096,74,»,1,OUTER_DIVINE_CLOSE_WRAPPER_HIDE,PASSION24.TEXT.RELATED_HOUR_21.BODY.P093,53
PASSION24.TEXT.RELATED_HOUR_21:body,PASSION24.TEXT.RELATED_HOUR_21.BODY.P098,119,«,1,REPORTED_QUOTE_KEEP,PASSION24.TEXT.RELATED_HOUR_21.BODY.P101,38
PASSION24.TEXT.RELATED_HOUR_21:body,PASSION24.TEXT.RELATED_HOUR_21.BODY.P101,38,»,1,REPORTED_QUOTE_KEEP,PASSION24.TEXT.RELATED_HOUR_21.BODY.P098,119
PASSION24.TEXT.RELATED_HOUR_21:body,PASSION24.TEXT.RELATED_HOUR_21.BODY.P102,32,«,1,OUTER_DIVINE_OPEN_WRAPPER_HIDE,PASSION24.TEXT.RELATED_HOUR_21.BODY.P108,1130
PASSION24.TEXT.RELATED_HOUR_21:body,PASSION24.TEXT.RELATED_HOUR_21.BODY.P108,1130,»,1,OUTER_DIVINE_CLOSE_WRAPPER_HIDE,PASSION24.TEXT.RELATED_HOUR_21.BODY.P102,32
PASSION24.TEXT.RELATED_HOUR_21:body,PASSION24.TEXT.RELATED_HOUR_21.BODY.P110,255,«,1,REPORTED_QUOTE_KEEP,PASSION24.TEXT.RELATED_HOUR_21.BODY.P112,134
PASSION24.TEXT.RELATED_HOUR_21:body,PASSION24.TEXT.RELATED_HOUR_21.BODY.P112,134,»,1,REPORTED_QUOTE_KEEP,PASSION24.TEXT.RELATED_HOUR_21.BODY.P110,255
PASSION24.TEXT.RELATED_HOUR_21:body,PASSION24.TEXT.RELATED_HOUR_21.BODY.P113,12,«,1,OUTER_DIVINE_OPEN_WRAPPER_HIDE,PASSION24.TEXT.RELATED_HOUR_21.BODY.P123,224
PASSION24.TEXT.RELATED_HOUR_21:body,PASSION24.TEXT.RELATED_HOUR_21.BODY.P123,224,»,1,OUTER_DIVINE_CLOSE_WRAPPER_HIDE,PASSION24.TEXT.RELATED_HOUR_21.BODY.P113,12
PASSION24.TEXT.RELATED_HOUR_21:body,PASSION24.TEXT.RELATED_HOUR_21.BODY.P147,165,«,1,NARRATIVE_QUOTE_KEEP,PASSION24.TEXT.RELATED_HOUR_21.BODY.P147,195
PASSION24.TEXT.RELATED_HOUR_21:body,PASSION24.TEXT.RELATED_HOUR_21.BODY.P147,195,»,1,NARRATIVE_QUOTE_KEEP,PASSION24.TEXT.RELATED_HOUR_21.BODY.P147,165
PASSION24.TEXT.RELATED_HOUR_21:body,PASSION24.TEXT.RELATED_HOUR_21.BODY.P169,171,«,1,NARRATIVE_QUOTE_KEEP,PASSION24.TEXT.RELATED_HOUR_21.BODY.P169,241
PASSION24.TEXT.RELATED_HOUR_21:body,PASSION24.TEXT.RELATED_HOUR_21.BODY.P169,241,»,1,NARRATIVE_QUOTE_KEEP,PASSION24.TEXT.RELATED_HOUR_21.BODY.P169,171
PASSION24.TEXT.RELATED_HOUR_21:body,PASSION24.TEXT.RELATED_HOUR_21.BODY.P170,97,«,1,QUOTED_FORMULA_OR_TITLE_KEEP,PASSION24.TEXT.RELATED_HOUR_21.BODY.P170,233
PASSION24.TEXT.RELATED_HOUR_21:body,PASSION24.TEXT.RELATED_HOUR_21.BODY.P170,233,»,1,QUOTED_FORMULA_OR_TITLE_KEEP,PASSION24.TEXT.RELATED_HOUR_21.BODY.P170,97
PASSION24.TEXT.SHARED_T09_1910_07_04_AGONY_CROSS_LAST_BREATH:body,PASSION24.TEXT.SHARED_T09_1910_07_04_AGONY_CROSS_LAST_BREATH.BODY.P008,19,«,2,MEANINGFUL_NESTED_QUOTE_KEEP,PASSION24.TEXT.SHARED_T09_1910_07_04_AGONY_CROSS_LAST_BREATH.BODY.P008,27
PASSION24.TEXT.SHARED_T09_1910_07_04_AGONY_CROSS_LAST_BREATH:body,PASSION24.TEXT.SHARED_T09_1910_07_04_AGONY_CROSS_LAST_BREATH.BODY.P008,27,»,2,MEANINGFUL_NESTED_QUOTE_KEEP,PASSION24.TEXT.SHARED_T09_1910_07_04_AGONY_CROSS_LAST_BREATH.BODY.P008,19
PASSION24.TEXT.SHARED_T09_1910_07_04_AGONY_CROSS_LAST_BREATH:body,PASSION24.TEXT.SHARED_T09_1910_07_04_AGONY_CROSS_LAST_BREATH.BODY.P008,30,«,2,MEANINGFUL_NESTED_QUOTE_KEEP,PASSION24.TEXT.SHARED_T09_1910_07_04_AGONY_CROSS_LAST_BREATH.BODY.P008,42
PASSION24.TEXT.SHARED_T09_1910_07_04_AGONY_CROSS_LAST_BREATH:body,PASSION24.TEXT.SHARED_T09_1910_07_04_AGONY_CROSS_LAST_BREATH.BODY.P008,42,»,2,MEANINGFUL_NESTED_QUOTE_KEEP,PASSION24.TEXT.SHARED_T09_1910_07_04_AGONY_CROSS_LAST_BREATH.BODY.P008,30
PASSION24.TEXT.SHARED_T09_1910_07_04_AGONY_CROSS_LAST_BREATH:body,PASSION24.TEXT.SHARED_T09_1910_07_04_AGONY_CROSS_LAST_BREATH.BODY.P009,93,«,2,MEANINGFUL_NESTED_QUOTE_KEEP,PASSION24.TEXT.SHARED_T09_1910_07_04_AGONY_CROSS_LAST_BREATH.BODY.P009,101
PASSION24.TEXT.SHARED_T09_1910_07_04_AGONY_CROSS_LAST_BREATH:body,PASSION24.TEXT.SHARED_T09_1910_07_04_AGONY_CROSS_LAST_BREATH.BODY.P009,101,»,2,MEANINGFUL_NESTED_QUOTE_KEEP,PASSION24.TEXT.SHARED_T09_1910_07_04_AGONY_CROSS_LAST_BREATH.BODY.P009,93
PASSION24.TEXT.SHARED_T09_1910_07_04_AGONY_CROSS_LAST_BREATH:body,PASSION24.TEXT.SHARED_T09_1910_07_04_AGONY_CROSS_LAST_BREATH.BODY.P010,3,«,2,MEANINGFUL_NESTED_QUOTE_KEEP,PASSION24.TEXT.SHARED_T09_1910_07_04_AGONY_CROSS_LAST_BREATH.BODY.P010,11
PASSION24.TEXT.SHARED_T09_1910_07_04_AGONY_CROSS_LAST_BREATH:body,PASSION24.TEXT.SHARED_T09_1910_07_04_AGONY_CROSS_LAST_BREATH.BODY.P010,11,»,2,MEANINGFUL_NESTED_QUOTE_KEEP,PASSION24.TEXT.SHARED_T09_1910_07_04_AGONY_CROSS_LAST_BREATH.BODY.P010,3
PASSION24.TEXT.SHARED_T09_1910_07_04_AGONY_CROSS_LAST_BREATH:body,PASSION24.TEXT.SHARED_T09_1910_07_04_AGONY_CROSS_LAST_BREATH.BODY.P003,12,«,1,OUTER_DIVINE_OPEN_WRAPPER_HIDE,PASSION24.TEXT.SHARED_T09_1910_07_04_AGONY_CROSS_LAST_BREATH.BODY.P019,467
PASSION24.TEXT.SHARED_T09_1910_07_04_AGONY_CROSS_LAST_BREATH:body,PASSION24.TEXT.SHARED_T09_1910_07_04_AGONY_CROSS_LAST_BREATH.BODY.P019,467,»,1,OUTER_DIVINE_CLOSE_WRAPPER_HIDE,PASSION24.TEXT.SHARED_T09_1910_07_04_AGONY_CROSS_LAST_BREATH.BODY.P003,12
PASSION24.TEXT.RELATED_HOUR_22:body,PASSION24.TEXT.RELATED_HOUR_22.BODY.P006,31,«,1,NARRATIVE_QUOTE_KEEP,PASSION24.TEXT.RELATED_HOUR_22.BODY.P006,43
PASSION24.TEXT.RELATED_HOUR_22:body,PASSION24.TEXT.RELATED_HOUR_22.BODY.P006,43,»,1,NARRATIVE_QUOTE_KEEP,PASSION24.TEXT.RELATED_HOUR_22.BODY.P006,31
PASSION24.TEXT.RELATED_HOUR_22:body,PASSION24.TEXT.RELATED_HOUR_22.BODY.P006,84,«,1,NARRATIVE_QUOTE_KEEP,PASSION24.TEXT.RELATED_HOUR_22.BODY.P006,96
PASSION24.TEXT.RELATED_HOUR_22:body,PASSION24.TEXT.RELATED_HOUR_22.BODY.P006,96,»,1,NARRATIVE_QUOTE_KEEP,PASSION24.TEXT.RELATED_HOUR_22.BODY.P006,84
PASSION24.TEXT.RELATED_HOUR_22:body,PASSION24.TEXT.RELATED_HOUR_22.BODY.P009,135,«,1,OUTER_DIVINE_OPEN_WRAPPER_HIDE,PASSION24.TEXT.RELATED_HOUR_22.BODY.P013,197
PASSION24.TEXT.RELATED_HOUR_22:body,PASSION24.TEXT.RELATED_HOUR_22.BODY.P013,197,»,1,OUTER_DIVINE_CLOSE_WRAPPER_HIDE,PASSION24.TEXT.RELATED_HOUR_22.BODY.P009,135
PASSION24.TEXT.RELATED_HOUR_22:body,PASSION24.TEXT.RELATED_HOUR_22.BODY.P015,73,«,1,OUTER_DIVINE_OPEN_WRAPPER_HIDE,PASSION24.TEXT.RELATED_HOUR_22.BODY.P022,193
PASSION24.TEXT.RELATED_HOUR_22:body,PASSION24.TEXT.RELATED_HOUR_22.BODY.P022,193,»,1,OUTER_DIVINE_CLOSE_WRAPPER_HIDE,PASSION24.TEXT.RELATED_HOUR_22.BODY.P015,73
PASSION24.TEXT.RELATED_HOUR_22:body,PASSION24.TEXT.RELATED_HOUR_22.BODY.P024,64,«,1,NARRATIVE_QUOTE_KEEP,PASSION24.TEXT.RELATED_HOUR_22.BODY.P024,182
PASSION24.TEXT.RELATED_HOUR_22:body,PASSION24.TEXT.RELATED_HOUR_22.BODY.P024,182,»,1,NARRATIVE_QUOTE_KEEP,PASSION24.TEXT.RELATED_HOUR_22.BODY.P024,64
PASSION24.TEXT.RELATED_HOUR_22:body,PASSION24.TEXT.RELATED_HOUR_22.BODY.P025,137,«,1,OUTER_DIVINE_OPEN_WRAPPER_HIDE,PASSION24.TEXT.RELATED_HOUR_22.BODY.P034,77
PASSION24.TEXT.RELATED_HOUR_22:body,PASSION24.TEXT.RELATED_HOUR_22.BODY.P034,77,»,1,OUTER_DIVINE_CLOSE_WRAPPER_HIDE,PASSION24.TEXT.RELATED_HOUR_22.BODY.P025,137
PASSION24.TEXT.RELATED_HOUR_22:body,PASSION24.TEXT.RELATED_HOUR_22.BODY.P035,47,«,1,NARRATIVE_QUOTE_KEEP,PASSION24.TEXT.RELATED_HOUR_22.BODY.P035,90
PASSION24.TEXT.RELATED_HOUR_22:body,PASSION24.TEXT.RELATED_HOUR_22.BODY.P035,90,»,1,NARRATIVE_QUOTE_KEEP,PASSION24.TEXT.RELATED_HOUR_22.BODY.P035,47
PASSION24.TEXT.RELATED_HOUR_22:body,PASSION24.TEXT.RELATED_HOUR_22.BODY.P036,49,«,1,OUTER_DIVINE_OPEN_WRAPPER_HIDE,PASSION24.TEXT.RELATED_HOUR_22.BODY.P037,75
PASSION24.TEXT.RELATED_HOUR_22:body,PASSION24.TEXT.RELATED_HOUR_22.BODY.P037,75,»,1,OUTER_DIVINE_CLOSE_WRAPPER_HIDE,PASSION24.TEXT.RELATED_HOUR_22.BODY.P036,49
PASSION24.TEXT.RELATED_HOUR_22:body,PASSION24.TEXT.RELATED_HOUR_22.BODY.P039,176,«,1,OUTER_DIVINE_OPEN_WRAPPER_HIDE,PASSION24.TEXT.RELATED_HOUR_22.BODY.P050,181
PASSION24.TEXT.RELATED_HOUR_22:body,PASSION24.TEXT.RELATED_HOUR_22.BODY.P050,181,»,1,OUTER_DIVINE_CLOSE_WRAPPER_HIDE,PASSION24.TEXT.RELATED_HOUR_22.BODY.P039,176
PASSION24.TEXT.RELATED_HOUR_22:body,PASSION24.TEXT.RELATED_HOUR_22.BODY.P054,12,«,1,OUTER_DIVINE_OPEN_WRAPPER_HIDE,PASSION24.TEXT.RELATED_HOUR_22.BODY.P057,106
PASSION24.TEXT.RELATED_HOUR_22:body,PASSION24.TEXT.RELATED_HOUR_22.BODY.P057,106,»,1,OUTER_DIVINE_CLOSE_WRAPPER_HIDE,PASSION24.TEXT.RELATED_HOUR_22.BODY.P054,12
PASSION24.TEXT.RELATED_HOUR_22:body,PASSION24.TEXT.RELATED_HOUR_22.BODY.P058,29,«,1,NARRATIVE_QUOTE_KEEP,PASSION24.TEXT.RELATED_HOUR_22.BODY.P058,41
PASSION24.TEXT.RELATED_HOUR_22:body,PASSION24.TEXT.RELATED_HOUR_22.BODY.P058,41,»,1,NARRATIVE_QUOTE_KEEP,PASSION24.TEXT.RELATED_HOUR_22.BODY.P058,29
PASSION24.TEXT.RELATED_HOUR_22:body,PASSION24.TEXT.RELATED_HOUR_22.BODY.P058,82,«,1,NARRATIVE_QUOTE_KEEP,PASSION24.TEXT.RELATED_HOUR_22.BODY.P058,94
PASSION24.TEXT.RELATED_HOUR_22:body,PASSION24.TEXT.RELATED_HOUR_22.BODY.P058,94,»,1,NARRATIVE_QUOTE_KEEP,PASSION24.TEXT.RELATED_HOUR_22.BODY.P058,82
PASSION24.TEXT.RELATED_HOUR_22:body,PASSION24.TEXT.RELATED_HOUR_22.BODY.P063,147,«,1,QUOTED_FORMULA_OR_TITLE_KEEP,PASSION24.TEXT.RELATED_HOUR_22.BODY.P063,161
PASSION24.TEXT.RELATED_HOUR_22:body,PASSION24.TEXT.RELATED_HOUR_22.BODY.P063,161,»,1,QUOTED_FORMULA_OR_TITLE_KEEP,PASSION24.TEXT.RELATED_HOUR_22.BODY.P063,147
PASSION24.TEXT.RELATED_HOUR_22:body,PASSION24.TEXT.RELATED_HOUR_22.BODY.P063,166,«,1,QUOTED_FORMULA_OR_TITLE_KEEP,PASSION24.TEXT.RELATED_HOUR_22.BODY.P063,178
PASSION24.TEXT.RELATED_HOUR_22:body,PASSION24.TEXT.RELATED_HOUR_22.BODY.P063,178,»,1,QUOTED_FORMULA_OR_TITLE_KEEP,PASSION24.TEXT.RELATED_HOUR_22.BODY.P063,166
PASSION24.TEXT.RELATED_HOUR_22:body,PASSION24.TEXT.RELATED_HOUR_22.BODY.P063,210,«,1,QUOTED_FORMULA_OR_TITLE_KEEP,PASSION24.TEXT.RELATED_HOUR_22.BODY.P063,222
PASSION24.TEXT.RELATED_HOUR_22:body,PASSION24.TEXT.RELATED_HOUR_22.BODY.P063,222,»,1,QUOTED_FORMULA_OR_TITLE_KEEP,PASSION24.TEXT.RELATED_HOUR_22.BODY.P063,210
PASSION24.TEXT.RELATED_HOUR_22:body,PASSION24.TEXT.RELATED_HOUR_22.BODY.P063,322,«,1,QUOTED_FORMULA_OR_TITLE_KEEP,PASSION24.TEXT.RELATED_HOUR_22.BODY.P063,346
PASSION24.TEXT.RELATED_HOUR_22:body,PASSION24.TEXT.RELATED_HOUR_22.BODY.P063,346,»,1,QUOTED_FORMULA_OR_TITLE_KEEP,PASSION24.TEXT.RELATED_HOUR_22.BODY.P063,322
PASSION24.TEXT.RELATED_HOUR_22:body,PASSION24.TEXT.RELATED_HOUR_22.BODY.P064,170,«,1,QUOTED_FORMULA_OR_TITLE_KEEP,PASSION24.TEXT.RELATED_HOUR_22.BODY.P064,214
PASSION24.TEXT.RELATED_HOUR_22:body,PASSION24.TEXT.RELATED_HOUR_22.BODY.P064,214,»,1,QUOTED_FORMULA_OR_TITLE_KEEP,PASSION24.TEXT.RELATED_HOUR_22.BODY.P064,170
PASSION24.TEXT.RELATED_HOUR_22:body,PASSION24.TEXT.RELATED_HOUR_22.BODY.P065,71,«,1,QUOTED_FORMULA_OR_TITLE_KEEP,PASSION24.TEXT.RELATED_HOUR_22.BODY.P065,83
PASSION24.TEXT.RELATED_HOUR_22:body,PASSION24.TEXT.RELATED_HOUR_22.BODY.P065,83,»,1,QUOTED_FORMULA_OR_TITLE_KEEP,PASSION24.TEXT.RELATED_HOUR_22.BODY.P065,71
PASSION24.TEXT.RELATED_HOUR_22:body,PASSION24.TEXT.RELATED_HOUR_22.BODY.P066,68,«,1,OUTER_DIVINE_OPEN_WRAPPER_HIDE,PASSION24.TEXT.RELATED_HOUR_22.BODY.P067,66
PASSION24.TEXT.RELATED_HOUR_22:body,PASSION24.TEXT.RELATED_HOUR_22.BODY.P067,66,»,1,OUTER_DIVINE_CLOSE_WRAPPER_HIDE,PASSION24.TEXT.RELATED_HOUR_22.BODY.P066,68
PASSION24.TEXT.RELATED_HOUR_22:body,PASSION24.TEXT.RELATED_HOUR_22.BODY.P072,9,«,1,QUOTED_FORMULA_OR_TITLE_KEEP,PASSION24.TEXT.RELATED_HOUR_22.BODY.P072,21
PASSION24.TEXT.RELATED_HOUR_22:body,PASSION24.TEXT.RELATED_HOUR_22.BODY.P072,21,»,1,QUOTED_FORMULA_OR_TITLE_KEEP,PASSION24.TEXT.RELATED_HOUR_22.BODY.P072,9
PASSION24.TEXT.RELATED_HOUR_22:body,PASSION24.TEXT.RELATED_HOUR_22.BODY.P076,27,«,1,QUOTED_FORMULA_OR_TITLE_KEEP,PASSION24.TEXT.RELATED_HOUR_22.BODY.P076,39
PASSION24.TEXT.RELATED_HOUR_22:body,PASSION24.TEXT.RELATED_HOUR_22.BODY.P076,39,»,1,QUOTED_FORMULA_OR_TITLE_KEEP,PASSION24.TEXT.RELATED_HOUR_22.BODY.P076,27
PASSION24.TEXT.RELATED_HOUR_22:body,PASSION24.TEXT.RELATED_HOUR_22.BODY.P076,154,«,1,OUTER_DIVINE_OPEN_WRAPPER_HIDE,PASSION24.TEXT.RELATED_HOUR_22.BODY.P077,26
PASSION24.TEXT.RELATED_HOUR_22:body,PASSION24.TEXT.RELATED_HOUR_22.BODY.P077,26,»,1,OUTER_DIVINE_CLOSE_WRAPPER_HIDE,PASSION24.TEXT.RELATED_HOUR_22.BODY.P076,154
PASSION24.TEXT.RELATED_HOUR_22:body,PASSION24.TEXT.RELATED_HOUR_22.BODY.P094,112,«,1,NARRATIVE_QUOTE_KEEP,PASSION24.TEXT.RELATED_HOUR_22.BODY.P094,152
PASSION24.TEXT.RELATED_HOUR_22:body,PASSION24.TEXT.RELATED_HOUR_22.BODY.P094,152,»,1,NARRATIVE_QUOTE_KEEP,PASSION24.TEXT.RELATED_HOUR_22.BODY.P094,112
PASSION24.TEXT.RELATED_HOUR_22:body,PASSION24.TEXT.RELATED_HOUR_22.BODY.P095,63,«,1,NARRATIVE_QUOTE_KEEP,PASSION24.TEXT.RELATED_HOUR_22.BODY.P095,132
PASSION24.TEXT.RELATED_HOUR_22:body,PASSION24.TEXT.RELATED_HOUR_22.BODY.P095,132,»,1,NARRATIVE_QUOTE_KEEP,PASSION24.TEXT.RELATED_HOUR_22.BODY.P095,63
PASSION24.TEXT.RELATED_HOUR_22:body,PASSION24.TEXT.RELATED_HOUR_22.BODY.P095,303,«,1,REPORTED_QUOTE_KEEP,PASSION24.TEXT.RELATED_HOUR_22.BODY.P096,95
PASSION24.TEXT.RELATED_HOUR_22:body,PASSION24.TEXT.RELATED_HOUR_22.BODY.P096,95,»,1,REPORTED_QUOTE_KEEP,PASSION24.TEXT.RELATED_HOUR_22.BODY.P095,303
PASSION24.TEXT.RELATED_HOUR_23:body,PASSION24.TEXT.RELATED_HOUR_23.BODY.P007,168,«,1,OUTER_DIVINE_OPEN_WRAPPER_HIDE,PASSION24.TEXT.RELATED_HOUR_23.BODY.P030,133
PASSION24.TEXT.RELATED_HOUR_23:body,PASSION24.TEXT.RELATED_HOUR_23.BODY.P030,133,»,1,OUTER_DIVINE_CLOSE_WRAPPER_HIDE,PASSION24.TEXT.RELATED_HOUR_23.BODY.P007,168
PASSION24.TEXT.RELATED_HOUR_23:body,PASSION24.TEXT.RELATED_HOUR_23.BODY.P043,36,«,2,MEANINGFUL_NESTED_QUOTE_KEEP,PASSION24.TEXT.RELATED_HOUR_23.BODY.P043,53
PASSION24.TEXT.RELATED_HOUR_23:body,PASSION24.TEXT.RELATED_HOUR_23.BODY.P043,53,»,2,MEANINGFUL_NESTED_QUOTE_KEEP,PASSION24.TEXT.RELATED_HOUR_23.BODY.P043,36
PASSION24.TEXT.RELATED_HOUR_23:body,PASSION24.TEXT.RELATED_HOUR_23.BODY.P033,115,«,1,OUTER_DIVINE_OPEN_WRAPPER_HIDE,PASSION24.TEXT.RELATED_HOUR_23.BODY.P044,208
PASSION24.TEXT.RELATED_HOUR_23:body,PASSION24.TEXT.RELATED_HOUR_23.BODY.P044,208,»,1,OUTER_DIVINE_CLOSE_WRAPPER_HIDE,PASSION24.TEXT.RELATED_HOUR_23.BODY.P033,115
PASSION24.TEXT.RELATED_HOUR_24:body,PASSION24.TEXT.RELATED_HOUR_24.BODY.P004,249,«,1,NARRATIVE_QUOTE_KEEP,PASSION24.TEXT.RELATED_HOUR_24.BODY.P004,292
PASSION24.TEXT.RELATED_HOUR_24:body,PASSION24.TEXT.RELATED_HOUR_24.BODY.P004,292,»,1,NARRATIVE_QUOTE_KEEP,PASSION24.TEXT.RELATED_HOUR_24.BODY.P004,249
PASSION24.TEXT.RELATED_HOUR_24:body,PASSION24.TEXT.RELATED_HOUR_24.BODY.P008,40,«,1,OUTER_DIVINE_OPEN_WRAPPER_HIDE,PASSION24.TEXT.RELATED_HOUR_24.BODY.P008,118
PASSION24.TEXT.RELATED_HOUR_24:body,PASSION24.TEXT.RELATED_HOUR_24.BODY.P008,118,»,1,OUTER_DIVINE_CLOSE_WRAPPER_HIDE,PASSION24.TEXT.RELATED_HOUR_24.BODY.P008,40
PASSION24.TEXT.RELATED_HOUR_24:body,PASSION24.TEXT.RELATED_HOUR_24.BODY.P009,12,«,1,NARRATIVE_QUOTE_KEEP,PASSION24.TEXT.RELATED_HOUR_24.BODY.P009,87
PASSION24.TEXT.RELATED_HOUR_24:body,PASSION24.TEXT.RELATED_HOUR_24.BODY.P009,87,»,1,NARRATIVE_QUOTE_KEEP,PASSION24.TEXT.RELATED_HOUR_24.BODY.P009,12
PASSION24.TEXT.RELATED_HOUR_24:body,PASSION24.TEXT.RELATED_HOUR_24.BODY.P010,12,«,1,OUTER_DIVINE_OPEN_WRAPPER_HIDE,PASSION24.TEXT.RELATED_HOUR_24.BODY.P010,368
PASSION24.TEXT.RELATED_HOUR_24:body,PASSION24.TEXT.RELATED_HOUR_24.BODY.P010,368,»,1,OUTER_DIVINE_CLOSE_WRAPPER_HIDE,PASSION24.TEXT.RELATED_HOUR_24.BODY.P010,12
PASSION24.TEXT.RELATED_HOUR_24:body,PASSION24.TEXT.RELATED_HOUR_24.BODY.P011,12,«,1,OUTER_DIVINE_OPEN_WRAPPER_HIDE,PASSION24.TEXT.RELATED_HOUR_24.BODY.P017,216
PASSION24.TEXT.RELATED_HOUR_24:body,PASSION24.TEXT.RELATED_HOUR_24.BODY.P017,216,»,1,OUTER_DIVINE_CLOSE_WRAPPER_HIDE,PASSION24.TEXT.RELATED_HOUR_24.BODY.P011,12
PASSION24.TEXT.RELATED_HOUR_24:body,PASSION24.TEXT.RELATED_HOUR_24.BODY.P019,59,«,1,OUTER_DIVINE_OPEN_WRAPPER_HIDE,PASSION24.TEXT.RELATED_HOUR_24.BODY.P021,150
PASSION24.TEXT.RELATED_HOUR_24:body,PASSION24.TEXT.RELATED_HOUR_24.BODY.P021,150,»,1,OUTER_DIVINE_CLOSE_WRAPPER_HIDE,PASSION24.TEXT.RELATED_HOUR_24.BODY.P019,59
PASSION24.TEXT.RELATED_HOUR_24:body,PASSION24.TEXT.RELATED_HOUR_24.BODY.P022,200,«,1,QUOTED_FORMULA_OR_TITLE_KEEP,PASSION24.TEXT.RELATED_HOUR_24.BODY.P022,218
PASSION24.TEXT.RELATED_HOUR_24:body,PASSION24.TEXT.RELATED_HOUR_24.BODY.P022,218,»,1,QUOTED_FORMULA_OR_TITLE_KEEP,PASSION24.TEXT.RELATED_HOUR_24.BODY.P022,200
PASSION24.TEXT.RELATED_HOUR_24:body,PASSION24.TEXT.RELATED_HOUR_24.BODY.P026,18,«,1,REPORTED_QUOTE_KEEP,PASSION24.TEXT.RELATED_HOUR_24.BODY.P029,31
PASSION24.TEXT.RELATED_HOUR_24:body,PASSION24.TEXT.RELATED_HOUR_24.BODY.P029,31,»,1,REPORTED_QUOTE_KEEP,PASSION24.TEXT.RELATED_HOUR_24.BODY.P026,18
PASSION24.TEXT.RELATED_HOUR_24:body,PASSION24.TEXT.RELATED_HOUR_24.BODY.P046,247,«,1,NARRATIVE_QUOTE_KEEP,PASSION24.TEXT.RELATED_HOUR_24.BODY.P046,290
PASSION24.TEXT.RELATED_HOUR_24:body,PASSION24.TEXT.RELATED_HOUR_24.BODY.P046,290,»,1,NARRATIVE_QUOTE_KEEP,PASSION24.TEXT.RELATED_HOUR_24.BODY.P046,247
PASSION24.TEXT.RELATED_HOUR_24:body,PASSION24.TEXT.RELATED_HOUR_24.BODY.P049,20,«,1,REPORTED_QUOTE_KEEP,PASSION24.TEXT.RELATED_HOUR_24.BODY.P052,160
PASSION24.TEXT.RELATED_HOUR_24:body,PASSION24.TEXT.RELATED_HOUR_24.BODY.P052,160,»,1,REPORTED_QUOTE_KEEP,PASSION24.TEXT.RELATED_HOUR_24.BODY.P049,20
PASSION24.TEXT.RELATED_HOUR_24:body,PASSION24.TEXT.RELATED_HOUR_24.BODY.P053,57,«,1,OUTER_DIVINE_OPEN_WRAPPER_HIDE,PASSION24.TEXT.RELATED_HOUR_24.BODY.P054,94
PASSION24.TEXT.RELATED_HOUR_24:body,PASSION24.TEXT.RELATED_HOUR_24.BODY.P054,94,»,1,OUTER_DIVINE_CLOSE_WRAPPER_HIDE,PASSION24.TEXT.RELATED_HOUR_24.BODY.P053,57
PASSION24.TEXT.RELATED_HOUR_24:body,PASSION24.TEXT.RELATED_HOUR_24.BODY.P055,18,«,1,NARRATIVE_QUOTE_KEEP,PASSION24.TEXT.RELATED_HOUR_24.BODY.P055,59
PASSION24.TEXT.RELATED_HOUR_24:body,PASSION24.TEXT.RELATED_HOUR_24.BODY.P055,59,»,1,NARRATIVE_QUOTE_KEEP,PASSION24.TEXT.RELATED_HOUR_24.BODY.P055,18
PASSION24.TEXT.RELATED_HOUR_24:body,PASSION24.TEXT.RELATED_HOUR_24.BODY.P056,16,«,1,OUTER_DIVINE_OPEN_WRAPPER_HIDE,PASSION24.TEXT.RELATED_HOUR_24.BODY.P089,57
PASSION24.TEXT.RELATED_HOUR_24:body,PASSION24.TEXT.RELATED_HOUR_24.BODY.P089,57,»,1,OUTER_DIVINE_CLOSE_WRAPPER_HIDE,PASSION24.TEXT.RELATED_HOUR_24.BODY.P056,16
PASSION24.TEXT.PROMISES_BENEFITS:body,PASSION24.TEXT.PROMISES_BENEFITS.BODY.P004,97,«,1,OUTER_DIVINE_OPEN_WRAPPER_HIDE,PASSION24.TEXT.PROMISES_BENEFITS.BODY.P013,95
PASSION24.TEXT.PROMISES_BENEFITS:body,PASSION24.TEXT.PROMISES_BENEFITS.BODY.P013,95,»,1,OUTER_DIVINE_CLOSE_WRAPPER_HIDE,PASSION24.TEXT.PROMISES_BENEFITS.BODY.P004,97
PASSION24.TEXT.PROMISES_BENEFITS:body,PASSION24.TEXT.PROMISES_BENEFITS.BODY.P015,83,«,1,OUTER_DIVINE_OPEN_WRAPPER_HIDE,PASSION24.TEXT.PROMISES_BENEFITS.BODY.P016,15
PASSION24.TEXT.PROMISES_BENEFITS:body,PASSION24.TEXT.PROMISES_BENEFITS.BODY.P016,15,»,1,OUTER_DIVINE_CLOSE_WRAPPER_HIDE,PASSION24.TEXT.PROMISES_BENEFITS.BODY.P015,83
PASSION24.TEXT.PROMISES_BENEFITS:body,PASSION24.TEXT.PROMISES_BENEFITS.BODY.P018,13,«,1,NARRATIVE_QUOTE_KEEP,PASSION24.TEXT.PROMISES_BENEFITS.BODY.P018,141
PASSION24.TEXT.PROMISES_BENEFITS:body,PASSION24.TEXT.PROMISES_BENEFITS.BODY.P018,141,»,1,NARRATIVE_QUOTE_KEEP,PASSION24.TEXT.PROMISES_BENEFITS.BODY.P018,13
PASSION24.TEXT.PROMISES_BENEFITS:body,PASSION24.TEXT.PROMISES_BENEFITS.BODY.P019,11,«,1,QUOTED_FORMULA_OR_TITLE_KEEP,PASSION24.TEXT.PROMISES_BENEFITS.BODY.P024,53
PASSION24.TEXT.PROMISES_BENEFITS:body,PASSION24.TEXT.PROMISES_BENEFITS.BODY.P024,53,»,1,QUOTED_FORMULA_OR_TITLE_KEEP,PASSION24.TEXT.PROMISES_BENEFITS.BODY.P019,11
PASSION24.TEXT.PROMISES_BENEFITS:body,PASSION24.TEXT.PROMISES_BENEFITS.BODY.P027,66,«,1,OUTER_DIVINE_OPEN_WRAPPER_HIDE,PASSION24.TEXT.PROMISES_BENEFITS.BODY.P032,211
PASSION24.TEXT.PROMISES_BENEFITS:body,PASSION24.TEXT.PROMISES_BENEFITS.BODY.P032,211,»,1,OUTER_DIVINE_CLOSE_WRAPPER_HIDE,PASSION24.TEXT.PROMISES_BENEFITS.BODY.P027,66
PASSION24.TEXT.PROMISES_BENEFITS:body,PASSION24.TEXT.PROMISES_BENEFITS.BODY.P035,12,«,1,REPORTED_QUOTE_KEEP,PASSION24.TEXT.PROMISES_BENEFITS.BODY.P045,120
PASSION24.TEXT.PROMISES_BENEFITS:body,PASSION24.TEXT.PROMISES_BENEFITS.BODY.P045,120,»,1,REPORTED_QUOTE_KEEP,PASSION24.TEXT.PROMISES_BENEFITS.BODY.P035,12
PASSION24.TEXT.PROMISES_BENEFITS:body,PASSION24.TEXT.PROMISES_BENEFITS.BODY.P053,230,«,1,OUTER_DIVINE_OPEN_WRAPPER_HIDE,PASSION24.TEXT.PROMISES_BENEFITS.BODY.P053,308
PASSION24.TEXT.PROMISES_BENEFITS:body,PASSION24.TEXT.PROMISES_BENEFITS.BODY.P053,308,»,1,OUTER_DIVINE_CLOSE_WRAPPER_HIDE,PASSION24.TEXT.PROMISES_BENEFITS.BODY.P053,230
PASSION24.TEXT.PROMISES_BENEFITS:body,PASSION24.TEXT.PROMISES_BENEFITS.BODY.P054,12,«,1,REPORTED_QUOTE_KEEP,PASSION24.TEXT.PROMISES_BENEFITS.BODY.P055,21
PASSION24.TEXT.PROMISES_BENEFITS:body,PASSION24.TEXT.PROMISES_BENEFITS.BODY.P055,21,»,1,REPORTED_QUOTE_KEEP,PASSION24.TEXT.PROMISES_BENEFITS.BODY.P054,12
PASSION24.TEXT.PROMISES_BENEFITS:body,PASSION24.TEXT.PROMISES_BENEFITS.BODY.P055,35,«,1,OUTER_DIVINE_OPEN_WRAPPER_HIDE,PASSION24.TEXT.PROMISES_BENEFITS.BODY.P055,391
PASSION24.TEXT.PROMISES_BENEFITS:body,PASSION24.TEXT.PROMISES_BENEFITS.BODY.P055,391,»,1,OUTER_DIVINE_CLOSE_WRAPPER_HIDE,PASSION24.TEXT.PROMISES_BENEFITS.BODY.P055,35
PASSION24.TEXT.PROMISES_BENEFITS:body,PASSION24.TEXT.PROMISES_BENEFITS.BODY.P075,0,«,1,OUTER_DIVINE_OPEN_WRAPPER_HIDE,PASSION24.TEXT.PROMISES_BENEFITS.BODY.P082,202
PASSION24.TEXT.PROMISES_BENEFITS:body,PASSION24.TEXT.PROMISES_BENEFITS.BODY.P082,202,»,1,OUTER_DIVINE_CLOSE_WRAPPER_HIDE,PASSION24.TEXT.PROMISES_BENEFITS.BODY.P075,0
PASSION24.TEXT.PROMISES_BENEFITS:body,PASSION24.TEXT.PROMISES_BENEFITS.BODY.P085,121,«,1,OUTER_DIVINE_OPEN_WRAPPER_HIDE,PASSION24.TEXT.PROMISES_BENEFITS.BODY.P089,91
PASSION24.TEXT.PROMISES_BENEFITS:body,PASSION24.TEXT.PROMISES_BENEFITS.BODY.P089,91,»,1,OUTER_DIVINE_CLOSE_WRAPPER_HIDE,PASSION24.TEXT.PROMISES_BENEFITS.BODY.P085,121
PASSION24.TEXT.PROMISES_BENEFITS:body,PASSION24.TEXT.PROMISES_BENEFITS.BODY.P091,64,«,1,OUTER_DIVINE_OPEN_WRAPPER_HIDE,PASSION24.TEXT.PROMISES_BENEFITS.BODY.P097,194
PASSION24.TEXT.PROMISES_BENEFITS:body,PASSION24.TEXT.PROMISES_BENEFITS.BODY.P097,194,»,1,OUTER_DIVINE_CLOSE_WRAPPER_HIDE,PASSION24.TEXT.PROMISES_BENEFITS.BODY.P091,64
PASSION24.TEXT.PROMISES_BENEFITS:body,PASSION24.TEXT.PROMISES_BENEFITS.BODY.P097,208,«,1,OUTER_DIVINE_OPEN_WRAPPER_HIDE,PASSION24.TEXT.PROMISES_BENEFITS.BODY.P098,61
PASSION24.TEXT.PROMISES_BENEFITS:body,PASSION24.TEXT.PROMISES_BENEFITS.BODY.P098,61,»,1,OUTER_DIVINE_CLOSE_WRAPPER_HIDE,PASSION24.TEXT.PROMISES_BENEFITS.BODY.P097,208
PASSION24.TEXT.PROMISES_BENEFITS:body,PASSION24.TEXT.PROMISES_BENEFITS.BODY.P101,40,«,1,OUTER_DIVINE_OPEN_WRAPPER_HIDE,PASSION24.TEXT.PROMISES_BENEFITS.BODY.P101,118
PASSION24.TEXT.PROMISES_BENEFITS:body,PASSION24.TEXT.PROMISES_BENEFITS.BODY.P101,118,»,1,OUTER_DIVINE_CLOSE_WRAPPER_HIDE,PASSION24.TEXT.PROMISES_BENEFITS.BODY.P101,40
PASSION24.TEXT.PROMISES_BENEFITS:body,PASSION24.TEXT.PROMISES_BENEFITS.BODY.P102,12,«,1,NARRATIVE_QUOTE_KEEP,PASSION24.TEXT.PROMISES_BENEFITS.BODY.P102,87
PASSION24.TEXT.PROMISES_BENEFITS:body,PASSION24.TEXT.PROMISES_BENEFITS.BODY.P102,87,»,1,NARRATIVE_QUOTE_KEEP,PASSION24.TEXT.PROMISES_BENEFITS.BODY.P102,12
PASSION24.TEXT.PROMISES_BENEFITS:body,PASSION24.TEXT.PROMISES_BENEFITS.BODY.P103,12,«,1,OUTER_DIVINE_OPEN_WRAPPER_HIDE,PASSION24.TEXT.PROMISES_BENEFITS.BODY.P103,368
PASSION24.TEXT.PROMISES_BENEFITS:body,PASSION24.TEXT.PROMISES_BENEFITS.BODY.P103,368,»,1,OUTER_DIVINE_CLOSE_WRAPPER_HIDE,PASSION24.TEXT.PROMISES_BENEFITS.BODY.P103,12
PASSION24.TEXT.PROMISES_BENEFITS:body,PASSION24.TEXT.PROMISES_BENEFITS.BODY.P105,12,«,1,OUTER_DIVINE_OPEN_WRAPPER_HIDE,PASSION24.TEXT.PROMISES_BENEFITS.BODY.P111,216
PASSION24.TEXT.PROMISES_BENEFITS:body,PASSION24.TEXT.PROMISES_BENEFITS.BODY.P111,216,»,1,OUTER_DIVINE_CLOSE_WRAPPER_HIDE,PASSION24.TEXT.PROMISES_BENEFITS.BODY.P105,12
PASSION24.TEXT.PROMISES_BENEFITS:body,PASSION24.TEXT.PROMISES_BENEFITS.BODY.P113,59,«,1,OUTER_DIVINE_OPEN_WRAPPER_HIDE,PASSION24.TEXT.PROMISES_BENEFITS.BODY.P115,150
PASSION24.TEXT.PROMISES_BENEFITS:body,PASSION24.TEXT.PROMISES_BENEFITS.BODY.P115,150,»,1,OUTER_DIVINE_CLOSE_WRAPPER_HIDE,PASSION24.TEXT.PROMISES_BENEFITS.BODY.P113,59
PASSION24.TEXT.PROMISES_BENEFITS:body,PASSION24.TEXT.PROMISES_BENEFITS.BODY.P117,59,«,1,QUOTED_FORMULA_OR_TITLE_KEEP,PASSION24.TEXT.PROMISES_BENEFITS.BODY.P117,77
PASSION24.TEXT.PROMISES_BENEFITS:body,PASSION24.TEXT.PROMISES_BENEFITS.BODY.P117,77,»,1,QUOTED_FORMULA_OR_TITLE_KEEP,PASSION24.TEXT.PROMISES_BENEFITS.BODY.P117,59
PASSION24.TEXT.PROMISES_BENEFITS:body,PASSION24.TEXT.PROMISES_BENEFITS.BODY.P120,69,«,1,OUTER_DIVINE_OPEN_WRAPPER_HIDE,PASSION24.TEXT.PROMISES_BENEFITS.BODY.P126,133
PASSION24.TEXT.PROMISES_BENEFITS:body,PASSION24.TEXT.PROMISES_BENEFITS.BODY.P126,133,»,1,OUTER_DIVINE_CLOSE_WRAPPER_HIDE,PASSION24.TEXT.PROMISES_BENEFITS.BODY.P120,69
PASSION24.TEXT.PROMISES_BENEFITS:body,PASSION24.TEXT.PROMISES_BENEFITS.BODY.P128,99,«,1,OUTER_DIVINE_OPEN_WRAPPER_HIDE,PASSION24.TEXT.PROMISES_BENEFITS.BODY.P131,156
PASSION24.TEXT.PROMISES_BENEFITS:body,PASSION24.TEXT.PROMISES_BENEFITS.BODY.P131,156,»,1,OUTER_DIVINE_CLOSE_WRAPPER_HIDE,PASSION24.TEXT.PROMISES_BENEFITS.BODY.P128,99
PASSION24.TEXT.PROMISES_BENEFITS:body,PASSION24.TEXT.PROMISES_BENEFITS.BODY.P131,178,«,1,OUTER_DIVINE_OPEN_WRAPPER_HIDE,PASSION24.TEXT.PROMISES_BENEFITS.BODY.P134,77
PASSION24.TEXT.PROMISES_BENEFITS:body,PASSION24.TEXT.PROMISES_BENEFITS.BODY.P134,77,»,1,OUTER_DIVINE_CLOSE_WRAPPER_HIDE,PASSION24.TEXT.PROMISES_BENEFITS.BODY.P131,178
PASSION24.TEXT.PROMISES_BENEFITS:body,PASSION24.TEXT.PROMISES_BENEFITS.BODY.P138,229,«,1,OUTER_DIVINE_OPEN_WRAPPER_HIDE,PASSION24.TEXT.PROMISES_BENEFITS.BODY.P144,139
PASSION24.TEXT.PROMISES_BENEFITS:body,PASSION24.TEXT.PROMISES_BENEFITS.BODY.P144,139,»,1,OUTER_DIVINE_CLOSE_WRAPPER_HIDE,PASSION24.TEXT.PROMISES_BENEFITS.BODY.P138,229
PASSION24.TEXT.PROMISES_BENEFITS:body,PASSION24.TEXT.PROMISES_BENEFITS.BODY.P148,63,«,1,OUTER_DIVINE_OPEN_WRAPPER_HIDE,PASSION24.TEXT.PROMISES_BENEFITS.BODY.P154,187
PASSION24.TEXT.PROMISES_BENEFITS:body,PASSION24.TEXT.PROMISES_BENEFITS.BODY.P154,187,»,1,OUTER_DIVINE_CLOSE_WRAPPER_HIDE,PASSION24.TEXT.PROMISES_BENEFITS.BODY.P148,63
PASSION24.TEXT.PROMISES_BENEFITS:body,PASSION24.TEXT.PROMISES_BENEFITS.BODY.P157,27,«,1,OUTER_DIVINE_OPEN_WRAPPER_HIDE,PASSION24.TEXT.PROMISES_BENEFITS.BODY.P158,330
PASSION24.TEXT.PROMISES_BENEFITS:body,PASSION24.TEXT.PROMISES_BENEFITS.BODY.P158,330,»,1,OUTER_DIVINE_CLOSE_WRAPPER_HIDE,PASSION24.TEXT.PROMISES_BENEFITS.BODY.P157,27
PASSION24.TEXT.PROMISES_BENEFITS:body,PASSION24.TEXT.PROMISES_BENEFITS.BODY.P160,20,«,1,REPORTED_QUOTE_KEEP,PASSION24.TEXT.PROMISES_BENEFITS.BODY.P161,108
PASSION24.TEXT.PROMISES_BENEFITS:body,PASSION24.TEXT.PROMISES_BENEFITS.BODY.P161,108,»,1,REPORTED_QUOTE_KEEP,PASSION24.TEXT.PROMISES_BENEFITS.BODY.P160,20
PASSION24.TEXT.PROMISES_BENEFITS:body,PASSION24.TEXT.PROMISES_BENEFITS.BODY.P162,33,«,1,NARRATIVE_QUOTE_KEEP,PASSION24.TEXT.PROMISES_BENEFITS.BODY.P162,261
PASSION24.TEXT.PROMISES_BENEFITS:body,PASSION24.TEXT.PROMISES_BENEFITS.BODY.P162,261,»,1,NARRATIVE_QUOTE_KEEP,PASSION24.TEXT.PROMISES_BENEFITS.BODY.P162,33
PASSION24.TEXT.PROMISES_BENEFITS:body,PASSION24.TEXT.PROMISES_BENEFITS.BODY.P164,12,«,1,OUTER_DIVINE_OPEN_WRAPPER_HIDE,PASSION24.TEXT.PROMISES_BENEFITS.BODY.P168,100
PASSION24.TEXT.PROMISES_BENEFITS:body,PASSION24.TEXT.PROMISES_BENEFITS.BODY.P168,100,»,1,OUTER_DIVINE_CLOSE_WRAPPER_HIDE,PASSION24.TEXT.PROMISES_BENEFITS.BODY.P164,12
PASSION24.TEXT.PROMISES_BENEFITS:body,PASSION24.TEXT.PROMISES_BENEFITS.BODY.P170,107,«,1,OUTER_DIVINE_OPEN_WRAPPER_HIDE,PASSION24.TEXT.PROMISES_BENEFITS.BODY.P171,251
PASSION24.TEXT.PROMISES_BENEFITS:body,PASSION24.TEXT.PROMISES_BENEFITS.BODY.P171,251,»,1,OUTER_DIVINE_CLOSE_WRAPPER_HIDE,PASSION24.TEXT.PROMISES_BENEFITS.BODY.P170,107
PASSION24.SECTION.BENEFITS,PASSION24.SECTION.BENEFITS.P051,107,»,0,OUTER_DIVINE_CLOSE_WRAPPER_HIDE,,
PASSION24.TEXT.PROMISES_BENEFITS:body,PASSION24.TEXT.PROMISES_BENEFITS.BODY.P049,107,»,0,OUTER_DIVINE_CLOSE_WRAPPER_HIDE,,
